257,0.998821,0.048544,0.000839,-0.023370,0.046735,-0.956636,-0.287513,0.037687,-0.013154,0.287214,-0.957776,0.277183,0.000000,0.000000,0.000000,1.000000
453,0.997237,0.032276,-0.066901,0.113044,0.011904,-0.958465,-0.284963,-0.088431,-0.073319,0.283379,-0.956201,0.317030,0.000000,0.000000,0.000000,1.000000
539,0.997919,0.050163,-0.040512,-0.156125,0.036110,-0.955305,-0.293408,-0.091586,-0.053419,0.291334,-0.955129,0.330525,0.000000,0.000000,0.000000,1.000000
257,0.998821,0.048544,0.000839,-0.023370,0.046735,-0.956636,-0.287513,0.037687,-0.013154,0.287214,-0.957776,0.277183,0.000000,0.000000,0.000000,1.000000
453,0.997205,0.036257,-0.065325,0.113019,0.015667,-0.956396,-0.291653,-0.088241,-0.073051,0.289814,-0.954291,0.316763,0.000000,0.000000,0.000000,1.000000
539,0.997934,0.052098,-0.037590,-0.156334,0.038973,-0.956093,-0.290461,-0.091702,-0.051072,0.288396,-0.956148,0.330982,0.000000,0.000000,0.000000,1.000000
257,0.998821,0.048544,0.000839,-0.023370,0.046735,-0.956636,-0.287513,0.037687,-0.013154,0.287214,-0.957776,0.277183,0.000000,0.000000,0.000000,1.000000
453,0.997164,0.034945,-0.066656,0.112865,0.013998,-0.956332,-0.291948,-0.088150,-0.073947,0.290187,-0.954109,0.316154,0.000000,0.000000,0.000000,1.000000
539,0.997919,0.050163,-0.040512,-0.156125,0.036110,-0.955305,-0.293408,-0.091586,-0.053419,0.291334,-0.955129,0.330525,0.000000,0.000000,0.000000,1.000000
257,0.998780,0.049382,-0.000545,-0.023299,0.047154,-0.956870,-0.286665,0.037657,-0.014678,0.286289,-0.958031,0.276972,0.000000,0.000000,0.000000,1.000000
453,0.997323,0.031985,-0.065756,0.112864,0.011669,-0.957348,-0.288701,-0.088256,-0.072185,0.287161,-0.955159,0.316327,0.000000,0.000000,0.000000,1.000000
539,0.997561,0.054309,-0.043836,-0.156129,0.039400,-0.956642,-0.288588,-0.091524,-0.057608,0.286158,-0.956449,0.330640,0.000000,0.000000,0.000000,1.000000
257,0.998821,0.048544,0.000839,-0.023370,0.046735,-0.956636,-0.287513,0.037687,-0.013154,0.287214,-0.957776,0.277183,0.000000,0.000000,0.000000,1.000000
453,0.997164,0.034945,-0.066656,0.112865,0.013998,-0.956332,-0.291948,-0.088150,-0.073947,0.290187,-0.954109,0.316154,0.000000,0.000000,0.000000,1.000000
539,0.997561,0.054309,-0.043836,-0.156129,0.039400,-0.956642,-0.288588,-0.091524,-0.057608,0.286158,-0.956449,0.330640,0.000000,0.000000,0.000000,1.000000
257,0.998821,0.048544,0.000839,-0.023370,0.046735,-0.956636,-0.287513,0.037687,-0.013154,0.287214,-0.957776,0.277183,0.000000,0.000000,0.000000,1.000000
453,0.997014,0.039741,-0.066203,0.112606,0.018037,-0.953528,-0.300764,-0.088048,-0.075079,0.298672,-0.951398,0.315659,0.000000,0.000000,0.000000,1.000000
539,0.997776,0.052747,-0.040751,-0.156173,0.038399,-0.954597,-0.295415,-0.091399,-0.054483,0.293193,-0.954499,0.330635,0.000000,0.000000,0.000000,1.000000
257,0.998764,0.048622,-0.010292,-0.023404,0.043665,-0.957372,-0.285538,0.037587,-0.023737,0.284736,-0.958312,0.276858,0.000000,0.000000,0.000000,1.000000
453,0.997290,0.035945,-0.064185,0.112839,0.015424,-0.955272,-0.295326,-0.088066,-0.071930,0.293536,-0.953238,0.316062,0.000000,0.000000,0.000000,1.000000
539,0.998029,0.050559,-0.037188,-0.156309,0.037489,-0.955428,-0.292834,-0.091700,-0.050336,0.290862,-0.955440,0.331241,0.000000,0.000000,0.000000,1.000000
257,0.998862,0.047660,0.001804,-0.023355,0.046191,-0.957275,-0.285465,0.037739,-0.011879,0.285223,-0.958388,0.277046,0.000000,0.000000,0.000000,1.000000
453,0.997014,0.039741,-0.066203,0.112606,0.018037,-0.953528,-0.300764,-0.088048,-0.075079,0.298672,-0.951398,0.315659,0.000000,0.000000,0.000000,1.000000
539,0.997595,0.053873,-0.043612,-0.156456,0.039168,-0.957267,-0.286541,-0.091661,-0.057185,0.284144,-0.957075,0.331176,0.000000,0.000000,0.000000,1.000000
257,0.998821,0.048544,0.000839,-0.023370,0.046735,-0.956636,-0.287513,0.037687,-0.013154,0.287214,-0.957776,0.277183,0.000000,0.000000,0.000000,1.000000
453,0.997290,0.035945,-0.064185,0.112839,0.015424,-0.955272,-0.295326,-0.088066,-0.071930,0.293536,-0.953238,0.316062,0.000000,0.000000,0.000000,1.000000
539,0.997946,0.052232,-0.037085,-0.156292,0.039292,-0.956337,-0.289612,-0.091604,-0.050593,0.287560,-0.956426,0.331195,0.000000,0.000000,0.000000,1.000000
257,0.998821,0.048544,0.000839,-0.023370,0.046735,-0.956636,-0.287513,0.037687,-0.013154,0.287214,-0.957776,0.277183,0.000000,0.000000,0.000000,1.000000
453,0.997164,0.034945,-0.066656,0.112865,0.013998,-0.956332,-0.291948,-0.088150,-0.073947,0.290187,-0.954109,0.316154,0.000000,0.000000,0.000000,1.000000
539,0.997434,0.053893,-0.047127,-0.155943,0.038018,-0.956517,-0.289190,-0.091409,-0.060663,0.286656,-0.956111,0.329922,0.000000,0.000000,0.000000,1.000000
257,0.998821,0.048544,0.000839,-0.023370,0.046735,-0.956636,-0.287513,0.037687,-0.013154,0.287214,-0.957776,0.277183,0.000000,0.000000,0.000000,1.000000
453,0.997164,0.034945,-0.066656,0.112865,0.013998,-0.956332,-0.291948,-0.088150,-0.073947,0.290187,-0.954109,0.316154,0.000000,0.000000,0.000000,1.000000
539,0.997613,0.053781,-0.043301,-0.156224,0.038980,-0.956322,-0.289706,-0.091505,-0.056990,0.287327,-0.956136,0.330549,0.000000,0.000000,0.000000,1.000000
257,0.998764,0.048622,-0.010292,-0.023404,0.043665,-0.957372,-0.285538,0.037587,-0.023737,0.284736,-0.958312,0.276858,0.000000,0.000000,0.000000,1.000000
453,0.997164,0.034945,-0.066656,0.112865,0.013998,-0.956332,-0.291948,-0.088150,-0.073947,0.290187,-0.954109,0.316154,0.000000,0.000000,0.000000,1.000000
539,0.998096,0.048653,-0.037906,-0.156466,0.035643,-0.956578,-0.289288,-0.091768,-0.050335,0.287386,-0.956491,0.331255,0.000000,0.000000,0.000000,1.000000
257,0.998821,0.048544,0.000839,-0.023370,0.046735,-0.956636,-0.287513,0.037687,-0.013154,0.287214,-0.957776,0.277183,0.000000,0.000000,0.000000,1.000000
453,0.997164,0.034945,-0.066656,0.112865,0.013998,-0.956332,-0.291948,-0.088150,-0.073947,0.290187,-0.954109,0.316154,0.000000,0.000000,0.000000,1.000000
539,0.997561,0.054309,-0.043836,-0.156129,0.039400,-0.956642,-0.288588,-0.091524,-0.057608,0.286158,-0.956449,0.330640,0.000000,0.000000,0.000000,1.000000
257,0.998862,0.047660,0.001804,-0.023355,0.046191,-0.957275,-0.285465,0.037739,-0.011879,0.285223,-0.958388,0.277046,0.000000,0.000000,0.000000,1.000000
453,0.997290,0.035945,-0.064185,0.112839,0.015424,-0.955272,-0.295326,-0.088066,-0.071930,0.293536,-0.953238,0.316062,0.000000,0.000000,0.000000,1.000000
539,0.997561,0.054309,-0.043836,-0.156129,0.039400,-0.956642,-0.288588,-0.091524,-0.057608,0.286158,-0.956449,0.330640,0.000000,0.000000,0.000000,1.000000
257,0.998764,0.048622,-0.010292,-0.023404,0.043665,-0.957372,-0.285538,0.037587,-0.023737,0.284736,-0.958312,0.276858,0.000000,0.000000,0.000000,1.000000
453,0.997164,0.034945,-0.066656,0.112865,0.013998,-0.956332,-0.291948,-0.088150,-0.073947,0.290187,-0.954109,0.316154,0.000000,0.000000,0.000000,1.000000
539,0.998016,0.050427,-0.037686,-0.156352,0.037174,-0.955184,-0.293671,-0.091798,-0.050806,0.291687,-0.955163,0.331029,0.000000,0.000000,0.000000,1.000000
257,0.998821,0.048544,0.000839,-0.023370,0.046735,-0.956636,-0.287513,0.037687,-0.013154,0.287214,-0.957776,0.277183,0.000000,0.000000,0.000000,1.000000
453,0.997164,0.034945,-0.066656,0.112865,0.013998,-0.956332,-0.291948,-0.088150,-0.073947,0.290187,-0.954109,0.316154,0.000000,0.000000,0.000000,1.000000
539,0.997904,0.050246,-0.040787,-0.156358,0.036286,-0.956260,-0.290258,-0.091743,-0.053587,0.288170,-0.956079,0.331156,0.000000,0.000000,0.000000,1.000000
257,0.998862,0.047660,0.001804,-0.023355,0.046191,-0.957275,-0.285465,0.037739,-0.011879,0.285223,-0.958388,0.277046,0.000000,0.000000,0.000000,1.000000
453,0.997290,0.035945,-0.064185,0.112839,0.015424,-0.955272,-0.295326,-0.088066,-0.071930,0.293536,-0.953238,0.316062,0.000000,0.000000,0.000000,1.000000
539,0.998083,0.048732,-0.038163,-0.155911,0.035457,-0.955511,-0.292816,-0.091588,-0.050735,0.290902,-0.955407,0.330540,0.000000,0.000000,0.000000,1.000000
257,0.998821,0.048544,0.000839,-0.023370,0.046735,-0.956636,-0.287513,0.037687,-0.013154,0.287214,-0.957776,0.277183,0.000000,0.000000,0.000000,1.000000
453,0.997290,0.035945,-0.064185,0.112839,0.015424,-0.955272,-0.295326,-0.088066,-0.071930,0.293536,-0.953238,0.316062,0.000000,0.000000,0.000000,1.000000
539,0.997840,0.054372,-0.036871,-0.156403,0.041249,-0.955372,-0.292511,-0.091675,-0.051130,0.290359,-0.955551,0.331141,0.000000,0.000000,0.000000,1.000000
257,0.998821,0.048544,0.000839,-0.023370,0.046735,-0.956636,-0.287513,0.037687,-0.013154,0.287214,-0.957776,0.277183,0.000000,0.000000,0.000000,1.000000
453,0.997290,0.035945,-0.064185,0.112839,0.015424,-0.955272,-0.295326,-0.088066,-0.071930,0.293536,-0.953238,0.316062,0.000000,0.000000,0.000000,1.000000
539,0.998130,0.050730,-0.034107,-0.156299,0.038380,-0.954336,-0.296260,-0.091754,-0.047578,0.294397,-0.954498,0.331108,0.000000,0.000000,0.000000,1.000000
257,0.998772,0.049443,-0.003001,-0.023329,0.046397,-0.955021,-0.292885,0.037666,-0.017347,0.292387,-0.956143,0.277204,0.000000,0.000000,0.000000,1.000000
453,0.997164,0.034945,-0.066656,0.112865,0.013998,-0.956332,-0.291948,-0.088150,-0.073947,0.290187,-0.954109,0.316154,0.000000,0.000000,0.000000,1.000000
539,0.997857,0.050564,-0.041526,-0.156074,0.036214,-0.955392,-0.293112,-0.091703,-0.054495,0.290980,-0.955176,0.330407,0.000000,0.000000,0.000000,1.000000
257,0.998720,0.050158,0.006597,-0.023224,0.049877,-0.954433,-0.294229,0.037732,-0.008461,0.294181,-0.955712,0.277300,0.000000,0.000000,0.000000,1.000000
453,0.997164,0.034945,-0.066656,0.112865,0.013998,-0.956332,-0.291948,-0.088150,-0.073947,0.290187,-0.954109,0.316154,0.000000,0.000000,0.000000,1.000000
539,0.998230,0.048587,-0.034301,-0.156188,0.036417,-0.955303,-0.293376,-0.091683,-0.047022,0.291608,-0.955381,0.331161,0.000000,0.000000,0.000000,1.000000
257,0.998862,0.047660,0.001804,-0.023355,0.046191,-0.957275,-0.285465,0.037739,-0.011879,0.285223,-0.958388,0.277046,0.000000,0.000000,0.000000,1.000000
453,0.997014,0.039741,-0.066203,0.112606,0.018037,-0.953528,-0.300764,-0.088048,-0.075079,0.298672,-0.951398,0.315659,0.000000,0.000000,0.000000,1.000000
539,0.997730,0.054194,-0.039984,-0.156410,0.040366,-0.956448,-0.289098,-0.091620,-0.053910,0.286827,-0.956464,0.331268,0.000000,0.000000,0.000000,1.000000
257,0.998873,0.047075,0.006113,-0.023245,0.046778,-0.954232,-0.295386,0.037599,-0.008072,0.295339,-0.955358,0.276878,0.000000,0.000000,0.000000,1.000000
453,0.997290,0.035945,-0.064185,0.112839,0.015424,-0.955272,-0.295326,-0.088066,-0.071930,0.293536,-0.953238,0.316062,0.000000,0.000000,0.000000,1.000000
539,0.997845,0.050838,-0.041482,-0.156330,0.036560,-0.955756,-0.291880,-0.091467,-0.054486,0.289735,-0.955555,0.330649,0.000000,0.000000,0.000000,1.000000
257,0.998764,0.048622,-0.010292,-0.023404,0.043665,-0.957372,-0.285538,0.037587,-0.023737,0.284736,-0.958312,0.276858,0.000000,0.000000,0.000000,1.000000
453,0.997164,0.034945,-0.066656,0.112865,0.013998,-0.956332,-0.291948,-0.088150,-0.073947,0.290187,-0.954109,0.316154,0.000000,0.000000,0.000000,1.000000
539,0.997984,0.050874,-0.037954,-0.156023,0.037415,-0.954550,-0.295692,-0.091660,-0.051272,0.293676,-0.954529,0.330489,0.000000,0.000000,0.000000,1.000000
257,0.998821,0.048544,0.000839,-0.023370,0.046735,-0.956636,-0.287513,0.037687,-0.013154,0.287214,-0.957776,0.277183,0.000000,0.000000,0.000000,1.000000
453,0.997164,0.034945,-0.066656,0.112865,0.013998,-0.956332,-0.291948,-0.088150,-0.073947,0.290187,-0.954109,0.316154,0.000000,0.000000,0.000000,1.000000
539,0.997984,0.050874,-0.037954,-0.156023,0.037415,-0.954550,-0.295692,-0.091660,-0.051272,0.293676,-0.954529,0.330489,0.000000,0.000000,0.000000,1.000000
257,0.998821,0.048544,0.000839,-0.023370,0.046735,-0.956636,-0.287513,0.037687,-0.013154,0.287214,-0.957776,0.277183,0.000000,0.000000,0.000000,1.000000
453,0.997014,0.039741,-0.066203,0.112606,0.018037,-0.953528,-0.300764,-0.088048,-0.075079,0.298672,-0.951398,0.315659,0.000000,0.000000,0.000000,1.000000
539,0.997829,0.050924,-0.041769,-0.156563,0.036740,-0.956708,-0.288720,-0.091623,-0.054664,0.286558,-0.956502,0.331278,0.000000,0.000000,0.000000,1.000000
257,0.998871,0.047234,-0.005049,-0.023282,0.043686,-0.955153,-0.292872,0.037504,-0.018656,0.292321,-0.956138,0.276574,0.000000,0.000000,0.000000,1.000000
453,0.997164,0.034945,-0.066656,0.112865,0.013998,-0.956332,-0.291948,-0.088150,-0.073947,0.290187,-0.954109,0.316154,0.000000,0.000000,0.000000,1.000000
539,0.998187,0.048905,-0.035089,-0.155902,0.036347,-0.954422,-0.296238,-0.091642,-0.047977,0.294425,-0.954469,0.330408,0.000000,0.000000,0.000000,1.000000
257,0.998818,0.048559,-0.002220,-0.023315,0.045813,-0.955645,-0.290937,0.037717,-0.016249,0.290491,-0.956740,0.277066,0.000000,0.000000,0.000000,1.000000
453,0.997164,0.034945,-0.066656,0.112865,0.013998,-0.956332,-0.291948,-0.088150,-0.073947,0.290187,-0.954109,0.316154,0.000000,0.000000,0.000000,1.000000
539,0.998083,0.048732,-0.038163,-0.155911,0.035457,-0.955511,-0.292816,-0.091588,-0.050735,0.290902,-0.955407,0.330540,0.000000,0.000000,0.000000,1.000000
257,0.998772,0.049443,-0.003001,-0.023329,0.046397,-0.955021,-0.292885,0.037666,-0.017347,0.292387,-0.956143,0.277204,0.000000,0.000000,0.000000,1.000000
453,0.997014,0.039741,-0.066203,0.112606,0.018037,-0.953528,-0.300764,-0.088048,-0.075079,0.298672,-0.951398,0.315659,0.000000,0.000000,0.000000,1.000000
539,0.997991,0.050784,-0.037887,-0.156053,0.037335,-0.954477,-0.295938,-0.091382,-0.051192,0.293929,-0.954456,0.330558,0.000000,0.000000,0.000000,1.000000
257,0.998742,0.047766,0.015256,-0.023140,0.050142,-0.953472,-0.297281,0.037658,0.000346,0.297672,-0.954668,0.276948,0.000000,0.000000,0.000000,1.000000
453,0.997164,0.034945,-0.066656,0.112865,0.013998,-0.956332,-0.291948,-0.088150,-0.073947,0.290187,-0.954109,0.316154,0.000000,0.000000,0.000000,1.000000
539,0.997984,0.050874,-0.037954,-0.156023,0.037415,-0.954550,-0.295692,-0.091660,-0.051272,0.293676,-0.954529,0.330489,0.000000,0.000000,0.000000,1.000000
257,0.998821,0.048544,0.000839,-0.023370,0.046735,-0.956636,-0.287513,0.037687,-0.013154,0.287214,-0.957776,0.277183,0.000000,0.000000,0.000000,1.000000
453,0.997164,0.034945,-0.066656,0.112865,0.013998,-0.956332,-0.291948,-0.088150,-0.073947,0.290187,-0.954109,0.316154,0.000000,0.000000,0.000000,1.000000
539,0.998083,0.048732,-0.038163,-0.155911,0.035457,-0.955511,-0.292816,-0.091588,-0.050735,0.290902,-0.955407,0.330540,0.000000,0.000000,0.000000,1.000000
257,0.998862,0.047660,0.001804,-0.023355,0.046191,-0.957275,-0.285465,0.037739,-0.011879,0.285223,-0.958388,0.277046,0.000000,0.000000,0.000000,1.000000
453,0.997183,0.036795,-0.065355,0.112607,0.015722,-0.954576,-0.297551,-0.088155,-0.073334,0.295686,-0.952466,0.315838,0.000000,0.000000,0.000000,1.000000
539,0.998062,0.051412,-0.035071,-0.156506,0.038827,-0.954792,-0.294727,-0.091636,-0.048638,0.292794,-0.954938,0.331235,0.000000,0.000000,0.000000,1.000000
257,0.998873,0.047075,0.006113,-0.023245,0.046778,-0.954232,-0.295386,0.037599,-0.008072,0.295339,-0.955358,0.276878,0.000000,0.000000,0.000000,1.000000
453,0.997290,0.035945,-0.064185,0.112839,0.015424,-0.955272,-0.295326,-0.088066,-0.071930,0.293536,-0.953238,0.316062,0.000000,0.000000,0.000000,1.000000
539,0.997901,0.052538,-0.037846,-0.156006,0.039211,-0.955463,-0.292495,-0.091564,-0.051528,0.290397,-0.955518,0.330444,0.000000,0.000000,0.000000,1.000000
257,0.998840,0.047941,0.004427,-0.023177,0.047117,-0.954462,-0.294587,0.037568,-0.009898,0.294454,-0.955614,0.276666,0.000000,0.000000,0.000000,1.000000
453,0.997164,0.034945,-0.066656,0.112865,0.013998,-0.956332,-0.291948,-0.088150,-0.073947,0.290187,-0.954109,0.316154,0.000000,0.000000,0.000000,1.000000
539,0.997976,0.050870,-0.038148,-0.156288,0.037510,-0.955441,-0.292790,-0.091540,-0.051343,0.290766,-0.955416,0.331191,0.000000,0.000000,0.000000,1.000000
257,0.998862,0.047660,0.001804,-0.023355,0.046191,-0.957275,-0.285465,0.037739,-0.011879,0.285223,-0.958388,0.277046,0.000000,0.000000,0.000000,1.000000
453,0.996885,0.038757,-0.068696,0.112631,0.016617,-0.954599,-0.297431,-0.088132,-0.077104,0.295363,-0.952269,0.315751,0.000000,0.000000,0.000000,1.000000
539,0.997580,0.054221,-0.043533,-0.155897,0.039213,-0.955694,-0.291738,-0.091369,-0.057422,0.289325,-0.955507,0.330014,0.000000,0.000000,0.000000,1.000000
257,0.998772,0.049443,-0.003001,-0.023329,0.046397,-0.955021,-0.292885,0.037666,-0.017347,0.292387,-0.956143,0.277204,0.000000,0.000000,0.000000,1.000000
453,0.997164,0.034945,-0.066656,0.112865,0.013998,-0.956332,-0.291948,-0.088150,-0.073947,0.290187,-0.954109,0.316154,0.000000,0.000000,0.000000,1.000000
539,0.997886,0.050612,-0.040769,-0.155797,0.036350,-0.954674,-0.295425,-0.091449,-0.053873,0.293319,-0.954496,0.329988,0.000000,0.000000,0.000000,1.000000
257,0.998772,0.049443,-0.003001,-0.023329,0.046397,-0.955021,-0.292885,0.037666,-0.017347,0.292387,-0.956143,0.277204,0.000000,0.000000,0.000000,1.000000
453,0.997164,0.034945,-0.066656,0.112865,0.013998,-0.956332,-0.291948,-0.088150,-0.073947,0.290187,-0.954109,0.316154,0.000000,0.000000,0.000000,1.000000
539,0.997815,0.051002,-0.041995,-0.156010,0.036547,-0.955646,-0.292242,-0.091445,-0.055037,0.290069,-0.955422,0.330567,0.000000,0.000000,0.000000,1.000000
257,0.998821,0.048544,0.000839,-0.023370,0.046735,-0.956636,-0.287513,0.037687,-0.013154,0.287214,-0.957776,0.277183,0.000000,0.000000,0.000000,1.000000
453,0.996885,0.038757,-0.068696,0.112631,0.016617,-0.954599,-0.297431,-0.088132,-0.077104,0.295363,-0.952269,0.315751,0.000000,0.000000,0.000000,1.000000
539,0.998078,0.049016,-0.037919,-0.155904,0.035712,-0.954992,-0.294475,-0.091473,-0.050647,0.292554,-0.954907,0.330085,0.000000,0.000000,0.000000,1.000000
257,0.998847,0.047989,0.001309,-0.023124,0.046205,-0.953605,-0.297494,0.037601,-0.013028,0.297212,-0.954723,0.276555,0.000000,0.000000,0.000000,1.000000
453,0.997164,0.034945,-0.066656,0.112865,0.013998,-0.956332,-0.291948,-0.088150,-0.073947,0.290187,-0.954109,0.316154,0.000000,0.000000,0.000000,1.000000
539,0.997984,0.050874,-0.037954,-0.156023,0.037415,-0.954550,-0.295692,-0.091660,-0.051272,0.293676,-0.954529,0.330489,0.000000,0.000000,0.000000,1.000000
257,0.998823,0.048497,0.000453,-0.023284,0.046621,-0.957523,-0.284563,0.037709,-0.013367,0.284249,-0.958657,0.276836,0.000000,0.000000,0.000000,1.000000
453,0.997164,0.034945,-0.066656,0.112865,0.013998,-0.956332,-0.291948,-0.088150,-0.073947,0.290187,-0.954109,0.316154,0.000000,0.000000,0.000000,1.000000
539,0.997984,0.050874,-0.037954,-0.156023,0.037415,-0.954550,-0.295692,-0.091660,-0.051272,0.293676,-0.954529,0.330489,0.000000,0.000000,0.000000,1.000000
257,0.998862,0.047660,0.001804,-0.023355,0.046191,-0.957275,-0.285465,0.037739,-0.011879,0.285223,-0.958388,0.277046,0.000000,0.000000,0.000000,1.000000
453,0.996885,0.038757,-0.068696,0.112631,0.016617,-0.954599,-0.297431,-0.088132,-0.077104,0.295363,-0.952269,0.315751,0.000000,0.000000,0.000000,1.000000
539,0.997984,0.050874,-0.037954,-0.156023,0.037415,-0.954550,-0.295692,-0.091660,-0.051272,0.293676,-0.954529,0.330489,0.000000,0.000000,0.000000,1.000000
257,0.998873,0.047075,0.006113,-0.023245,0.046778,-0.954232,-0.295386,0.037599,-0.008072,0.295339,-0.955358,0.276878,0.000000,0.000000,0.000000,1.000000
453,0.997014,0.039741,-0.066203,0.112606,0.018037,-0.953528,-0.300764,-0.088048,-0.075079,0.298672,-0.951398,0.315659,0.000000,0.000000,0.000000,1.000000
539,0.997829,0.050924,-0.041769,-0.156563,0.036740,-0.956708,-0.288720,-0.091623,-0.054664,0.286558,-0.956502,0.331278,0.000000,0.000000,0.000000,1.000000
257,0.998780,0.049382,-0.000545,-0.023299,0.047154,-0.956870,-0.286665,0.037657,-0.014678,0.286289,-0.958031,0.276972,0.000000,0.000000,0.000000,1.000000
453,0.997164,0.034945,-0.066656,0.112865,0.013998,-0.956332,-0.291948,-0.088150,-0.073947,0.290187,-0.954109,0.316154,0.000000,0.000000,0.000000,1.000000
539,0.997984,0.050874,-0.037954,-0.156023,0.037415,-0.954550,-0.295692,-0.091660,-0.051272,0.293676,-0.954529,0.330489,0.000000,0.000000,0.000000,1.000000
257,0.998780,0.049382,-0.000545,-0.023299,0.047154,-0.956870,-0.286665,0.037657,-0.014678,0.286289,-0.958031,0.276972,0.000000,0.000000,0.000000,1.000000
453,0.997176,0.036454,-0.065663,0.112846,0.015474,-0.955264,-0.295351,-0.088218,-0.073492,0.293500,-0.953130,0.316098,0.000000,0.000000,0.000000,1.000000
539,0.997886,0.050612,-0.040769,-0.155797,0.036350,-0.954674,-0.295425,-0.091449,-0.053873,0.293319,-0.954496,0.329988,0.000000,0.000000,0.000000,1.000000
257,0.998772,0.049443,-0.003001,-0.023329,0.046397,-0.955021,-0.292885,0.037666,-0.017347,0.292387,-0.956143,0.277204,0.000000,0.000000,0.000000,1.000000
453,0.996885,0.038757,-0.068696,0.112631,0.016617,-0.954599,-0.297431,-0.088132,-0.077104,0.295363,-0.952269,0.315751,0.000000,0.000000,0.000000,1.000000
539,0.998110,0.048568,-0.037648,-0.156231,0.035469,-0.955622,-0.292453,-0.091611,-0.050181,0.290565,-0.955539,0.330623,0.000000,0.000000,0.000000,1.000000
257,0.998669,0.049550,-0.014294,-0.023364,0.043251,-0.955707,-0.291125,0.037563,-0.028086,0.290120,-0.956578,0.276869,0.000000,0.000000,0.000000,1.000000
453,0.997164,0.034945,-0.066656,0.112865,0.013998,-0.956332,-0.291948,-0.088150,-0.073947,0.290187,-0.954109,0.316154,0.000000,0.000000,0.000000,1.000000
539,0.998169,0.049273,-0.035096,-0.156129,0.036772,-0.954867,-0.294749,-0.091684,-0.048035,0.292918,-0.954930,0.330585,0.000000,0.000000,0.000000,1.000000
257,0.998756,0.049286,0.007569,-0.023210,0.049348,-0.955179,-0.291888,0.037787,-0.007156,0.291898,-0.956423,0.277170,0.000000,0.000000,0.000000,1.000000
453,0.997164,0.034945,-0.066656,0.112865,0.013998,-0.956332,-0.291948,-0.088150,-0.073947,0.290187,-0.954109,0.316154,0.000000,0.000000,0.000000,1.000000
539,0.998130,0.050730,-0.034107,-0.156299,0.038380,-0.954336,-0.296260,-0.091754,-0.047578,0.294397,-0.954498,0.331108,0.000000,0.000000,0.000000,1.000000
257,0.998821,0.048544,0.000839,-0.023370,0.046735,-0.956636,-0.287513,0.037687,-0.013154,0.287214,-0.957776,0.277183,0.000000,0.000000,0.000000,1.000000
453,0.997014,0.039741,-0.066203,0.112606,0.018037,-0.953528,-0.300764,-0.088048,-0.075079,0.298672,-0.951398,0.315659,0.000000,0.000000,0.000000,1.000000
539,0.997580,0.054221,-0.043533,-0.155897,0.039213,-0.955694,-0.291738,-0.091369,-0.057422,0.289325,-0.955507,0.330014,0.000000,0.000000,0.000000,1.000000
257,0.998780,0.049382,-0.000545,-0.023299,0.047154,-0.956870,-0.286665,0.037657,-0.014678,0.286289,-0.958031,0.276972,0.000000,0.000000,0.000000,1.000000
453,0.997164,0.034945,-0.066656,0.112865,0.013998,-0.956332,-0.291948,-0.088150,-0.073947,0.290187,-0.954109,0.316154,0.000000,0.000000,0.000000,1.000000
539,0.998169,0.049273,-0.035096,-0.156129,0.036772,-0.954867,-0.294749,-0.091684,-0.048035,0.292918,-0.954930,0.330585,0.000000,0.000000,0.000000,1.000000
257,0.998748,0.048661,0.011640,-0.023100,0.049903,-0.951979,-0.302068,0.037642,-0.003618,0.302270,-0.953215,0.276981,0.000000,0.000000,0.000000,1.000000
453,0.997164,0.034945,-0.066656,0.112865,0.013998,-0.956332,-0.291948,-0.088150,-0.073947,0.290187,-0.954109,0.316154,0.000000,0.000000,0.000000,1.000000
539,0.997683,0.054499,-0.040723,-0.156124,0.040281,-0.955577,-0.291978,-0.091580,-0.054826,0.289661,-0.955558,0.330518,0.000000,0.000000,0.000000,1.000000
257,0.998862,0.047660,0.001804,-0.023355,0.046191,-0.957275,-0.285465,0.037739,-0.011879,0.285223,-0.958388,0.277046,0.000000,0.000000,0.000000,1.000000
453,0.997014,0.039741,-0.066203,0.112606,0.018037,-0.953528,-0.300764,-0.088048,-0.075079,0.298672,-0.951398,0.315659,0.000000,0.000000,0.000000,1.000000
539,0.997845,0.050838,-0.041482,-0.156330,0.036560,-0.955756,-0.291880,-0.091467,-0.054486,0.289735,-0.955555,0.330649,0.000000,0.000000,0.000000,1.000000
257,0.998871,0.047234,-0.005049,-0.023282,0.043686,-0.955153,-0.292872,0.037504,-0.018656,0.292321,-0.956138,0.276574,0.000000,0.000000,0.000000,1.000000
453,0.997164,0.034945,-0.066656,0.112865,0.013998,-0.956332,-0.291948,-0.088150,-0.073947,0.290187,-0.954109,0.316154,0.000000,0.000000,0.000000,1.000000
539,0.997951,0.048704,-0.041488,-0.155954,0.034513,-0.955826,-0.291899,-0.091516,-0.053872,0.289869,-0.955549,0.330001,0.000000,0.000000,0.000000,1.000000
257,0.998732,0.049292,0.010275,-0.023265,0.050157,-0.956070,-0.288815,0.037753,-0.004413,0.288964,-0.957330,0.277275,0.000000,0.000000,0.000000,1.000000
453,0.997164,0.034945,-0.066656,0.112865,0.013998,-0.956332,-0.291948,-0.088150,-0.073947,0.290187,-0.954109,0.316154,0.000000,0.000000,0.000000,1.000000
539,0.997871,0.050692,-0.041037,-0.156031,0.036525,-0.955632,-0.292291,-0.091605,-0.054033,0.290170,-0.955449,0.330618,0.000000,0.000000,0.000000,1.000000
257,0.998821,0.048544,0.000839,-0.023370,0.046735,-0.956636,-0.287513,0.037687,-0.013154,0.287214,-0.957776,0.277183,0.000000,0.000000,0.000000,1.000000
453,0.996885,0.038757,-0.068696,0.112631,0.016617,-0.954599,-0.297431,-0.088132,-0.077104,0.295363,-0.952269,0.315751,0.000000,0.000000,0.000000,1.000000
539,0.997984,0.050874,-0.037954,-0.156023,0.037415,-0.954550,-0.295692,-0.091660,-0.051272,0.293676,-0.954529,0.330489,0.000000,0.000000,0.000000,1.000000
257,0.998815,0.047727,-0.009490,-0.023390,0.043075,-0.957904,-0.283838,0.037636,-0.022637,0.283093,-0.958825,0.276714,0.000000,0.000000,0.000000,1.000000
453,0.997164,0.034945,-0.066656,0.112865,0.013998,-0.956332,-0.291948,-0.088150,-0.073947,0.290187,-0.954109,0.316154,0.000000,0.000000,0.000000,1.000000
539,0.997984,0.050874,-0.037954,-0.156023,0.037415,-0.954550,-0.295692,-0.091660,-0.051272,0.293676,-0.954529,0.330489,0.000000,0.000000,0.000000,1.000000
257,0.998884,0.047132,0.002973,-0.023193,0.045875,-0.953442,-0.298067,0.037634,-0.011214,0.297871,-0.954540,0.276772,0.000000,0.000000,0.000000,1.000000
453,0.997164,0.034945,-0.066656,0.112865,0.013998,-0.956332,-0.291948,-0.088150,-0.073947,0.290187,-0.954109,0.316154,0.000000,0.000000,0.000000,1.000000
539,0.998187,0.048905,-0.035089,-0.155902,0.036347,-0.954422,-0.296238,-0.091642,-0.047977,0.294425,-0.954469,0.330408,0.000000,0.000000,0.000000,1.000000
257,0.998821,0.048544,0.000839,-0.023370,0.046735,-0.956636,-0.287513,0.037687,-0.013154,0.287214,-0.957776,0.277183,0.000000,0.000000,0.000000,1.000000
453,0.996885,0.038757,-0.068696,0.112631,0.016617,-0.954599,-0.297431,-0.088132,-0.077104,0.295363,-0.952269,0.315751,0.000000,0.000000,0.000000,1.000000
539,0.997972,0.051151,-0.037900,-0.156280,0.037762,-0.954919,-0.294456,-0.091424,-0.051253,0.292428,-0.954913,0.330733,0.000000,0.000000,0.000000,1.000000
257,0.998780,0.049382,-0.000545,-0.023299,0.047154,-0.956870,-0.286665,0.037657,-0.014678,0.286289,-0.958031,0.276972,0.000000,0.000000,0.000000,1.000000
453,0.996897,0.040247,-0.067646,0.112611,0.018085,-0.953519,-0.300790,-0.088199,-0.076608,0.298633,-0.951288,0.315691,0.000000,0.000000,0.000000,1.000000
539,0.997857,0.050564,-0.041526,-0.156074,0.036214,-0.955392,-0.293112,-0.091703,-0.054495,0.290980,-0.955176,0.330407,0.000000,0.000000,0.000000,1.000000
257,0.998720,0.050158,0.006597,-0.023224,0.049877,-0.954433,-0.294229,0.037732,-0.008461,0.294181,-0.955712,0.277300,0.000000,0.000000,0.000000,1.000000
453,0.997164,0.034945,-0.066656,0.112865,0.013998,-0.956332,-0.291948,-0.088150,-0.073947,0.290187,-0.954109,0.316154,0.000000,0.000000,0.000000,1.000000
539,0.998361,0.047299,-0.032223,-0.156006,0.035701,-0.954735,-0.295308,-0.091666,-0.044732,0.293673,-0.954859,0.330502,0.000000,0.000000,0.000000,1.000000
257,0.998862,0.047660,0.001804,-0.023355,0.046191,-0.957275,-0.285465,0.037739,-0.011879,0.285223,-0.958388,0.277046,0.000000,0.000000,0.000000,1.000000
453,0.996885,0.038757,-0.068696,0.112631,0.016617,-0.954599,-0.297431,-0.088132,-0.077104,0.295363,-0.952269,0.315751,0.000000,0.000000,0.000000,1.000000
539,0.997840,0.054372,-0.036871,-0.156403,0.041249,-0.955372,-0.292511,-0.091675,-0.051130,0.290359,-0.955551,0.331141,0.000000,0.000000,0.000000,1.000000
257,0.998764,0.048622,-0.010292,-0.023404,0.043665,-0.957372,-0.285538,0.037587,-0.023737,0.284736,-0.958312,0.276858,0.000000,0.000000,0.000000,1.000000
453,0.997164,0.034945,-0.066656,0.112865,0.013998,-0.956332,-0.291948,-0.088150,-0.073947,0.290187,-0.954109,0.316154,0.000000,0.000000,0.000000,1.000000
539,0.997919,0.050163,-0.040512,-0.156125,0.036110,-0.955305,-0.293408,-0.091586,-0.053419,0.291334,-0.955129,0.330525,0.000000,0.000000,0.000000,1.000000
257,0.998726,0.050275,-0.004404,-0.023259,0.046793,-0.955174,-0.292323,0.037633,-0.018903,0.291745,-0.956309,0.276987,0.000000,0.000000,0.000000,1.000000
453,0.997379,0.036575,-0.062435,0.112991,0.016795,-0.956298,-0.291913,-0.088320,-0.070383,0.290099,-0.954405,0.316243,0.000000,0.000000,0.000000,1.000000
539,0.997984,0.050874,-0.037954,-0.156023,0.037415,-0.954550,-0.295692,-0.091660,-0.051272,0.293676,-0.954529,0.330489,0.000000,0.000000,0.000000,1.000000
257,0.998732,0.049292,0.010275,-0.023265,0.050157,-0.956070,-0.288815,0.037753,-0.004413,0.288964,-0.957330,0.277275,0.000000,0.000000,0.000000,1.000000
453,0.997164,0.034945,-0.066656,0.112865,0.013998,-0.956332,-0.291948,-0.088150,-0.073947,0.290187,-0.954109,0.316154,0.000000,0.000000,0.000000,1.000000
539,0.998102,0.047669,-0.038998,-0.155899,0.033938,-0.954083,-0.297612,-0.091408,-0.051394,0.295724,-0.953890,0.330079,0.000000,0.000000,0.000000,1.000000
257,0.998873,0.047075,0.006113,-0.023245,0.046778,-0.954232,-0.295386,0.037599,-0.008072,0.295339,-0.955358,0.276878,0.000000,0.000000,0.000000,1.000000
453,0.996885,0.038757,-0.068696,0.112631,0.016617,-0.954599,-0.297431,-0.088132,-0.077104,0.295363,-0.952269,0.315751,0.000000,0.000000,0.000000,1.000000
539,0.998051,0.048969,-0.038671,-0.156181,0.035572,-0.955708,-0.292158,-0.091728,-0.051265,0.290213,-0.955588,0.330505,0.000000,0.000000,0.000000,1.000000
257,0.998726,0.050275,-0.004404,-0.023259,0.046793,-0.955174,-0.292323,0.037633,-0.018903,0.291745,-0.956309,0.276987,0.000000,0.000000,0.000000,1.000000
453,0.997164,0.034945,-0.066656,0.112865,0.013998,-0.956332,-0.291948,-0.088150,-0.073947,0.290187,-0.954109,0.316154,0.000000,0.000000,0.000000,1.000000
539,0.998083,0.048732,-0.038163,-0.155911,0.035457,-0.955511,-0.292816,-0.091588,-0.050735,0.290902,-0.955407,0.330540,0.000000,0.000000,0.000000,1.000000
257,0.998764,0.048622,-0.010292,-0.023404,0.043665,-0.957372,-0.285538,0.037587,-0.023737,0.284736,-0.958312,0.276858,0.000000,0.000000,0.000000,1.000000
453,0.997164,0.034945,-0.066656,0.112865,0.013998,-0.956332,-0.291948,-0.088150,-0.073947,0.290187,-0.954109,0.316154,0.000000,0.000000,0.000000,1.000000
539,0.997984,0.050874,-0.037954,-0.156023,0.037415,-0.954550,-0.295692,-0.091660,-0.051272,0.293676,-0.954529,0.330489,0.000000,0.000000,0.000000,1.000000
257,0.998748,0.048661,0.011640,-0.023100,0.049903,-0.951979,-0.302068,0.037642,-0.003618,0.302270,-0.953215,0.276981,0.000000,0.000000,0.000000,1.000000
453,0.996885,0.038757,-0.068696,0.112631,0.016617,-0.954599,-0.297431,-0.088132,-0.077104,0.295363,-0.952269,0.315751,0.000000,0.000000,0.000000,1.000000
539,0.997818,0.052197,-0.040439,-0.156332,0.038342,-0.956645,-0.288721,-0.091531,-0.053756,0.286540,-0.956559,0.330651,0.000000,0.000000,0.000000,1.000000
257,0.998720,0.050158,0.006597,-0.023224,0.049877,-0.954433,-0.294229,0.037732,-0.008461,0.294181,-0.955712,0.277300,0.000000,0.000000,0.000000,1.000000
453,0.997164,0.034945,-0.066656,0.112865,0.013998,-0.956332,-0.291948,-0.088150,-0.073947,0.290187,-0.954109,0.316154,0.000000,0.000000,0.000000,1.000000
539,0.997871,0.050692,-0.041037,-0.156031,0.036525,-0.955632,-0.292291,-0.091605,-0.054033,0.290170,-0.955449,0.330618,0.000000,0.000000,0.000000,1.000000
257,0.998862,0.047660,0.001804,-0.023355,0.046191,-0.957275,-0.285465,0.037739,-0.011879,0.285223,-0.958388,0.277046,0.000000,0.000000,0.000000,1.000000
453,0.996885,0.038757,-0.068696,0.112631,0.016617,-0.954599,-0.297431,-0.088132,-0.077104,0.295363,-0.952269,0.315751,0.000000,0.000000,0.000000,1.000000
539,0.997886,0.050612,-0.040769,-0.155797,0.036350,-0.954674,-0.295425,-0.091449,-0.053873,0.293319,-0.954496,0.329988,0.000000,0.000000,0.000000,1.000000
257,0.998821,0.048544,0.000839,-0.023370,0.046735,-0.956636,-0.287513,0.037687,-0.013154,0.287214,-0.957776,0.277183,0.000000,0.000000,0.000000,1.000000
453,0.997014,0.039741,-0.066203,0.112606,0.018037,-0.953528,-0.300764,-0.088048,-0.075079,0.298672,-0.951398,0.315659,0.000000,0.000000,0.000000,1.000000
539,0.997961,0.052138,-0.036819,-0.156057,0.039112,-0.955379,-0.292780,-0.091447,-0.050441,0.290743,-0.955471,0.330563,0.000000,0.000000,0.000000,1.000000
257,0.998720,0.050158,0.006597,-0.023224,0.049877,-0.954433,-0.294229,0.037732,-0.008461,0.294181,-0.955712,0.277300,0.000000,0.000000,0.000000,1.000000
453,0.997014,0.039741,-0.066203,0.112606,0.018037,-0.953528,-0.300764,-0.088048,-0.075079,0.298672,-0.951398,0.315659,0.000000,0.000000,0.000000,1.000000
539,0.998162,0.049272,-0.035271,-0.156395,0.036867,-0.955760,-0.291829,-0.091564,-0.048090,0.289992,-0.955820,0.331289,0.000000,0.000000,0.000000,1.000000
257,0.998720,0.050158,0.006597,-0.023224,0.049877,-0.954433,-0.294229,0.037732,-0.008461,0.294181,-0.955712,0.277300,0.000000,0.000000,0.000000,1.000000
453,0.997164,0.034945,-0.066656,0.112865,0.013998,-0.956332,-0.291948,-0.088150,-0.073947,0.290187,-0.954109,0.316154,0.000000,0.000000,0.000000,1.000000
539,0.998289,0.045777,-0.036378,-0.156012,0.033038,-0.954918,-0.295026,-0.091547,-0.048243,0.293319,-0.954796,0.330629,0.000000,0.000000,0.000000,1.000000
257,0.998821,0.048544,0.000839,-0.023370,0.046735,-0.956636,-0.287513,0.037687,-0.013154,0.287214,-0.957776,0.277183,0.000000,0.000000,0.000000,1.000000
453,0.997014,0.039741,-0.066203,0.112606,0.018037,-0.953528,-0.300764,-0.088048,-0.075079,0.298672,-0.951398,0.315659,0.000000,0.000000,0.000000,1.000000
539,0.997580,0.054221,-0.043533,-0.155897,0.039213,-0.955694,-0.291738,-0.091369,-0.057422,0.289325,-0.955507,0.330014,0.000000,0.000000,0.000000,1.000000
257,0.998726,0.050275,-0.004404,-0.023259,0.046793,-0.955174,-0.292323,0.037633,-0.018903,0.291745,-0.956309,0.276987,0.000000,0.000000,0.000000,1.000000
453,0.997164,0.034945,-0.066656,0.112865,0.013998,-0.956332,-0.291948,-0.088150,-0.073947,0.290187,-0.954109,0.316154,0.000000,0.000000,0.000000,1.000000
539,0.997901,0.052538,-0.037846,-0.156006,0.039211,-0.955463,-0.292495,-0.091564,-0.051528,0.290397,-0.955518,0.330444,0.000000,0.000000,0.000000,1.000000
257,0.998669,0.049550,-0.014294,-0.023364,0.043251,-0.955707,-0.291125,0.037563,-0.028086,0.290120,-0.956578,0.276869,0.000000,0.000000,0.000000,1.000000
453,0.997164,0.034945,-0.066656,0.112865,0.013998,-0.956332,-0.291948,-0.088150,-0.073947,0.290187,-0.954109,0.316154,0.000000,0.000000,0.000000,1.000000
539,0.998361,0.047299,-0.032223,-0.156006,0.035701,-0.954735,-0.295308,-0.091666,-0.044732,0.293673,-0.954859,0.330502,0.000000,0.000000,0.000000,1.000000
257,0.998818,0.048559,-0.002220,-0.023315,0.045813,-0.955645,-0.290937,0.037717,-0.016249,0.290491,-0.956740,0.277066,0.000000,0.000000,0.000000,1.000000
453,0.997014,0.039741,-0.066203,0.112606,0.018037,-0.953528,-0.300764,-0.088048,-0.075079,0.298672,-0.951398,0.315659,0.000000,0.000000,0.000000,1.000000
539,0.998175,0.049184,-0.035028,-0.156159,0.036695,-0.954795,-0.294992,-0.091407,-0.047954,0.293169,-0.954857,0.330654,0.000000,0.000000,0.000000,1.000000
257,0.998720,0.050158,0.006597,-0.023224,0.049877,-0.954433,-0.294229,0.037732,-0.008461,0.294181,-0.955712,0.277300,0.000000,0.000000,0.000000,1.000000
453,0.997183,0.036795,-0.065355,0.112607,0.015722,-0.954576,-0.297551,-0.088155,-0.073334,0.295686,-0.952466,0.315838,0.000000,0.000000,0.000000,1.000000
539,0.997991,0.050784,-0.037887,-0.156053,0.037335,-0.954477,-0.295938,-0.091382,-0.051192,0.293929,-0.954456,0.330558,0.000000,0.000000,0.000000,1.000000
257,0.998726,0.050275,-0.004404,-0.023259,0.046793,-0.955174,-0.292323,0.037633,-0.018903,0.291745,-0.956309,0.276987,0.000000,0.000000,0.000000,1.000000
453,0.997164,0.034945,-0.066656,0.112865,0.013998,-0.956332,-0.291948,-0.088150,-0.073947,0.290187,-0.954109,0.316154,0.000000,0.000000,0.000000,1.000000
539,0.998187,0.048905,-0.035089,-0.155902,0.036347,-0.954422,-0.296238,-0.091642,-0.047977,0.294425,-0.954469,0.330408,0.000000,0.000000,0.000000,1.000000
257,0.998772,0.049443,-0.003001,-0.023329,0.046397,-0.955021,-0.292885,0.037666,-0.017347,0.292387,-0.956143,0.277204,0.000000,0.000000,0.000000,1.000000
453,0.996885,0.038757,-0.068696,0.112631,0.016617,-0.954599,-0.297431,-0.088132,-0.077104,0.295363,-0.952269,0.315751,0.000000,0.000000,0.000000,1.000000
539,0.997901,0.052538,-0.037846,-0.156006,0.039211,-0.955463,-0.292495,-0.091564,-0.051528,0.290397,-0.955518,0.330444,0.000000,0.000000,0.000000,1.000000
257,0.998818,0.048559,-0.002220,-0.023315,0.045813,-0.955645,-0.290937,0.037717,-0.016249,0.290491,-0.956740,0.277066,0.000000,0.000000,0.000000,1.000000
453,0.996897,0.040564,-0.067460,0.112865,0.018594,-0.954092,-0.298937,-0.088184,-0.076490,0.296756,-0.951885,0.316186,0.000000,0.000000,0.000000,1.000000
539,0.997976,0.050870,-0.038148,-0.156288,0.037510,-0.955441,-0.292790,-0.091540,-0.051343,0.290766,-0.955416,0.331191,0.000000,0.000000,0.000000,1.000000
257,0.998726,0.050275,-0.004404,-0.023259,0.046793,-0.955174,-0.292323,0.037633,-0.018903,0.291745,-0.956309,0.276987,0.000000,0.000000,0.000000,1.000000
453,0.997164,0.034945,-0.066656,0.112865,0.013998,-0.956332,-0.291948,-0.088150,-0.073947,0.290187,-0.954109,0.316154,0.000000,0.000000,0.000000,1.000000
539,0.998187,0.048905,-0.035089,-0.155902,0.036347,-0.954422,-0.296238,-0.091642,-0.047977,0.294425,-0.954469,0.330408,0.000000,0.000000,0.000000,1.000000
257,0.998818,0.048559,-0.002220,-0.023315,0.045813,-0.955645,-0.290937,0.037717,-0.016249,0.290491,-0.956740,0.277066,0.000000,0.000000,0.000000,1.000000
453,0.996885,0.038757,-0.068696,0.112631,0.016617,-0.954599,-0.297431,-0.088132,-0.077104,0.295363,-0.952269,0.315751,0.000000,0.000000,0.000000,1.000000
539,0.997901,0.052538,-0.037846,-0.156006,0.039211,-0.955463,-0.292495,-0.091564,-0.051528,0.290397,-0.955518,0.330444,0.000000,0.000000,0.000000,1.000000
257,0.998772,0.049443,-0.003001,-0.023329,0.046397,-0.955021,-0.292885,0.037666,-0.017347,0.292387,-0.956143,0.277204,0.000000,0.000000,0.000000,1.000000
453,0.997014,0.039741,-0.066203,0.112606,0.018037,-0.953528,-0.300764,-0.088048,-0.075079,0.298672,-0.951398,0.315659,0.000000,0.000000,0.000000,1.000000
539,0.997976,0.050870,-0.038148,-0.156288,0.037510,-0.955441,-0.292790,-0.091540,-0.051343,0.290766,-0.955416,0.331191,0.000000,0.000000,0.000000,1.000000
257,0.998840,0.047941,0.004427,-0.023177,0.047117,-0.954462,-0.294587,0.037568,-0.009898,0.294454,-0.955614,0.276666,0.000000,0.000000,0.000000,1.000000
453,0.997164,0.034945,-0.066656,0.112865,0.013998,-0.956332,-0.291948,-0.088150,-0.073947,0.290187,-0.954109,0.316154,0.000000,0.000000,0.000000,1.000000
539,0.998187,0.048905,-0.035089,-0.155902,0.036347,-0.954422,-0.296238,-0.091642,-0.047977,0.294425,-0.954469,0.330408,0.000000,0.000000,0.000000,1.000000
257,0.998772,0.049443,-0.003001,-0.023329,0.046397,-0.955021,-0.292885,0.037666,-0.017347,0.292387,-0.956143,0.277204,0.000000,0.000000,0.000000,1.000000
453,0.997164,0.034945,-0.066656,0.112865,0.013998,-0.956332,-0.291948,-0.088150,-0.073947,0.290187,-0.954109,0.316154,0.000000,0.000000,0.000000,1.000000
539,0.997788,0.052358,-0.040951,-0.156013,0.038329,-0.956536,-0.289085,-0.091509,-0.054307,0.286876,-0.956427,0.330569,0.000000,0.000000,0.000000,1.000000
257,0.998821,0.048544,0.000839,-0.023370,0.046735,-0.956636,-0.287513,0.037687,-0.013154,0.287214,-0.957776,0.277183,0.000000,0.000000,0.000000,1.000000
453,0.997290,0.035945,-0.064185,0.112839,0.015424,-0.955272,-0.295326,-0.088066,-0.071930,0.293536,-0.953238,0.316062,0.000000,0.000000,0.000000,1.000000
539,0.997815,0.051002,-0.041995,-0.156010,0.036547,-0.955646,-0.292242,-0.091445,-0.055037,0.290069,-0.955422,0.330567,0.000000,0.000000,0.000000,1.000000
257,0.998862,0.047660,0.001804,-0.023355,0.046191,-0.957275,-0.285465,0.037739,-0.011879,0.285223,-0.958388,0.277046,0.000000,0.000000,0.000000,1.000000
453,0.997290,0.035945,-0.064185,0.112839,0.015424,-0.955272,-0.295326,-0.088066,-0.071930,0.293536,-0.953238,0.316062,0.000000,0.000000,0.000000,1.000000
539,0.997683,0.054499,-0.040723,-0.156124,0.040281,-0.955577,-0.291978,-0.091580,-0.054826,0.289661,-0.955558,0.330518,0.000000,0.000000,0.000000,1.000000
257,0.998780,0.049382,-0.000545,-0.023299,0.047154,-0.956870,-0.286665,0.037657,-0.014678,0.286289,-0.958031,0.276972,0.000000,0.000000,0.000000,1.000000
453,0.997164,0.034945,-0.066656,0.112865,0.013998,-0.956332,-0.291948,-0.088150,-0.073947,0.290187,-0.954109,0.316154,0.000000,0.000000,0.000000,1.000000
539,0.997886,0.050612,-0.040769,-0.155797,0.036350,-0.954674,-0.295425,-0.091449,-0.053873,0.293319,-0.954496,0.329988,0.000000,0.000000,0.000000,1.000000
257,0.998732,0.049292,0.010275,-0.023265,0.050157,-0.956070,-0.288815,0.037753,-0.004413,0.288964,-0.957330,0.277275,0.000000,0.000000,0.000000,1.000000
453,0.997164,0.034945,-0.066656,0.112865,0.013998,-0.956332,-0.291948,-0.088150,-0.073947,0.290187,-0.954109,0.316154,0.000000,0.000000,0.000000,1.000000
539,0.997871,0.050692,-0.041037,-0.156031,0.036525,-0.955632,-0.292291,-0.091605,-0.054033,0.290170,-0.955449,0.330618,0.000000,0.000000,0.000000,1.000000
257,0.998772,0.049443,-0.003001,-0.023329,0.046397,-0.955021,-0.292885,0.037666,-0.017347,0.292387,-0.956143,0.277204,0.000000,0.000000,0.000000,1.000000
453,0.997014,0.039741,-0.066203,0.112606,0.018037,-0.953528,-0.300764,-0.088048,-0.075079,0.298672,-0.951398,0.315659,0.000000,0.000000,0.000000,1.000000
539,0.997878,0.050602,-0.040973,-0.156061,0.036445,-0.955561,-0.292533,-0.091328,-0.053955,0.290419,-0.955377,0.330686,0.000000,0.000000,0.000000,1.000000
257,0.998821,0.048544,0.000839,-0.023370,0.046735,-0.956636,-0.287513,0.037687,-0.013154,0.287214,-0.957776,0.277183,0.000000,0.000000,0.000000,1.000000
453,0.997290,0.035945,-0.064185,0.112839,0.015424,-0.955272,-0.295326,-0.088066,-0.071930,0.293536,-0.953238,0.316062,0.000000,0.000000,0.000000,1.000000
539,0.997984,0.050874,-0.037954,-0.156023,0.037415,-0.954550,-0.295692,-0.091660,-0.051272,0.293676,-0.954529,0.330489,0.000000,0.000000,0.000000,1.000000
257,0.998726,0.050275,-0.004404,-0.023259,0.046793,-0.955174,-0.292323,0.037633,-0.018903,0.291745,-0.956309,0.276987,0.000000,0.000000,0.000000,1.000000
453,0.997164,0.034945,-0.066656,0.112865,0.013998,-0.956332,-0.291948,-0.088150,-0.073947,0.290187,-0.954109,0.316154,0.000000,0.000000,0.000000,1.000000
539,0.997788,0.052358,-0.040951,-0.156013,0.038329,-0.956536,-0.289085,-0.091509,-0.054307,0.286876,-0.956427,0.330569,0.000000,0.000000,0.000000,1.000000
257,0.998821,0.048544,0.000839,-0.023370,0.046735,-0.956636,-0.287513,0.037687,-0.013154,0.287214,-0.957776,0.277183,0.000000,0.000000,0.000000,1.000000
453,0.997183,0.036795,-0.065355,0.112607,0.015722,-0.954576,-0.297551,-0.088155,-0.073334,0.295686,-0.952466,0.315838,0.000000,0.000000,0.000000,1.000000
539,0.997991,0.050784,-0.037887,-0.156053,0.037335,-0.954477,-0.295938,-0.091382,-0.051192,0.293929,-0.954456,0.330558,0.000000,0.000000,0.000000,1.000000
257,0.998726,0.050275,-0.004404,-0.023259,0.046793,-0.955174,-0.292323,0.037633,-0.018903,0.291745,-0.956309,0.276987,0.000000,0.000000,0.000000,1.000000
453,0.997164,0.034945,-0.066656,0.112865,0.013998,-0.956332,-0.291948,-0.088150,-0.073947,0.290187,-0.954109,0.316154,0.000000,0.000000,0.000000,1.000000
539,0.998187,0.048905,-0.035089,-0.155902,0.036347,-0.954422,-0.296238,-0.091642,-0.047977,0.294425,-0.954469,0.330408,0.000000,0.000000,0.000000,1.000000
257,0.998726,0.050275,-0.004404,-0.023259,0.046793,-0.955174,-0.292323,0.037633,-0.018903,0.291745,-0.956309,0.276987,0.000000,0.000000,0.000000,1.000000
453,0.997164,0.034945,-0.066656,0.112865,0.013998,-0.956332,-0.291948,-0.088150,-0.073947,0.290187,-0.954109,0.316154,0.000000,0.000000,0.000000,1.000000
539,0.997683,0.054499,-0.040723,-0.156124,0.040281,-0.955577,-0.291978,-0.091580,-0.054826,0.289661,-0.955558,0.330518,0.000000,0.000000,0.000000,1.000000
257,0.998862,0.047660,0.001804,-0.023355,0.046191,-0.957275,-0.285465,0.037739,-0.011879,0.285223,-0.958388,0.277046,0.000000,0.000000,0.000000,1.000000
453,0.997014,0.039741,-0.066203,0.112606,0.018037,-0.953528,-0.300764,-0.088048,-0.075079,0.298672,-0.951398,0.315659,0.000000,0.000000,0.000000,1.000000
539,0.997746,0.054100,-0.039699,-0.156176,0.040180,-0.955494,-0.292262,-0.091463,-0.053744,0.290008,-0.955514,0.330638,0.000000,0.000000,0.000000,1.000000
257,0.998726,0.050275,-0.004404,-0.023259,0.046793,-0.955174,-0.292323,0.037633,-0.018903,0.291745,-0.956309,0.276987,0.000000,0.000000,0.000000,1.000000
453,0.997164,0.034945,-0.066656,0.112865,0.013998,-0.956332,-0.291948,-0.088150,-0.073947,0.290187,-0.954109,0.316154,0.000000,0.000000,0.000000,1.000000
539,0.998187,0.048905,-0.035089,-0.155902,0.036347,-0.954422,-0.296238,-0.091642,-0.047977,0.294425,-0.954469,0.330408,0.000000,0.000000,0.000000,1.000000
257,0.998720,0.050158,0.006597,-0.023224,0.049877,-0.954433,-0.294229,0.037732,-0.008461,0.294181,-0.955712,0.277300,0.000000,0.000000,0.000000,1.000000
453,0.997164,0.034945,-0.066656,0.112865,0.013998,-0.956332,-0.291948,-0.088150,-0.073947,0.290187,-0.954109,0.316154,0.000000,0.000000,0.000000,1.000000
539,0.998083,0.048732,-0.038163,-0.155911,0.035457,-0.955511,-0.292816,-0.091588,-0.050735,0.290902,-0.955407,0.330540,0.000000,0.000000,0.000000,1.000000
257,0.998821,0.048544,0.000839,-0.023370,0.046735,-0.956636,-0.287513,0.037687,-0.013154,0.287214,-0.957776,0.277183,0.000000,0.000000,0.000000,1.000000
453,0.997014,0.039741,-0.066203,0.112606,0.018037,-0.953528,-0.300764,-0.088048,-0.075079,0.298672,-0.951398,0.315659,0.000000,0.000000,0.000000,1.000000
539,0.998081,0.051041,-0.035057,-0.156279,0.038400,-0.954348,-0.296218,-0.091594,-0.048576,0.294303,-0.954477,0.331059,0.000000,0.000000,0.000000,1.000000
257,0.998742,0.047766,0.015256,-0.023140,0.050142,-0.953472,-0.297281,0.037658,0.000346,0.297672,-0.954668,0.276948,0.000000,0.000000,0.000000,1.000000
453,0.997164,0.034945,-0.066656,0.112865,0.013998,-0.956332,-0.291948,-0.088150,-0.073947,0.290187,-0.954109,0.316154,0.000000,0.000000,0.000000,1.000000
539,0.997984,0.050874,-0.037954,-0.156023,0.037415,-0.954550,-0.295692,-0.091660,-0.051272,0.293676,-0.954529,0.330489,0.000000,0.000000,0.000000,1.000000
257,0.998818,0.048559,-0.002220,-0.023315,0.045813,-0.955645,-0.290937,0.037717,-0.016249,0.290491,-0.956740,0.277066,0.000000,0.000000,0.000000,1.000000
453,0.997164,0.034945,-0.066656,0.112865,0.013998,-0.956332,-0.291948,-0.088150,-0.073947,0.290187,-0.954109,0.316154,0.000000,0.000000,0.000000,1.000000
539,0.997768,0.052727,-0.040970,-0.156238,0.038762,-0.956968,-0.287592,-0.091550,-0.054371,0.285362,-0.956876,0.330742,0.000000,0.000000,0.000000,1.000000
257,0.998818,0.048559,-0.002220,-0.023315,0.045813,-0.955645,-0.290937,0.037717,-0.016249,0.290491,-0.956740,0.277066,0.000000,0.000000,0.000000,1.000000
453,0.997014,0.039741,-0.066203,0.112606,0.018037,-0.953528,-0.300764,-0.088048,-0.075079,0.298672,-0.951398,0.315659,0.000000,0.000000,0.000000,1.000000
539,0.997991,0.050784,-0.037887,-0.156053,0.037335,-0.954477,-0.295938,-0.091382,-0.051192,0.293929,-0.954456,0.330558,0.000000,0.000000,0.000000,1.000000
257,0.998748,0.048661,0.011640,-0.023100,0.049903,-0.951979,-0.302068,0.037642,-0.003618,0.302270,-0.953215,0.276981,0.000000,0.000000,0.000000,1.000000
453,0.997164,0.034945,-0.066656,0.112865,0.013998,-0.956332,-0.291948,-0.088150,-0.073947,0.290187,-0.954109,0.316154,0.000000,0.000000,0.000000,1.000000
539,0.998323,0.048749,-0.031229,-0.156176,0.037309,-0.954204,-0.296822,-0.091735,-0.044269,0.295159,-0.954422,0.331024,0.000000,0.000000,0.000000,1.000000
257,0.998773,0.049389,-0.003596,-0.023245,0.046219,-0.955809,-0.290332,0.037685,-0.017776,0.289809,-0.956919,0.276850,0.000000,0.000000,0.000000,1.000000
453,0.997164,0.034945,-0.066656,0.112865,0.013998,-0.956332,-0.291948,-0.088150,-0.073947,0.290187,-0.954109,0.316154,0.000000,0.000000,0.000000,1.000000
539,0.998083,0.048732,-0.038163,-0.155911,0.035457,-0.955511,-0.292816,-0.091588,-0.050735,0.290902,-0.955407,0.330540,0.000000,0.000000,0.000000,1.000000
257,0.998821,0.048544,0.000839,-0.023370,0.046735,-0.956636,-0.287513,0.037687,-0.013154,0.287214,-0.957776,0.277183,0.000000,0.000000,0.000000,1.000000
453,0.996885,0.038757,-0.068696,0.112631,0.016617,-0.954599,-0.297431,-0.088132,-0.077104,0.295363,-0.952269,0.315751,0.000000,0.000000,0.000000,1.000000
539,0.997580,0.054221,-0.043533,-0.155897,0.039213,-0.955694,-0.291738,-0.091369,-0.057422,0.289325,-0.955507,0.330014,0.000000,0.000000,0.000000,1.000000
257,0.998873,0.047075,0.006113,-0.023245,0.046778,-0.954232,-0.295386,0.037599,-0.008072,0.295339,-0.955358,0.276878,0.000000,0.000000,0.000000,1.000000
453,0.997164,0.034945,-0.066656,0.112865,0.013998,-0.956332,-0.291948,-0.088150,-0.073947,0.290187,-0.954109,0.316154,0.000000,0.000000,0.000000,1.000000
539,0.997857,0.050564,-0.041526,-0.156074,0.036214,-0.955392,-0.293112,-0.091703,-0.054495,0.290980,-0.955176,0.330407,0.000000,0.000000,0.000000,1.000000
257,0.998799,0.048176,-0.008965,-0.023242,0.043322,-0.953603,-0.297935,0.037484,-0.022902,0.297189,-0.954544,0.276592,0.000000,0.000000,0.000000,1.000000
453,0.997164,0.034945,-0.066656,0.112865,0.013998,-0.956332,-0.291948,-0.088150,-0.073947,0.290187,-0.954109,0.316154,0.000000,0.000000,0.000000,1.000000
539,0.998089,0.050944,-0.034980,-0.156113,0.038567,-0.955782,-0.291535,-0.091589,-0.048285,0.289628,-0.955920,0.330541,0.000000,0.000000,0.000000,1.000000
257,0.998818,0.048559,-0.002220,-0.023315,0.045813,-0.955645,-0.290937,0.037717,-0.016249,0.290491,-0.956740,0.277066,0.000000,0.000000,0.000000,1.000000
453,0.997164,0.034945,-0.066656,0.112865,0.013998,-0.956332,-0.291948,-0.088150,-0.073947,0.290187,-0.954109,0.316154,0.000000,0.000000,0.000000,1.000000
539,0.997580,0.054221,-0.043533,-0.155897,0.039213,-0.955694,-0.291738,-0.091369,-0.057422,0.289325,-0.955507,0.330014,0.000000,0.000000,0.000000,1.000000
257,0.998821,0.048544,0.000839,-0.023370,0.046735,-0.956636,-0.287513,0.037687,-0.013154,0.287214,-0.957776,0.277183,0.000000,0.000000,0.000000,1.000000
453,0.997164,0.034945,-0.066656,0.112865,0.013998,-0.956332,-0.291948,-0.088150,-0.073947,0.290187,-0.954109,0.316154,0.000000,0.000000,0.000000,1.000000
539,0.998016,0.050427,-0.037686,-0.156352,0.037174,-0.955184,-0.293671,-0.091798,-0.050806,0.291687,-0.955163,0.331029,0.000000,0.000000,0.000000,1.000000
257,0.998748,0.048661,0.011640,-0.023100,0.049903,-0.951979,-0.302068,0.037642,-0.003618,0.302270,-0.953215,0.276981,0.000000,0.000000,0.000000,1.000000
453,0.997164,0.034945,-0.066656,0.112865,0.013998,-0.956332,-0.291948,-0.088150,-0.073947,0.290187,-0.954109,0.316154,0.000000,0.000000,0.000000,1.000000
539,0.998187,0.048905,-0.035089,-0.155902,0.036347,-0.954422,-0.296238,-0.091642,-0.047977,0.294425,-0.954469,0.330408,0.000000,0.000000,0.000000,1.000000
257,0.998862,0.047660,0.001804,-0.023355,0.046191,-0.957275,-0.285465,0.037739,-0.011879,0.285223,-0.958388,0.277046,0.000000,0.000000,0.000000,1.000000
453,0.997164,0.034945,-0.066656,0.112865,0.013998,-0.956332,-0.291948,-0.088150,-0.073947,0.290187,-0.954109,0.316154,0.000000,0.000000,0.000000,1.000000
539,0.997984,0.050874,-0.037954,-0.156023,0.037415,-0.954550,-0.295692,-0.091660,-0.051272,0.293676,-0.954529,0.330489,0.000000,0.000000,0.000000,1.000000
257,0.998772,0.049443,-0.003001,-0.023329,0.046397,-0.955021,-0.292885,0.037666,-0.017347,0.292387,-0.956143,0.277204,0.000000,0.000000,0.000000,1.000000
453,0.997014,0.039741,-0.066203,0.112606,0.018037,-0.953528,-0.300764,-0.088048,-0.075079,0.298672,-0.951398,0.315659,0.000000,0.000000,0.000000,1.000000
539,0.997796,0.051367,-0.042011,-0.156236,0.036977,-0.956081,-0.290761,-0.091486,-0.055101,0.288567,-0.955873,0.330740,0.000000,0.000000,0.000000,1.000000
257,0.998748,0.048661,0.011640,-0.023100,0.049903,-0.951979,-0.302068,0.037642,-0.003618,0.302270,-0.953215,0.276981,0.000000,0.000000,0.000000,1.000000
453,0.997164,0.034945,-0.066656,0.112865,0.013998,-0.956332,-0.291948,-0.088150,-0.073947,0.290187,-0.954109,0.316154,0.000000,0.000000,0.000000,1.000000
539,0.998265,0.047133,-0.035287,-0.156017,0.034813,-0.955826,-0.291864,-0.091613,-0.047485,0.290129,-0.955809,0.330637,0.000000,0.000000,0.000000,1.000000
257,0.998862,0.047660,0.001804,-0.023355,0.046191,-0.957275,-0.285465,0.037739,-0.011879,0.285223,-0.958388,0.277046,0.000000,0.000000,0.000000,1.000000
453,0.997164,0.034945,-0.066656,0.112865,0.013998,-0.956332,-0.291948,-0.088150,-0.073947,0.290187,-0.954109,0.316154,0.000000,0.000000,0.000000,1.000000
539,0.997984,0.050874,-0.037954,-0.156023,0.037415,-0.954550,-0.295692,-0.091660,-0.051272,0.293676,-0.954529,0.330489,0.000000,0.000000,0.000000,1.000000
257,0.998862,0.047660,0.001804,-0.023355,0.046191,-0.957275,-0.285465,0.037739,-0.011879,0.285223,-0.958388,0.277046,0.000000,0.000000,0.000000,1.000000
453,0.997014,0.039741,-0.066203,0.112606,0.018037,-0.953528,-0.300764,-0.088048,-0.075079,0.298672,-0.951398,0.315659,0.000000,0.000000,0.000000,1.000000
539,0.997730,0.054194,-0.039984,-0.156410,0.040366,-0.956448,-0.289098,-0.091620,-0.053910,0.286827,-0.956464,0.331268,0.000000,0.000000,0.000000,1.000000
257,0.998748,0.048661,0.011640,-0.023100,0.049903,-0.951979,-0.302068,0.037642,-0.003618,0.302270,-0.953215,0.276981,0.000000,0.000000,0.000000,1.000000
453,0.997164,0.034945,-0.066656,0.112865,0.013998,-0.956332,-0.291948,-0.088150,-0.073947,0.290187,-0.954109,0.316154,0.000000,0.000000,0.000000,1.000000
539,0.998119,0.049586,-0.036050,-0.156109,0.036793,-0.954881,-0.294702,-0.091525,-0.049037,0.292821,-0.954909,0.330536,0.000000,0.000000,0.000000,1.000000
257,0.998821,0.048544,0.000839,-0.023370,0.046735,-0.956636,-0.287513,0.037687,-0.013154,0.287214,-0.957776,0.277183,0.000000,0.000000,0.000000,1.000000
453,0.997164,0.034945,-0.066656,0.112865,0.013998,-0.956332,-0.291948,-0.088150,-0.073947,0.290187,-0.954109,0.316154,0.000000,0.000000,0.000000,1.000000
539,0.997984,0.050874,-0.037954,-0.156023,0.037415,-0.954550,-0.295692,-0.091660,-0.051272,0.293676,-0.954529,0.330489,0.000000,0.000000,0.000000,1.000000
257,0.998821,0.048544,0.000839,-0.023370,0.046735,-0.956636,-0.287513,0.037687,-0.013154,0.287214,-0.957776,0.277183,0.000000,0.000000,0.000000,1.000000
453,0.996885,0.038757,-0.068696,0.112631,0.016617,-0.954599,-0.297431,-0.088132,-0.077104,0.295363,-0.952269,0.315751,0.000000,0.000000,0.000000,1.000000
539,0.997901,0.052538,-0.037846,-0.156006,0.039211,-0.955463,-0.292495,-0.091564,-0.051528,0.290397,-0.955518,0.330444,0.000000,0.000000,0.000000,1.000000
257,0.998772,0.049443,-0.003001,-0.023329,0.046397,-0.955021,-0.292885,0.037666,-0.017347,0.292387,-0.956143,0.277204,0.000000,0.000000,0.000000,1.000000
453,0.997290,0.035945,-0.064185,0.112839,0.015424,-0.955272,-0.295326,-0.088066,-0.071930,0.293536,-0.953238,0.316062,0.000000,0.000000,0.000000,1.000000
539,0.997683,0.054499,-0.040723,-0.156124,0.040281,-0.955577,-0.291978,-0.091580,-0.054826,0.289661,-0.955558,0.330518,0.000000,0.000000,0.000000,1.000000
257,0.998764,0.048622,-0.010292,-0.023404,0.043665,-0.957372,-0.285538,0.037587,-0.023737,0.284736,-0.958312,0.276858,0.000000,0.000000,0.000000,1.000000
453,0.997164,0.034945,-0.066656,0.112865,0.013998,-0.956332,-0.291948,-0.088150,-0.073947,0.290187,-0.954109,0.316154,0.000000,0.000000,0.000000,1.000000
539,0.998078,0.049016,-0.037919,-0.155904,0.035712,-0.954992,-0.294475,-0.091473,-0.050647,0.292554,-0.954907,0.330085,0.000000,0.000000,0.000000,1.000000
257,0.998720,0.050158,0.006597,-0.023224,0.049877,-0.954433,-0.294229,0.037732,-0.008461,0.294181,-0.955712,0.277300,0.000000,0.000000,0.000000,1.000000
453,0.997164,0.034945,-0.066656,0.112865,0.013998,-0.956332,-0.291948,-0.088150,-0.073947,0.290187,-0.954109,0.316154,0.000000,0.000000,0.000000,1.000000
539,0.998062,0.051412,-0.035071,-0.156506,0.038827,-0.954792,-0.294727,-0.091636,-0.048638,0.292794,-0.954938,0.331235,0.000000,0.000000,0.000000,1.000000
257,0.998764,0.048622,-0.010292,-0.023404,0.043665,-0.957372,-0.285538,0.037587,-0.023737,0.284736,-0.958312,0.276858,0.000000,0.000000,0.000000,1.000000
453,0.996885,0.038757,-0.068696,0.112631,0.016617,-0.954599,-0.297431,-0.088132,-0.077104,0.295363,-0.952269,0.315751,0.000000,0.000000,0.000000,1.000000
539,0.997788,0.052358,-0.040951,-0.156013,0.038329,-0.956536,-0.289085,-0.091509,-0.054307,0.286876,-0.956427,0.330569,0.000000,0.000000,0.000000,1.000000
257,0.998732,0.049292,0.010275,-0.023265,0.050157,-0.956070,-0.288815,0.037753,-0.004413,0.288964,-0.957330,0.277275,0.000000,0.000000,0.000000,1.000000
453,0.997164,0.034945,-0.066656,0.112865,0.013998,-0.956332,-0.291948,-0.088150,-0.073947,0.290187,-0.954109,0.316154,0.000000,0.000000,0.000000,1.000000
539,0.997984,0.050874,-0.037954,-0.156023,0.037415,-0.954550,-0.295692,-0.091660,-0.051272,0.293676,-0.954529,0.330489,0.000000,0.000000,0.000000,1.000000
257,0.998772,0.049443,-0.003001,-0.023329,0.046397,-0.955021,-0.292885,0.037666,-0.017347,0.292387,-0.956143,0.277204,0.000000,0.000000,0.000000,1.000000
453,0.997014,0.039741,-0.066203,0.112606,0.018037,-0.953528,-0.300764,-0.088048,-0.075079,0.298672,-0.951398,0.315659,0.000000,0.000000,0.000000,1.000000
539,0.997785,0.052637,-0.040684,-0.156005,0.038578,-0.956019,-0.290758,-0.091394,-0.054199,0.288544,-0.955931,0.330115,0.000000,0.000000,0.000000,1.000000
257,0.998720,0.050158,0.006597,-0.023224,0.049877,-0.954433,-0.294229,0.037732,-0.008461,0.294181,-0.955712,0.277300,0.000000,0.000000,0.000000,1.000000
453,0.997290,0.035945,-0.064185,0.112839,0.015424,-0.955272,-0.295326,-0.088066,-0.071930,0.293536,-0.953238,0.316062,0.000000,0.000000,0.000000,1.000000
539,0.997683,0.054499,-0.040723,-0.156124,0.040281,-0.955577,-0.291978,-0.091580,-0.054826,0.289661,-0.955558,0.330518,0.000000,0.000000,0.000000,1.000000
257,0.998726,0.050275,-0.004404,-0.023259,0.046793,-0.955174,-0.292323,0.037633,-0.018903,0.291745,-0.956309,0.276987,0.000000,0.000000,0.000000,1.000000
453,0.997164,0.034945,-0.066656,0.112865,0.013998,-0.956332,-0.291948,-0.088150,-0.073947,0.290187,-0.954109,0.316154,0.000000,0.000000,0.000000,1.000000
539,0.997871,0.050692,-0.041037,-0.156031,0.036525,-0.955632,-0.292291,-0.091605,-0.054033,0.290170,-0.955449,0.330618,0.000000,0.000000,0.000000,1.000000
257,0.998732,0.049292,0.010275,-0.023265,0.050157,-0.956070,-0.288815,0.037753,-0.004413,0.288964,-0.957330,0.277275,0.000000,0.000000,0.000000,1.000000
453,0.997164,0.034945,-0.066656,0.112865,0.013998,-0.956332,-0.291948,-0.088150,-0.073947,0.290187,-0.954109,0.316154,0.000000,0.000000,0.000000,1.000000
539,0.997901,0.052538,-0.037846,-0.156006,0.039211,-0.955463,-0.292495,-0.091564,-0.051528,0.290397,-0.955518,0.330444,0.000000,0.000000,0.000000,1.000000
257,0.998772,0.049443,-0.003001,-0.023329,0.046397,-0.955021,-0.292885,0.037666,-0.017347,0.292387,-0.956143,0.277204,0.000000,0.000000,0.000000,1.000000
453,0.997290,0.035945,-0.064185,0.112839,0.015424,-0.955272,-0.295326,-0.088066,-0.071930,0.293536,-0.953238,0.316062,0.000000,0.000000,0.000000,1.000000
539,0.997683,0.054499,-0.040723,-0.156124,0.040281,-0.955577,-0.291978,-0.091580,-0.054826,0.289661,-0.955558,0.330518,0.000000,0.000000,0.000000,1.000000
257,0.998764,0.048622,-0.010292,-0.023404,0.043665,-0.957372,-0.285538,0.037587,-0.023737,0.284736,-0.958312,0.276858,0.000000,0.000000,0.000000,1.000000
453,0.996885,0.038757,-0.068696,0.112631,0.016617,-0.954599,-0.297431,-0.088132,-0.077104,0.295363,-0.952269,0.315751,0.000000,0.000000,0.000000,1.000000
539,0.997984,0.050874,-0.037954,-0.156023,0.037415,-0.954550,-0.295692,-0.091660,-0.051272,0.293676,-0.954529,0.330489,0.000000,0.000000,0.000000,1.000000
257,0.998732,0.049292,0.010275,-0.023265,0.050157,-0.956070,-0.288815,0.037753,-0.004413,0.288964,-0.957330,0.277275,0.000000,0.000000,0.000000,1.000000
453,0.997164,0.034945,-0.066656,0.112865,0.013998,-0.956332,-0.291948,-0.088150,-0.073947,0.290187,-0.954109,0.316154,0.000000,0.000000,0.000000,1.000000
539,0.997805,0.052270,-0.040666,-0.155780,0.038148,-0.955584,-0.292240,-0.091353,-0.054135,0.290047,-0.955480,0.329942,0.000000,0.000000,0.000000,1.000000
257,0.998772,0.049443,-0.003001,-0.023329,0.046397,-0.955021,-0.292885,0.037666,-0.017347,0.292387,-0.956143,0.277204,0.000000,0.000000,0.000000,1.000000
453,0.996885,0.038757,-0.068696,0.112631,0.016617,-0.954599,-0.297431,-0.088132,-0.077104,0.295363,-0.952269,0.315751,0.000000,0.000000,0.000000,1.000000
539,0.998258,0.049435,-0.032190,-0.156384,0.037754,-0.954665,-0.295279,-0.091618,-0.045328,0.293550,-0.954869,0.331154,0.000000,0.000000,0.000000,1.000000
257,0.998821,0.048544,0.000839,-0.023370,0.046735,-0.956636,-0.287513,0.037687,-0.013154,0.287214,-0.957776,0.277183,0.000000,0.000000,0.000000,1.000000
453,0.996885,0.038757,-0.068696,0.112631,0.016617,-0.954599,-0.297431,-0.088132,-0.077104,0.295363,-0.952269,0.315751,0.000000,0.000000,0.000000,1.000000
539,0.998323,0.048749,-0.031229,-0.156176,0.037309,-0.954204,-0.296822,-0.091735,-0.044269,0.295159,-0.954422,0.331024,0.000000,0.000000,0.000000,1.000000
257,0.998764,0.048622,-0.010292,-0.023404,0.043665,-0.957372,-0.285538,0.037587,-0.023737,0.284736,-0.958312,0.276858,0.000000,0.000000,0.000000,1.000000
453,0.997164,0.034945,-0.066656,0.112865,0.013998,-0.956332,-0.291948,-0.088150,-0.073947,0.290187,-0.954109,0.316154,0.000000,0.000000,0.000000,1.000000
539,0.998169,0.049273,-0.035096,-0.156129,0.036772,-0.954867,-0.294749,-0.091684,-0.048035,0.292918,-0.954930,0.330585,0.000000,0.000000,0.000000,1.000000
257,0.998818,0.048559,-0.002220,-0.023315,0.045813,-0.955645,-0.290937,0.037717,-0.016249,0.290491,-0.956740,0.277066,0.000000,0.000000,0.000000,1.000000
453,0.997164,0.034945,-0.066656,0.112865,0.013998,-0.956332,-0.291948,-0.088150,-0.073947,0.290187,-0.954109,0.316154,0.000000,0.000000,0.000000,1.000000
539,0.997840,0.054372,-0.036871,-0.156403,0.041249,-0.955372,-0.292511,-0.091675,-0.051130,0.290359,-0.955551,0.331141,0.000000,0.000000,0.000000,1.000000
257,0.998772,0.049443,-0.003001,-0.023329,0.046397,-0.955021,-0.292885,0.037666,-0.017347,0.292387,-0.956143,0.277204,0.000000,0.000000,0.000000,1.000000
453,0.997014,0.039741,-0.066203,0.112606,0.018037,-0.953528,-0.300764,-0.088048,-0.075079,0.298672,-0.951398,0.315659,0.000000,0.000000,0.000000,1.000000
539,0.998440,0.045542,-0.032312,-0.156050,0.033834,-0.953728,-0.298759,-0.091482,-0.044423,0.297200,-0.953781,0.330609,0.000000,0.000000,0.000000,1.000000
257,0.998780,0.049382,-0.000545,-0.023299,0.047154,-0.956870,-0.286665,0.037657,-0.014678,0.286289,-0.958031,0.276972,0.000000,0.000000,0.000000,1.000000
453,0.997164,0.034945,-0.066656,0.112865,0.013998,-0.956332,-0.291948,-0.088150,-0.073947,0.290187,-0.954109,0.316154,0.000000,0.000000,0.000000,1.000000
539,0.998096,0.048652,-0.037913,-0.155677,0.035287,-0.954550,-0.295955,-0.091431,-0.050589,0.294054,-0.954449,0.329909,0.000000,0.000000,0.000000,1.000000
257,0.998821,0.048544,0.000839,-0.023370,0.046735,-0.956636,-0.287513,0.037687,-0.013154,0.287214,-0.957776,0.277183,0.000000,0.000000,0.000000,1.000000
453,0.997164,0.034945,-0.066656,0.112865,0.013998,-0.956332,-0.291948,-0.088150,-0.073947,0.290187,-0.954109,0.316154,0.000000,0.000000,0.000000,1.000000
539,0.997434,0.053893,-0.047127,-0.155943,0.038018,-0.956517,-0.289190,-0.091409,-0.060663,0.286656,-0.956111,0.329922,0.000000,0.000000,0.000000,1.000000
257,0.998821,0.048544,0.000839,-0.023370,0.046735,-0.956636,-0.287513,0.037687,-0.013154,0.287214,-0.957776,0.277183,0.000000,0.000000,0.000000,1.000000
453,0.997014,0.039741,-0.066203,0.112606,0.018037,-0.953528,-0.300764,-0.088048,-0.075079,0.298672,-0.951398,0.315659,0.000000,0.000000,0.000000,1.000000
539,0.998196,0.047921,-0.036182,-0.156124,0.034999,-0.953955,-0.297901,-0.091619,-0.048792,0.296097,-0.953911,0.330578,0.000000,0.000000,0.000000,1.000000
257,0.998821,0.048544,0.000839,-0.023370,0.046735,-0.956636,-0.287513,0.037687,-0.013154,0.287214,-0.957776,0.277183,0.000000,0.000000,0.000000,1.000000
453,0.997164,0.034945,-0.066656,0.112865,0.013998,-0.956332,-0.291948,-0.088150,-0.073947,0.290187,-0.954109,0.316154,0.000000,0.000000,0.000000,1.000000
539,0.998064,0.049098,-0.038170,-0.156138,0.035885,-0.955951,-0.291325,-0.091630,-0.050792,0.289391,-0.955862,0.330716,0.000000,0.000000,0.000000,1.000000
257,0.998821,0.048544,0.000839,-0.023370,0.046735,-0.956636,-0.287513,0.037687,-0.013154,0.287214,-0.957776,0.277183,0.000000,0.000000,0.000000,1.000000
453,0.996885,0.038757,-0.068696,0.112631,0.016617,-0.954599,-0.297431,-0.088132,-0.077104,0.295363,-0.952269,0.315751,0.000000,0.000000,0.000000,1.000000
539,0.997707,0.050728,-0.044802,-0.155782,0.035483,-0.955761,-0.291995,-0.091233,-0.057632,0.289736,-0.955370,0.330061,0.000000,0.000000,0.000000,1.000000
257,0.998821,0.048544,0.000839,-0.023370,0.046735,-0.956636,-0.287513,0.037687,-0.013154,0.287214,-0.957776,0.277183,0.000000,0.000000,0.000000,1.000000
453,0.997014,0.039741,-0.066203,0.112606,0.018037,-0.953528,-0.300764,-0.088048,-0.075079,0.298672,-0.951398,0.315659,0.000000,0.000000,0.000000,1.000000
539,0.997746,0.054100,-0.039699,-0.156176,0.040180,-0.955494,-0.292262,-0.091463,-0.053744,0.290008,-0.955514,0.330638,0.000000,0.000000,0.000000,1.000000
257,0.998720,0.050158,0.006597,-0.023224,0.049877,-0.954433,-0.294229,0.037732,-0.008461,0.294181,-0.955712,0.277300,0.000000,0.000000,0.000000,1.000000
453,0.997014,0.039741,-0.066203,0.112606,0.018037,-0.953528,-0.300764,-0.088048,-0.075079,0.298672,-0.951398,0.315659,0.000000,0.000000,0.000000,1.000000
539,0.998130,0.050730,-0.034107,-0.156299,0.038380,-0.954336,-0.296260,-0.091754,-0.047578,0.294397,-0.954498,0.331108,0.000000,0.000000,0.000000,1.000000
257,0.998821,0.048544,0.000839,-0.023370,0.046735,-0.956636,-0.287513,0.037687,-0.013154,0.287214,-0.957776,0.277183,0.000000,0.000000,0.000000,1.000000
453,0.997164,0.034945,-0.066656,0.112865,0.013998,-0.956332,-0.291948,-0.088150,-0.073947,0.290187,-0.954109,0.316154,0.000000,0.000000,0.000000,1.000000
539,0.997984,0.050874,-0.037954,-0.156023,0.037415,-0.954550,-0.295692,-0.091660,-0.051272,0.293676,-0.954529,0.330489,0.000000,0.000000,0.000000,1.000000
257,0.998821,0.048544,0.000839,-0.023370,0.046735,-0.956636,-0.287513,0.037687,-0.013154,0.287214,-0.957776,0.277183,0.000000,0.000000,0.000000,1.000000
453,0.997014,0.039741,-0.066203,0.112606,0.018037,-0.953528,-0.300764,-0.088048,-0.075079,0.298672,-0.951398,0.315659,0.000000,0.000000,0.000000,1.000000
539,0.997901,0.052538,-0.037846,-0.156006,0.039211,-0.955463,-0.292495,-0.091564,-0.051528,0.290397,-0.955518,0.330444,0.000000,0.000000,0.000000,1.000000
257,0.998720,0.050158,0.006597,-0.023224,0.049877,-0.954433,-0.294229,0.037732,-0.008461,0.294181,-0.955712,0.277300,0.000000,0.000000,0.000000,1.000000
453,0.997290,0.035945,-0.064185,0.112839,0.015424,-0.955272,-0.295326,-0.088066,-0.071930,0.293536,-0.953238,0.316062,0.000000,0.000000,0.000000,1.000000
539,0.998258,0.049435,-0.032190,-0.156384,0.037754,-0.954665,-0.295279,-0.091618,-0.045328,0.293550,-0.954869,0.331154,0.000000,0.000000,0.000000,1.000000
257,0.998732,0.049292,0.010275,-0.023265,0.050157,-0.956070,-0.288815,0.037753,-0.004413,0.288964,-0.957330,0.277275,0.000000,0.000000,0.000000,1.000000
453,0.997014,0.039741,-0.066203,0.112606,0.018037,-0.953528,-0.300764,-0.088048,-0.075079,0.298672,-0.951398,0.315659,0.000000,0.000000,0.000000,1.000000
539,0.997931,0.051185,-0.038902,-0.156003,0.037436,-0.954564,-0.295646,-0.091500,-0.052267,0.293578,-0.954505,0.330440,0.000000,0.000000,0.000000,1.000000
257,0.998821,0.048544,0.000839,-0.023370,0.046735,-0.956636,-0.287513,0.037687,-0.013154,0.287214,-0.957776,0.277183,0.000000,0.000000,0.000000,1.000000
453,0.997290,0.035945,-0.064185,0.112839,0.015424,-0.955272,-0.295326,-0.088066,-0.071930,0.293536,-0.953238,0.316062,0.000000,0.000000,0.000000,1.000000
539,0.997984,0.050874,-0.037954,-0.156023,0.037415,-0.954550,-0.295692,-0.091660,-0.051272,0.293676,-0.954529,0.330489,0.000000,0.000000,0.000000,1.000000
257,0.998772,0.049443,-0.003001,-0.023329,0.046397,-0.955021,-0.292885,0.037666,-0.017347,0.292387,-0.956143,0.277204,0.000000,0.000000,0.000000,1.000000
453,0.996885,0.038757,-0.068696,0.112631,0.016617,-0.954599,-0.297431,-0.088132,-0.077104,0.295363,-0.952269,0.315751,0.000000,0.000000,0.000000,1.000000
539,0.998230,0.048587,-0.034301,-0.156188,0.036417,-0.955303,-0.293376,-0.091683,-0.047022,0.291608,-0.955381,0.331161,0.000000,0.000000,0.000000,1.000000
257,0.998772,0.049443,-0.003001,-0.023329,0.046397,-0.955021,-0.292885,0.037666,-0.017347,0.292387,-0.956143,0.277204,0.000000,0.000000,0.000000,1.000000
453,0.997014,0.039741,-0.066203,0.112606,0.018037,-0.953528,-0.300764,-0.088048,-0.075079,0.298672,-0.951398,0.315659,0.000000,0.000000,0.000000,1.000000
539,0.998268,0.047154,-0.035171,-0.155946,0.034478,-0.953418,-0.299675,-0.091458,-0.047664,0.297943,-0.953393,0.330516,0.000000,0.000000,0.000000,1.000000
257,0.998821,0.048544,0.000839,-0.023370,0.046735,-0.956636,-0.287513,0.037687,-0.013154,0.287214,-0.957776,0.277183,0.000000,0.000000,0.000000,1.000000
453,0.996885,0.038757,-0.068696,0.112631,0.016617,-0.954599,-0.297431,-0.088132,-0.077104,0.295363,-0.952269,0.315751,0.000000,0.000000,0.000000,1.000000
539,0.998012,0.049411,-0.039133,-0.156117,0.035907,-0.955965,-0.291276,-0.091470,-0.051802,0.289291,-0.955838,0.330666,0.000000,0.000000,0.000000,1.000000
257,0.998772,0.049443,-0.003001,-0.023329,0.046397,-0.955021,-0.292885,0.037666,-0.017347,0.292387,-0.956143,0.277204,0.000000,0.000000,0.000000,1.000000
453,0.997014,0.039741,-0.066203,0.112606,0.018037,-0.953528,-0.300764,-0.088048,-0.075079,0.298672,-0.951398,0.315659,0.000000,0.000000,0.000000,1.000000
539,0.998175,0.049184,-0.035028,-0.156159,0.036695,-0.954795,-0.294992,-0.091407,-0.047954,0.293169,-0.954857,0.330654,0.000000,0.000000,0.000000,1.000000
257,0.998821,0.048544,0.000839,-0.023370,0.046735,-0.956636,-0.287513,0.037687,-0.013154,0.287214,-0.957776,0.277183,0.000000,0.000000,0.000000,1.000000
453,0.997014,0.039741,-0.066203,0.112606,0.018037,-0.953528,-0.300764,-0.088048,-0.075079,0.298672,-0.951398,0.315659,0.000000,0.000000,0.000000,1.000000
539,0.998196,0.047921,-0.036182,-0.156124,0.034999,-0.953955,-0.297901,-0.091619,-0.048792,0.296097,-0.953911,0.330578,0.000000,0.000000,0.000000,1.000000
257,0.998818,0.048559,-0.002220,-0.023315,0.045813,-0.955645,-0.290937,0.037717,-0.016249,0.290491,-0.956740,0.277066,0.000000,0.000000,0.000000,1.000000
453,0.996885,0.038757,-0.068696,0.112631,0.016617,-0.954599,-0.297431,-0.088132,-0.077104,0.295363,-0.952269,0.315751,0.000000,0.000000,0.000000,1.000000
539,0.997805,0.052270,-0.040666,-0.155780,0.038148,-0.955584,-0.292240,-0.091353,-0.054135,0.290047,-0.955480,0.329942,0.000000,0.000000,0.000000,1.000000
257,0.998821,0.048544,0.000839,-0.023370,0.046735,-0.956636,-0.287513,0.037687,-0.013154,0.287214,-0.957776,0.277183,0.000000,0.000000,0.000000,1.000000
453,0.997014,0.039741,-0.066203,0.112606,0.018037,-0.953528,-0.300764,-0.088048,-0.075079,0.298672,-0.951398,0.315659,0.000000,0.000000,0.000000,1.000000
539,0.998026,0.049328,-0.038871,-0.155884,0.035734,-0.955006,-0.294425,-0.091314,-0.051646,0.292455,-0.954884,0.330036,0.000000,0.000000,0.000000,1.000000
257,0.998821,0.048544,0.000839,-0.023370,0.046735,-0.956636,-0.287513,0.037687,-0.013154,0.287214,-0.957776,0.277183,0.000000,0.000000,0.000000,1.000000
453,0.997014,0.039741,-0.066203,0.112606,0.018037,-0.953528,-0.300764,-0.088048,-0.075079,0.298672,-0.951398,0.315659,0.000000,0.000000,0.000000,1.000000
539,0.998175,0.049184,-0.035028,-0.156159,0.036695,-0.954795,-0.294992,-0.091407,-0.047954,0.293169,-0.954857,0.330654,0.000000,0.000000,0.000000,1.000000
257,0.998732,0.049292,0.010275,-0.023265,0.050157,-0.956070,-0.288815,0.037753,-0.004413,0.288964,-0.957330,0.277275,0.000000,0.000000,0.000000,1.000000
453,0.997014,0.039741,-0.066203,0.112606,0.018037,-0.953528,-0.300764,-0.088048,-0.075079,0.298672,-0.951398,0.315659,0.000000,0.000000,0.000000,1.000000
539,0.997901,0.052538,-0.037846,-0.156006,0.039211,-0.955463,-0.292495,-0.091564,-0.051528,0.290397,-0.955518,0.330444,0.000000,0.000000,0.000000,1.000000
257,0.998821,0.048544,0.000839,-0.023370,0.046735,-0.956636,-0.287513,0.037687,-0.013154,0.287214,-0.957776,0.277183,0.000000,0.000000,0.000000,1.000000
453,0.997014,0.039741,-0.066203,0.112606,0.018037,-0.953528,-0.300764,-0.088048,-0.075079,0.298672,-0.951398,0.315659,0.000000,0.000000,0.000000,1.000000
539,0.998048,0.052400,-0.033982,-0.156283,0.040176,-0.955254,-0.293046,-0.091659,-0.047817,0.291108,-0.955494,0.331064,0.000000,0.000000,0.000000,1.000000
257,0.998821,0.048544,0.000839,-0.023370,0.046735,-0.956636,-0.287513,0.037687,-0.013154,0.287214,-0.957776,0.277183,0.000000,0.000000,0.000000,1.000000
453,0.997290,0.035945,-0.064185,0.112839,0.015424,-0.955272,-0.295326,-0.088066,-0.071930,0.293536,-0.953238,0.316062,0.000000,0.000000,0.000000,1.000000
539,0.997580,0.054221,-0.043533,-0.155897,0.039213,-0.955694,-0.291738,-0.091369,-0.057422,0.289325,-0.955507,0.330014,0.000000,0.000000,0.000000,1.000000
257,0.998732,0.049292,0.010275,-0.023265,0.050157,-0.956070,-0.288815,0.037753,-0.004413,0.288964,-0.957330,0.277275,0.000000,0.000000,0.000000,1.000000
453,0.997014,0.039741,-0.066203,0.112606,0.018037,-0.953528,-0.300764,-0.088048,-0.075079,0.298672,-0.951398,0.315659,0.000000,0.000000,0.000000,1.000000
539,0.998258,0.049435,-0.032190,-0.156384,0.037754,-0.954665,-0.295279,-0.091618,-0.045328,0.293550,-0.954869,0.331154,0.000000,0.000000,0.000000,1.000000
257,0.998772,0.049443,-0.003001,-0.023329,0.046397,-0.955021,-0.292885,0.037666,-0.017347,0.292387,-0.956143,0.277204,0.000000,0.000000,0.000000,1.000000
453,0.996885,0.038757,-0.068696,0.112631,0.016617,-0.954599,-0.297431,-0.088132,-0.077104,0.295363,-0.952269,0.315751,0.000000,0.000000,0.000000,1.000000
539,0.998335,0.047763,-0.032339,-0.156398,0.035960,-0.953734,-0.298494,-0.091712,-0.045100,0.296834,-0.953863,0.331194,0.000000,0.000000,0.000000,1.000000
257,0.998821,0.048544,0.000839,-0.023370,0.046735,-0.956636,-0.287513,0.037687,-0.013154,0.287214,-0.957776,0.277183,0.000000,0.000000,0.000000,1.000000
453,0.996885,0.038757,-0.068696,0.112631,0.016617,-0.954599,-0.297431,-0.088132,-0.077104,0.295363,-0.952269,0.315751,0.000000,0.000000,0.000000,1.000000
539,0.997901,0.052538,-0.037846,-0.156006,0.039211,-0.955463,-0.292495,-0.091564,-0.051528,0.290397,-0.955518,0.330444,0.000000,0.000000,0.000000,1.000000
257,0.998720,0.050158,0.006597,-0.023224,0.049877,-0.954433,-0.294229,0.037732,-0.008461,0.294181,-0.955712,0.277300,0.000000,0.000000,0.000000,1.000000
453,0.997014,0.039741,-0.066203,0.112606,0.018037,-0.953528,-0.300764,-0.088048,-0.075079,0.298672,-0.951398,0.315659,0.000000,0.000000,0.000000,1.000000
539,0.998162,0.049272,-0.035271,-0.156395,0.036867,-0.955760,-0.291829,-0.091564,-0.048090,0.289992,-0.955820,0.331289,0.000000,0.000000,0.000000,1.000000
257,0.998732,0.049292,0.010275,-0.023265,0.050157,-0.956070,-0.288815,0.037753,-0.004413,0.288964,-0.957330,0.277275,0.000000,0.000000,0.000000,1.000000
453,0.997290,0.035945,-0.064185,0.112839,0.015424,-0.955272,-0.295326,-0.088066,-0.071930,0.293536,-0.953238,0.316062,0.000000,0.000000,0.000000,1.000000
539,0.998026,0.049328,-0.038871,-0.155884,0.035734,-0.955006,-0.294425,-0.091314,-0.051646,0.292455,-0.954884,0.330036,0.000000,0.000000,0.000000,1.000000
257,0.998818,0.048559,-0.002220,-0.023315,0.045813,-0.955645,-0.290937,0.037717,-0.016249,0.290491,-0.956740,0.277066,0.000000,0.000000,0.000000,1.000000
453,0.997164,0.034945,-0.066656,0.112865,0.013998,-0.956332,-0.291948,-0.088150,-0.073947,0.290187,-0.954109,0.316154,0.000000,0.000000,0.000000,1.000000
539,0.997840,0.054372,-0.036871,-0.156403,0.041249,-0.955372,-0.292511,-0.091675,-0.051130,0.290359,-0.955551,0.331141,0.000000,0.000000,0.000000,1.000000
257,0.998821,0.048544,0.000839,-0.023370,0.046735,-0.956636,-0.287513,0.037687,-0.013154,0.287214,-0.957776,0.277183,0.000000,0.000000,0.000000,1.000000
453,0.997290,0.035945,-0.064185,0.112839,0.015424,-0.955272,-0.295326,-0.088066,-0.071930,0.293536,-0.953238,0.316062,0.000000,0.000000,0.000000,1.000000
539,0.998026,0.049328,-0.038871,-0.155884,0.035734,-0.955006,-0.294425,-0.091314,-0.051646,0.292455,-0.954884,0.330036,0.000000,0.000000,0.000000,1.000000
257,0.998772,0.049443,-0.003001,-0.023329,0.046397,-0.955021,-0.292885,0.037666,-0.017347,0.292387,-0.956143,0.277204,0.000000,0.000000,0.000000,1.000000
453,0.997164,0.034945,-0.066656,0.112865,0.013998,-0.956332,-0.291948,-0.088150,-0.073947,0.290187,-0.954109,0.316154,0.000000,0.000000,0.000000,1.000000
539,0.997785,0.052637,-0.040684,-0.156005,0.038578,-0.956019,-0.290758,-0.091394,-0.054199,0.288544,-0.955931,0.330115,0.000000,0.000000,0.000000,1.000000
257,0.998821,0.048544,0.000839,-0.023370,0.046735,-0.956636,-0.287513,0.037687,-0.013154,0.287214,-0.957776,0.277183,0.000000,0.000000,0.000000,1.000000
453,0.997014,0.039741,-0.066203,0.112606,0.018037,-0.953528,-0.300764,-0.088048,-0.075079,0.298672,-0.951398,0.315659,0.000000,0.000000,0.000000,1.000000
539,0.997976,0.050870,-0.038148,-0.156288,0.037510,-0.955441,-0.292790,-0.091540,-0.051343,0.290766,-0.955416,0.331191,0.000000,0.000000,0.000000,1.000000
257,0.998772,0.049443,-0.003001,-0.023329,0.046397,-0.955021,-0.292885,0.037666,-0.017347,0.292387,-0.956143,0.277204,0.000000,0.000000,0.000000,1.000000
453,0.996885,0.038757,-0.068696,0.112631,0.016617,-0.954599,-0.297431,-0.088132,-0.077104,0.295363,-0.952269,0.315751,0.000000,0.000000,0.000000,1.000000
539,0.998258,0.049435,-0.032190,-0.156384,0.037754,-0.954665,-0.295279,-0.091618,-0.045328,0.293550,-0.954869,0.331154,0.000000,0.000000,0.000000,1.000000
257,0.998772,0.049443,-0.003001,-0.023329,0.046397,-0.955021,-0.292885,0.037666,-0.017347,0.292387,-0.956143,0.277204,0.000000,0.000000,0.000000,1.000000
453,0.996885,0.038757,-0.068696,0.112631,0.016617,-0.954599,-0.297431,-0.088132,-0.077104,0.295363,-0.952269,0.315751,0.000000,0.000000,0.000000,1.000000
539,0.998078,0.049016,-0.037919,-0.155904,0.035712,-0.954992,-0.294475,-0.091473,-0.050647,0.292554,-0.954907,0.330085,0.000000,0.000000,0.000000,1.000000
257,0.998862,0.047660,0.001804,-0.023355,0.046191,-0.957275,-0.285465,0.037739,-0.011879,0.285223,-0.958388,0.277046,0.000000,0.000000,0.000000,1.000000
453,0.997014,0.039741,-0.066203,0.112606,0.018037,-0.953528,-0.300764,-0.088048,-0.075079,0.298672,-0.951398,0.315659,0.000000,0.000000,0.000000,1.000000
539,0.997946,0.052232,-0.037085,-0.156292,0.039292,-0.956337,-0.289612,-0.091604,-0.050593,0.287560,-0.956426,0.331195,0.000000,0.000000,0.000000,1.000000
257,0.998772,0.049443,-0.003001,-0.023329,0.046397,-0.955021,-0.292885,0.037666,-0.017347,0.292387,-0.956143,0.277204,0.000000,0.000000,0.000000,1.000000
453,0.997290,0.035945,-0.064185,0.112839,0.015424,-0.955272,-0.295326,-0.088066,-0.071930,0.293536,-0.953238,0.316062,0.000000,0.000000,0.000000,1.000000
539,0.998187,0.048905,-0.035089,-0.155902,0.036347,-0.954422,-0.296238,-0.091642,-0.047977,0.294425,-0.954469,0.330408,0.000000,0.000000,0.000000,1.000000
257,0.998821,0.048544,0.000839,-0.023370,0.046735,-0.956636,-0.287513,0.037687,-0.013154,0.287214,-0.957776,0.277183,0.000000,0.000000,0.000000,1.000000
453,0.997164,0.034945,-0.066656,0.112865,0.013998,-0.956332,-0.291948,-0.088150,-0.073947,0.290187,-0.954109,0.316154,0.000000,0.000000,0.000000,1.000000
539,0.998064,0.049098,-0.038170,-0.156138,0.035885,-0.955951,-0.291325,-0.091630,-0.050792,0.289391,-0.955862,0.330716,0.000000,0.000000,0.000000,1.000000
257,0.998862,0.047660,0.001804,-0.023355,0.046191,-0.957275,-0.285465,0.037739,-0.011879,0.285223,-0.958388,0.277046,0.000000,0.000000,0.000000,1.000000
453,0.997014,0.039741,-0.066203,0.112606,0.018037,-0.953528,-0.300764,-0.088048,-0.075079,0.298672,-0.951398,0.315659,0.000000,0.000000,0.000000,1.000000
539,0.998258,0.049435,-0.032190,-0.156384,0.037754,-0.954665,-0.295279,-0.091618,-0.045328,0.293550,-0.954869,0.331154,0.000000,0.000000,0.000000,1.000000
257,0.998669,0.049550,-0.014294,-0.023364,0.043251,-0.955707,-0.291125,0.037563,-0.028086,0.290120,-0.956578,0.276869,0.000000,0.000000,0.000000,1.000000
453,0.997014,0.039741,-0.066203,0.112606,0.018037,-0.953528,-0.300764,-0.088048,-0.075079,0.298672,-0.951398,0.315659,0.000000,0.000000,0.000000,1.000000
539,0.997976,0.050870,-0.038148,-0.156288,0.037510,-0.955441,-0.292790,-0.091540,-0.051343,0.290766,-0.955416,0.331191,0.000000,0.000000,0.000000,1.000000
257,0.998821,0.048544,0.000839,-0.023370,0.046735,-0.956636,-0.287513,0.037687,-0.013154,0.287214,-0.957776,0.277183,0.000000,0.000000,0.000000,1.000000
453,0.996885,0.038757,-0.068696,0.112631,0.016617,-0.954599,-0.297431,-0.088132,-0.077104,0.295363,-0.952269,0.315751,0.000000,0.000000,0.000000,1.000000
539,0.997984,0.050874,-0.037954,-0.156023,0.037415,-0.954550,-0.295692,-0.091660,-0.051272,0.293676,-0.954529,0.330489,0.000000,0.000000,0.000000,1.000000
257,0.998697,0.050389,-0.008136,-0.023486,0.046268,-0.961033,-0.272535,0.037886,-0.021552,0.271803,-0.962111,0.277157,0.000000,0.000000,0.000000,1.000000
453,0.997014,0.039741,-0.066203,0.112606,0.018037,-0.953528,-0.300764,-0.088048,-0.075079,0.298672,-0.951398,0.315659,0.000000,0.000000,0.000000,1.000000
539,0.998175,0.049184,-0.035028,-0.156159,0.036695,-0.954795,-0.294992,-0.091407,-0.047954,0.293169,-0.954857,0.330654,0.000000,0.000000,0.000000,1.000000
257,0.998780,0.049382,-0.000545,-0.023299,0.047154,-0.956870,-0.286665,0.037657,-0.014678,0.286289,-0.958031,0.276972,0.000000,0.000000,0.000000,1.000000
453,0.997290,0.035945,-0.064185,0.112839,0.015424,-0.955272,-0.295326,-0.088066,-0.071930,0.293536,-0.953238,0.316062,0.000000,0.000000,0.000000,1.000000
539,0.998213,0.047557,-0.036177,-0.155897,0.034577,-0.953508,-0.299378,-0.091577,-0.048733,0.297592,-0.953449,0.330401,0.000000,0.000000,0.000000,1.000000
257,0.998712,0.050229,-0.007165,-0.023343,0.045868,-0.954176,-0.295710,0.037405,-0.021690,0.295000,-0.955251,0.276393,0.000000,0.000000,0.000000,1.000000
453,0.996970,0.036527,-0.068679,0.112699,0.014663,-0.955314,-0.295229,-0.088230,-0.076394,0.293327,-0.952955,0.315334,0.000000,0.000000,0.000000,1.000000
539,0.997838,0.050927,-0.041542,-0.156300,0.036642,-0.955827,-0.291636,-0.091745,-0.054559,0.289484,-0.955627,0.330581,0.000000,0.000000,0.000000,1.000000
257,0.998764,0.048622,-0.010292,-0.023404,0.043665,-0.957372,-0.285538,0.037587,-0.023737,0.284736,-0.958312,0.276858,0.000000,0.000000,0.000000,1.000000
453,0.996900,0.038690,-0.068516,0.112620,0.016626,-0.954676,-0.297183,-0.088410,-0.076908,0.295123,-0.952359,0.315713,0.000000,0.000000,0.000000,1.000000
539,0.998385,0.047134,-0.031701,-0.156327,0.035713,-0.954847,-0.294942,-0.091689,-0.044171,0.293334,-0.954989,0.330585,0.000000,0.000000,0.000000,1.000000
257,0.998683,0.049472,-0.013605,-0.023364,0.043355,-0.955471,-0.291884,0.037814,-0.027439,0.290910,-0.956357,0.276954,0.000000,0.000000,0.000000,1.000000
453,0.997471,0.035835,-0.061384,0.112743,0.016239,-0.955660,-0.294025,-0.087905,-0.069199,0.292284,-0.953825,0.315754,0.000000,0.000000,0.000000,1.000000
539,0.997996,0.050502,-0.038134,-0.156061,0.037082,-0.955000,-0.294279,-0.091498,-0.051280,0.292275,-0.954958,0.331015,0.000000,0.000000,0.000000,1.000000
257,0.998735,0.050147,-0.003817,-0.023509,0.046860,-0.955452,-0.291402,0.037643,-0.018260,0.290854,-0.956593,0.277041,0.000000,0.000000,0.000000,1.000000
453,0.997080,0.037183,-0.066695,0.112797,0.015961,-0.955625,-0.294154,-0.088051,-0.074673,0.292231,-0.953428,0.316576,0.000000,0.000000,0.000000,1.000000
539,0.998003,0.049514,-0.039213,-0.156285,0.035729,-0.954536,-0.295947,-0.091475,-0.052084,0.293955,-0.954399,0.331186,0.000000,0.000000,0.000000,1.000000
257,0.998764,0.048622,-0.010292,-0.023404,0.043665,-0.957372,-0.285538,0.037587,-0.023737,0.284736,-0.958312,0.276858,0.000000,0.000000,0.000000,1.000000
453,0.997029,0.039674,-0.066025,0.112595,0.018045,-0.953607,-0.300513,-0.088326,-0.074884,0.298429,-0.951490,0.315621,0.000000,0.000000,0.000000,1.000000
539,0.998195,0.049108,-0.034576,-0.156449,0.036785,-0.954979,-0.294386,-0.091707,-0.047476,0.292582,-0.955061,0.330668,0.000000,0.000000,0.000000,1.000000
257,0.998752,0.049820,-0.003396,-0.023097,0.046422,-0.951395,-0.304456,0.037531,-0.018399,0.303918,-0.952520,0.276708,0.000000,0.000000,0.000000,1.000000
453,0.997118,0.033641,-0.067993,0.112710,0.012335,-0.956267,-0.292236,-0.088058,-0.074850,0.290555,-0.953926,0.315547,0.000000,0.000000,0.000000,1.000000
539,0.998105,0.049673,-0.036305,-0.156344,0.036966,-0.955844,-0.291541,-0.091682,-0.049183,0.289647,-0.955869,0.331170,0.000000,0.000000,0.000000,1.000000
257,0.998812,0.048720,0.001270,-0.023387,0.046874,-0.953175,-0.298766,0.037559,-0.013346,0.298470,-0.954326,0.276744,0.000000,0.000000,0.000000,1.000000
453,0.997004,0.038248,-0.067226,0.112625,0.016568,-0.954607,-0.297406,-0.087980,-0.075549,0.295401,-0.952382,0.315718,0.000000,0.000000,0.000000,1.000000
539,0.997675,0.052193,-0.043826,-0.155953,0.037080,-0.955239,-0.293501,-0.091302,-0.057183,0.291194,-0.954953,0.330586,0.000000,0.000000,0.000000,1.000000
257,0.998821,0.048544,0.000839,-0.023370,0.046735,-0.956636,-0.287513,0.037687,-0.013154,0.287214,-0.957776,0.277183,0.000000,0.000000,0.000000,1.000000
453,0.997208,0.036303,-0.065260,0.112527,0.015416,-0.955136,-0.295765,-0.088194,-0.073069,0.293933,-0.953029,0.316009,0.000000,0.000000,0.000000,1.000000
539,0.998110,0.048568,-0.037648,-0.156231,0.035469,-0.955622,-0.292453,-0.091611,-0.050181,0.290565,-0.955539,0.330623,0.000000,0.000000,0.000000,1.000000
257,0.998627,0.051613,-0.008900,-0.023268,0.046896,-0.956823,-0.286864,0.037698,-0.023321,0.286052,-0.957930,0.276830,0.000000,0.000000,0.000000,1.000000
453,0.997250,0.034637,-0.065513,0.112685,0.013757,-0.955210,-0.295610,-0.087975,-0.072818,0.293896,-0.953060,0.315456,0.000000,0.000000,0.000000,1.000000
539,0.998083,0.048732,-0.038163,-0.155911,0.035457,-0.955511,-0.292816,-0.091588,-0.050735,0.290902,-0.955407,0.330540,0.000000,0.000000,0.000000,1.000000
257,0.998812,0.048720,0.001270,-0.023387,0.046874,-0.953175,-0.298766,0.037559,-0.013346,0.298470,-0.954326,0.276744,0.000000,0.000000,0.000000,1.000000
453,0.997004,0.038248,-0.067226,0.112625,0.016568,-0.954607,-0.297406,-0.087980,-0.075549,0.295401,-0.952382,0.315718,0.000000,0.000000,0.000000,1.000000
539,0.997991,0.050784,-0.037887,-0.156053,0.037335,-0.954477,-0.295938,-0.091382,-0.051192,0.293929,-0.954456,0.330558,0.000000,0.000000,0.000000,1.000000
257,0.998821,0.048544,0.000839,-0.023370,0.046735,-0.956636,-0.287513,0.037687,-0.013154,0.287214,-0.957776,0.277183,0.000000,0.000000,0.000000,1.000000
453,0.996885,0.038757,-0.068696,0.112631,0.016617,-0.954599,-0.297431,-0.088132,-0.077104,0.295363,-0.952269,0.315751,0.000000,0.000000,0.000000,1.000000
539,0.998200,0.048826,-0.034814,-0.156458,0.036528,-0.955499,-0.292723,-0.091823,-0.047557,0.290924,-0.955563,0.331126,0.000000,0.000000,0.000000,1.000000
257,0.998732,0.049292,0.010275,-0.023265,0.050157,-0.956070,-0.288815,0.037753,-0.004413,0.288964,-0.957330,0.277275,0.000000,0.000000,0.000000,1.000000
453,0.997164,0.034945,-0.066656,0.112865,0.013998,-0.956332,-0.291948,-0.088150,-0.073947,0.290187,-0.954109,0.316154,0.000000,0.000000,0.000000,1.000000
539,0.997788,0.052358,-0.040951,-0.156013,0.038329,-0.956536,-0.289085,-0.091509,-0.054307,0.286876,-0.956427,0.330569,0.000000,0.000000,0.000000,1.000000
257,0.998862,0.047660,0.001804,-0.023355,0.046191,-0.957275,-0.285465,0.037739,-0.011879,0.285223,-0.958388,0.277046,0.000000,0.000000,0.000000,1.000000
453,0.997014,0.039741,-0.066203,0.112606,0.018037,-0.953528,-0.300764,-0.088048,-0.075079,0.298672,-0.951398,0.315659,0.000000,0.000000,0.000000,1.000000
539,0.997919,0.050163,-0.040512,-0.156125,0.036110,-0.955305,-0.293408,-0.091586,-0.053419,0.291334,-0.955129,0.330525,0.000000,0.000000,0.000000,1.000000
257,0.998821,0.048544,0.000839,-0.023370,0.046735,-0.956636,-0.287513,0.037687,-0.013154,0.287214,-0.957776,0.277183,0.000000,0.000000,0.000000,1.000000
453,0.997014,0.039741,-0.066203,0.112606,0.018037,-0.953528,-0.300764,-0.088048,-0.075079,0.298672,-0.951398,0.315659,0.000000,0.000000,0.000000,1.000000
539,0.998078,0.049016,-0.037919,-0.155904,0.035712,-0.954992,-0.294475,-0.091473,-0.050647,0.292554,-0.954907,0.330085,0.000000,0.000000,0.000000,1.000000
257,0.998683,0.049472,-0.013605,-0.023364,0.043355,-0.955471,-0.291884,0.037814,-0.027439,0.290910,-0.956357,0.276954,0.000000,0.000000,0.000000,1.000000
453,0.997014,0.039741,-0.066203,0.112606,0.018037,-0.953528,-0.300764,-0.088048,-0.075079,0.298672,-0.951398,0.315659,0.000000,0.000000,0.000000,1.000000
539,0.997946,0.052232,-0.037085,-0.156292,0.039292,-0.956337,-0.289612,-0.091604,-0.050593,0.287560,-0.956426,0.331195,0.000000,0.000000,0.000000,1.000000
257,0.998726,0.050275,-0.004404,-0.023259,0.046793,-0.955174,-0.292323,0.037633,-0.018903,0.291745,-0.956309,0.276987,0.000000,0.000000,0.000000,1.000000
453,0.997014,0.039741,-0.066203,0.112606,0.018037,-0.953528,-0.300764,-0.088048,-0.075079,0.298672,-0.951398,0.315659,0.000000,0.000000,0.000000,1.000000
539,0.997976,0.050870,-0.038148,-0.156288,0.037510,-0.955441,-0.292790,-0.091540,-0.051343,0.290766,-0.955416,0.331191,0.000000,0.000000,0.000000,1.000000
257,0.998758,0.048862,-0.009716,-0.023421,0.043784,-0.953967,-0.296700,0.037460,-0.023766,0.295906,-0.954921,0.276427,0.000000,0.000000,0.000000,1.000000
453,0.997153,0.035379,-0.066583,0.112933,0.014315,-0.955848,-0.293512,-0.088389,-0.074028,0.291723,-0.953634,0.315945,0.000000,0.000000,0.000000,1.000000
539,0.998051,0.048969,-0.038671,-0.156181,0.035572,-0.955708,-0.292158,-0.091728,-0.051265,0.290213,-0.955588,0.330505,0.000000,0.000000,0.000000,1.000000
257,0.998697,0.050389,-0.008136,-0.023486,0.046268,-0.961033,-0.272535,0.037886,-0.021552,0.271803,-0.962111,0.277157,0.000000,0.000000,0.000000,1.000000
453,0.997083,0.035604,-0.067509,0.112805,0.014495,-0.956766,-0.290498,-0.088262,-0.074934,0.288672,-0.954491,0.316595,0.000000,0.000000,0.000000,1.000000
539,0.997845,0.050838,-0.041482,-0.156330,0.036560,-0.955756,-0.291880,-0.091467,-0.054486,0.289735,-0.955555,0.330649,0.000000,0.000000,0.000000,1.000000
257,0.998857,0.047605,-0.004388,-0.023245,0.043979,-0.950994,-0.306067,0.037618,-0.018743,0.305524,-0.952000,0.276959,0.000000,0.000000,0.000000,1.000000
453,0.996916,0.041638,-0.066516,0.112776,0.019756,-0.953491,-0.300773,-0.088011,-0.075946,0.298532,-0.951373,0.316336,0.000000,0.000000,0.000000,1.000000
539,0.998113,0.047291,-0.039172,-0.155937,0.033601,-0.954533,-0.296207,-0.091246,-0.051399,0.294332,-0.954320,0.330603,0.000000,0.000000,0.000000,1.000000
257,0.998764,0.048622,-0.010292,-0.023404,0.043665,-0.957372,-0.285538,0.037587,-0.023737,0.284736,-0.958312,0.276858,0.000000,0.000000,0.000000,1.000000
453,0.996912,0.040498,-0.067282,0.112853,0.018603,-0.954170,-0.298687,-0.088462,-0.076295,0.296513,-0.951976,0.316148,0.000000,0.000000,0.000000,1.000000
539,0.998051,0.048969,-0.038671,-0.156181,0.035572,-0.955708,-0.292158,-0.091728,-0.051265,0.290213,-0.955588,0.330505,0.000000,0.000000,0.000000,1.000000
257,0.998908,0.046213,0.006902,-0.023232,0.046205,-0.954950,-0.293148,0.037652,-0.006956,0.293147,-0.956042,0.276745,0.000000,0.000000,0.000000,1.000000
453,0.996885,0.038757,-0.068696,0.112631,0.016617,-0.954599,-0.297431,-0.088132,-0.077104,0.295363,-0.952269,0.315751,0.000000,0.000000,0.000000,1.000000
539,0.997746,0.054100,-0.039699,-0.156176,0.040180,-0.955494,-0.292262,-0.091463,-0.053744,0.290008,-0.955514,0.330638,0.000000,0.000000,0.000000,1.000000
257,0.998772,0.049443,-0.003001,-0.023329,0.046397,-0.955021,-0.292885,0.037666,-0.017347,0.292387,-0.956143,0.277204,0.000000,0.000000,0.000000,1.000000
453,0.997282,0.036947,-0.063743,0.113182,0.017031,-0.957342,-0.288454,-0.088216,-0.071681,0.286585,-0.955370,0.316982,0.000000,0.000000,0.000000,1.000000
539,0.997931,0.051185,-0.038902,-0.156003,0.037436,-0.954564,-0.295646,-0.091500,-0.052267,0.293578,-0.954505,0.330440,0.000000,0.000000,0.000000,1.000000
257,0.998812,0.048720,0.001270,-0.023387,0.046874,-0.953175,-0.298766,0.037559,-0.013346,0.298470,-0.954326,0.276744,0.000000,0.000000,0.000000,1.000000
453,0.997083,0.035604,-0.067509,0.112805,0.014495,-0.956766,-0.290498,-0.088262,-0.074934,0.288672,-0.954491,0.316595,0.000000,0.000000,0.000000,1.000000
539,0.997845,0.050838,-0.041482,-0.156330,0.036560,-0.955756,-0.291880,-0.091467,-0.054486,0.289735,-0.955555,0.330649,0.000000,0.000000,0.000000,1.000000
257,0.998806,0.048855,0.000652,-0.023136,0.046805,-0.952898,-0.299657,0.037549,-0.014019,0.299329,-0.954047,0.276689,0.000000,0.000000,0.000000,1.000000
453,0.997290,0.035945,-0.064185,0.112839,0.015424,-0.955272,-0.295326,-0.088066,-0.071930,0.293536,-0.953238,0.316062,0.000000,0.000000,0.000000,1.000000
539,0.997991,0.050784,-0.037887,-0.156053,0.037335,-0.954477,-0.295938,-0.091382,-0.051192,0.293929,-0.954456,0.330558,0.000000,0.000000,0.000000,1.000000
257,0.998726,0.050275,-0.004404,-0.023259,0.046793,-0.955174,-0.292323,0.037633,-0.018903,0.291745,-0.956309,0.276987,0.000000,0.000000,0.000000,1.000000
453,0.997044,0.035456,-0.068161,0.112872,0.014049,-0.956325,-0.291966,-0.088302,-0.075536,0.290146,-0.953997,0.316191,0.000000,0.000000,0.000000,1.000000
539,0.998289,0.045777,-0.036378,-0.156012,0.033038,-0.954918,-0.295026,-0.091547,-0.048243,0.293319,-0.954796,0.330629,0.000000,0.000000,0.000000,1.000000
257,0.998812,0.048720,0.001270,-0.023387,0.046874,-0.953175,-0.298766,0.037559,-0.013346,0.298470,-0.954326,0.276744,0.000000,0.000000,0.000000,1.000000
453,0.997004,0.038248,-0.067226,0.112625,0.016568,-0.954607,-0.297406,-0.087980,-0.075549,0.295401,-0.952382,0.315718,0.000000,0.000000,0.000000,1.000000
539,0.997818,0.052197,-0.040439,-0.156332,0.038342,-0.956645,-0.288721,-0.091531,-0.053756,0.286540,-0.956559,0.330651,0.000000,0.000000,0.000000,1.000000
257,0.998772,0.049443,-0.003001,-0.023329,0.046397,-0.955021,-0.292885,0.037666,-0.017347,0.292387,-0.956143,0.277204,0.000000,0.000000,0.000000,1.000000
453,0.997183,0.036795,-0.065355,0.112607,0.015722,-0.954576,-0.297551,-0.088155,-0.073334,0.295686,-0.952466,0.315838,0.000000,0.000000,0.000000,1.000000
539,0.998151,0.049140,-0.035777,-0.156438,0.036550,-0.955513,-0.292675,-0.091662,-0.048567,0.290826,-0.955542,0.331076,0.000000,0.000000,0.000000,1.000000
257,0.998722,0.048656,-0.013691,-0.023350,0.042617,-0.956226,-0.289508,0.037611,-0.027178,0.288555,-0.957078,0.276724,0.000000,0.000000,0.000000,1.000000
453,0.997164,0.034945,-0.066656,0.112865,0.013998,-0.956332,-0.291948,-0.088150,-0.073947,0.290187,-0.954109,0.316154,0.000000,0.000000,0.000000,1.000000
539,0.997984,0.050874,-0.037954,-0.156023,0.037415,-0.954550,-0.295692,-0.091660,-0.051272,0.293676,-0.954529,0.330489,0.000000,0.000000,0.000000,1.000000
257,0.998812,0.048720,0.001270,-0.023387,0.046874,-0.953175,-0.298766,0.037559,-0.013346,0.298470,-0.954326,0.276744,0.000000,0.000000,0.000000,1.000000
453,0.997014,0.039741,-0.066203,0.112606,0.018037,-0.953528,-0.300764,-0.088048,-0.075079,0.298672,-0.951398,0.315659,0.000000,0.000000,0.000000,1.000000
539,0.997845,0.050838,-0.041482,-0.156330,0.036560,-0.955756,-0.291880,-0.091467,-0.054486,0.289735,-0.955555,0.330649,0.000000,0.000000,0.000000,1.000000
257,0.998764,0.048622,-0.010292,-0.023404,0.043665,-0.957372,-0.285538,0.037587,-0.023737,0.284736,-0.958312,0.276858,0.000000,0.000000,0.000000,1.000000
453,0.997164,0.034945,-0.066656,0.112865,0.013998,-0.956332,-0.291948,-0.088150,-0.073947,0.290187,-0.954109,0.316154,0.000000,0.000000,0.000000,1.000000
539,0.997919,0.050163,-0.040512,-0.156125,0.036110,-0.955305,-0.293408,-0.091586,-0.053419,0.291334,-0.955129,0.330525,0.000000,0.000000,0.000000,1.000000
257,0.998748,0.048661,0.011640,-0.023100,0.049903,-0.951979,-0.302068,0.037642,-0.003618,0.302270,-0.953215,0.276981,0.000000,0.000000,0.000000,1.000000
453,0.997164,0.034945,-0.066656,0.112865,0.013998,-0.956332,-0.291948,-0.088150,-0.073947,0.290187,-0.954109,0.316154,0.000000,0.000000,0.000000,1.000000
539,0.998187,0.048905,-0.035089,-0.155902,0.036347,-0.954422,-0.296238,-0.091642,-0.047977,0.294425,-0.954469,0.330408,0.000000,0.000000,0.000000,1.000000
257,0.998812,0.048720,0.001270,-0.023387,0.046874,-0.953175,-0.298766,0.037559,-0.013346,0.298470,-0.954326,0.276744,0.000000,0.000000,0.000000,1.000000
453,0.996908,0.040141,-0.067558,0.112796,0.018283,-0.954578,-0.297399,-0.087944,-0.076427,0.295244,-0.952360,0.316397,0.000000,0.000000,0.000000,1.000000
539,0.998175,0.049184,-0.035028,-0.156159,0.036695,-0.954795,-0.294992,-0.091407,-0.047954,0.293169,-0.954857,0.330654,0.000000,0.000000,0.000000,1.000000
257,0.998821,0.048544,0.000839,-0.023370,0.046735,-0.956636,-0.287513,0.037687,-0.013154,0.287214,-0.957776,0.277183,0.000000,0.000000,0.000000,1.000000
453,0.997208,0.036303,-0.065260,0.112527,0.015416,-0.955136,-0.295765,-0.088194,-0.073069,0.293933,-0.953029,0.316009,0.000000,0.000000,0.000000,1.000000
539,0.998134,0.047214,-0.038724,-0.156227,0.033692,-0.954717,-0.295601,-0.091546,-0.050927,0.293745,-0.954526,0.330617,0.000000,0.000000,0.000000,1.000000
257,0.998806,0.048855,0.000652,-0.023136,0.046805,-0.952898,-0.299657,0.037549,-0.014019,0.299329,-0.954047,0.276689,0.000000,0.000000,0.000000,1.000000
453,0.997029,0.033939,-0.069154,0.112890,0.012576,-0.957385,-0.288540,-0.088233,-0.076000,0.286813,-0.954967,0.316247,0.000000,0.000000,0.000000,1.000000
539,0.997815,0.051002,-0.041995,-0.156010,0.036547,-0.955646,-0.292242,-0.091445,-0.055037,0.290069,-0.955422,0.330567,0.000000,0.000000,0.000000,1.000000
257,0.998812,0.048720,0.001270,-0.023387,0.046874,-0.953175,-0.298766,0.037559,-0.013346,0.298470,-0.954326,0.276744,0.000000,0.000000,0.000000,1.000000
453,0.997014,0.039741,-0.066203,0.112606,0.018037,-0.953528,-0.300764,-0.088048,-0.075079,0.298672,-0.951398,0.315659,0.000000,0.000000,0.000000,1.000000
539,0.997976,0.050870,-0.038148,-0.156288,0.037510,-0.955441,-0.292790,-0.091540,-0.051343,0.290766,-0.955416,0.331191,0.000000,0.000000,0.000000,1.000000
257,0.998821,0.048544,0.000839,-0.023370,0.046735,-0.956636,-0.287513,0.037687,-0.013154,0.287214,-0.957776,0.277183,0.000000,0.000000,0.000000,1.000000
453,0.997014,0.039741,-0.066203,0.112606,0.018037,-0.953528,-0.300764,-0.088048,-0.075079,0.298672,-0.951398,0.315659,0.000000,0.000000,0.000000,1.000000
539,0.998110,0.048568,-0.037648,-0.156231,0.035469,-0.955622,-0.292453,-0.091611,-0.050181,0.290565,-0.955539,0.330623,0.000000,0.000000,0.000000,1.000000
257,0.998627,0.051613,-0.008900,-0.023268,0.046896,-0.956823,-0.286864,0.037698,-0.023321,0.286052,-0.957930,0.276830,0.000000,0.000000,0.000000,1.000000
453,0.997290,0.035945,-0.064185,0.112839,0.015424,-0.955272,-0.295326,-0.088066,-0.071930,0.293536,-0.953238,0.316062,0.000000,0.000000,0.000000,1.000000
539,0.998187,0.048905,-0.035089,-0.155902,0.036347,-0.954422,-0.296238,-0.091642,-0.047977,0.294425,-0.954469,0.330408,0.000000,0.000000,0.000000,1.000000
257,0.998685,0.051074,-0.004411,-0.023272,0.047499,-0.954269,-0.295151,0.037832,-0.019284,0.294553,-0.955440,0.277207,0.000000,0.000000,0.000000,1.000000
539,0.997675,0.052193,-0.043826,-0.155953,0.037080,-0.955239,-0.293501,-0.091302,-0.057183,0.291194,-0.954953,0.330586,0.000000,0.000000,0.000000,1.000000
257,0.998764,0.048622,-0.010292,-0.023404,0.043665,-0.957372,-0.285538,0.037587,-0.023737,0.284736,-0.958312,0.276858,0.000000,0.000000,0.000000,1.000000
539,0.998228,0.047467,-0.035897,-0.156453,0.034752,-0.954591,-0.295886,-0.091757,-0.048312,0.294114,-0.954549,0.331119,0.000000,0.000000,0.000000,1.000000
257,0.998627,0.051613,-0.008900,-0.023268,0.046896,-0.956823,-0.286864,0.037698,-0.023321,0.286052,-0.957930,0.276830,0.000000,0.000000,0.000000,1.000000
539,0.998051,0.048969,-0.038671,-0.156181,0.035572,-0.955708,-0.292158,-0.091728,-0.051265,0.290213,-0.955588,0.330505,0.000000,0.000000,0.000000,1.000000
257,0.998762,0.048425,0.011417,-0.023250,0.049665,-0.956838,-0.286346,0.037808,-0.002942,0.286558,-0.958058,0.277146,0.000000,0.000000,0.000000,1.000000
539,0.997961,0.052138,-0.036819,-0.156057,0.039112,-0.955379,-0.292780,-0.091447,-0.050441,0.290743,-0.955471,0.330563,0.000000,0.000000,0.000000,1.000000
525,0.863672,-0.104259,-0.493153,0.118199,-0.145046,-0.988398,-0.045063,-0.040135,-0.482734,0.110449,-0.868774,0.260294,0.000000,0.000000,0.000000,1.000000
257,0.998812,0.048720,0.001270,-0.023387,0.046874,-0.953175,-0.298766,0.037559,-0.013346,0.298470,-0.954326,0.276744,0.000000,0.000000,0.000000,1.000000
539,0.997919,0.050163,-0.040512,-0.156125,0.036110,-0.955305,-0.293408,-0.091586,-0.053419,0.291334,-0.955129,0.330525,0.000000,0.000000,0.000000,1.000000
525,0.878992,-0.067926,-0.471974,0.116900,-0.138031,-0.983670,-0.115498,-0.033661,-0.456422,0.166669,-0.874014,0.270574,0.000000,0.000000,0.000000,1.000000
257,0.998806,0.048855,0.000652,-0.023136,0.046805,-0.952898,-0.299657,0.037549,-0.014019,0.299329,-0.954047,0.276689,0.000000,0.000000,0.000000,1.000000
539,0.997750,0.050293,-0.044335,-0.155847,0.035151,-0.955509,-0.292858,-0.091491,-0.057091,0.290641,-0.955127,0.329903,0.000000,0.000000,0.000000,1.000000
525,0.919109,-0.026963,-0.393080,0.114014,-0.093562,-0.984055,-0.151269,-0.033516,-0.382734,0.175810,-0.906976,0.278708,0.000000,0.000000,0.000000,1.000000
257,0.998840,0.047941,0.004427,-0.023177,0.047117,-0.954462,-0.294587,0.037568,-0.009898,0.294454,-0.955614,0.276666,0.000000,0.000000,0.000000,1.000000
539,0.998078,0.049016,-0.037919,-0.155904,0.035712,-0.954992,-0.294475,-0.091473,-0.050647,0.292554,-0.954907,0.330085,0.000000,0.000000,0.000000,1.000000
257,0.998758,0.048862,-0.009716,-0.023421,0.043784,-0.953967,-0.296700,0.037460,-0.023766,0.295906,-0.954921,0.276427,0.000000,0.000000,0.000000,1.000000
525,0.953700,-0.000176,-0.300760,0.110893,-0.051915,-0.985086,-0.164044,-0.034297,-0.296246,0.172063,-0.939485,0.283588,0.000000,0.000000,0.000000,1.000000
539,0.997854,0.050845,-0.041261,-0.156066,0.036466,-0.954872,-0.294770,-0.091588,-0.054387,0.292632,-0.954677,0.329952,0.000000,0.000000,0.000000,1.000000
257,0.998730,0.049907,-0.006915,-0.023325,0.045854,-0.957212,-0.285730,0.037780,-0.020879,0.285050,-0.958285,0.276902,0.000000,0.000000,0.000000,1.000000
525,0.974414,0.021257,-0.223753,0.108739,-0.014828,-0.987269,-0.158364,-0.033027,-0.224270,0.157630,-0.961694,0.285919,0.000000,0.000000,0.000000,1.000000
539,0.998110,0.048568,-0.037648,-0.156231,0.035469,-0.955622,-0.292453,-0.091611,-0.050181,0.290565,-0.955539,0.330623,0.000000,0.000000,0.000000,1.000000
257,0.998815,0.047727,-0.009490,-0.023390,0.043075,-0.957904,-0.283838,0.037636,-0.022637,0.283093,-0.958825,0.276714,0.000000,0.000000,0.000000,1.000000
525,0.986975,0.024039,-0.159070,0.107072,-0.001830,-0.987031,-0.160516,-0.027940,-0.160866,0.158717,-0.974131,0.284114,0.000000,0.000000,0.000000,1.000000
539,0.997984,0.050874,-0.037954,-0.156023,0.037415,-0.954550,-0.295692,-0.091660,-0.051272,0.293676,-0.954529,0.330489,0.000000,0.000000,0.000000,1.000000
257,0.998823,0.048497,0.000453,-0.023284,0.046621,-0.957523,-0.284563,0.037709,-0.013367,0.284249,-0.958657,0.276836,0.000000,0.000000,0.000000,1.000000
525,0.991915,0.003651,-0.126849,0.106726,-0.019856,-0.982808,-0.183559,-0.020988,-0.125339,0.184594,-0.974790,0.283504,0.000000,0.000000,0.000000,1.000000
539,0.998051,0.048969,-0.038671,-0.156181,0.035572,-0.955708,-0.292158,-0.091728,-0.051265,0.290213,-0.955588,0.330505,0.000000,0.000000,0.000000,1.000000
257,0.998877,0.047078,0.005248,-0.023163,0.046555,-0.955191,-0.292306,0.037621,-0.008749,0.292222,-0.956311,0.276534,0.000000,0.000000,0.000000,1.000000
525,0.991656,0.026555,-0.126145,0.107369,-0.001521,-0.976074,-0.217435,-0.016699,-0.128901,0.215813,-0.967889,0.285572,0.000000,0.000000,0.000000,1.000000
539,0.997857,0.050564,-0.041526,-0.156074,0.036214,-0.955392,-0.293112,-0.091703,-0.054495,0.290980,-0.955176,0.330407,0.000000,0.000000,0.000000,1.000000
257,0.998758,0.048862,-0.009716,-0.023421,0.043784,-0.953967,-0.296700,0.037460,-0.023766,0.295906,-0.954921,0.276427,0.000000,0.000000,0.000000,1.000000
525,0.990535,0.034298,-0.132904,0.107742,0.001286,-0.970554,-0.240882,-0.014487,-0.137252,0.238431,-0.961412,0.287283,0.000000,0.000000,0.000000,1.000000
539,0.997984,0.050874,-0.037954,-0.156023,0.037415,-0.954550,-0.295692,-0.091660,-0.051272,0.293676,-0.954529,0.330489,0.000000,0.000000,0.000000,1.000000
257,0.998758,0.048862,-0.009716,-0.023421,0.043784,-0.953967,-0.296700,0.037460,-0.023766,0.295906,-0.954921,0.276427,0.000000,0.000000,0.000000,1.000000
525,0.992422,0.029884,-0.119186,0.107353,0.001466,-0.972786,-0.231702,-0.014431,-0.122867,0.229771,-0.965458,0.287049,0.000000,0.000000,0.000000,1.000000
539,0.998236,0.047373,-0.035799,-0.156287,0.034926,-0.956023,-0.291206,-0.091753,-0.048020,0.289442,-0.955990,0.330601,0.000000,0.000000,0.000000,1.000000
257,0.998779,0.047812,0.012430,-0.023087,0.049339,-0.952798,-0.299570,0.037698,-0.002479,0.299818,-0.953993,0.276855,0.000000,0.000000,0.000000,1.000000
525,0.992379,0.032941,-0.118740,0.107528,0.004156,-0.972007,-0.234916,-0.014210,-0.123155,0.232632,-0.964736,0.287680,0.000000,0.000000,0.000000,1.000000
539,0.998058,0.048881,-0.038609,-0.156211,0.035492,-0.955636,-0.292403,-0.091451,-0.051189,0.290465,-0.955516,0.330573,0.000000,0.000000,0.000000,1.000000
257,0.998877,0.047078,0.005248,-0.023163,0.046555,-0.955191,-0.292306,0.037621,-0.008749,0.292222,-0.956311,0.276534,0.000000,0.000000,0.000000,1.000000
525,0.991728,0.034984,-0.123495,0.107655,0.004746,-0.971477,-0.237088,-0.014220,-0.128267,0.234541,-0.963607,0.287589,0.000000,0.000000,0.000000,1.000000
539,0.998213,0.047557,-0.036177,-0.155897,0.034577,-0.953508,-0.299378,-0.091577,-0.048733,0.297592,-0.953449,0.330401,0.000000,0.000000,0.000000,1.000000
257,0.998758,0.048862,-0.009716,-0.023421,0.043784,-0.953967,-0.296700,0.037460,-0.023766,0.295906,-0.954921,0.276427,0.000000,0.000000,0.000000,1.000000
525,0.992367,0.035301,-0.118156,0.107775,0.007858,-0.974306,-0.225093,-0.014165,-0.123066,0.222446,-0.967147,0.287623,0.000000,0.000000,0.000000,1.000000
539,0.998051,0.048969,-0.038671,-0.156181,0.035572,-0.955708,-0.292158,-0.091728,-0.051265,0.290213,-0.955588,0.330505,0.000000,0.000000,0.000000,1.000000
257,0.998764,0.048622,-0.010292,-0.023404,0.043665,-0.957372,-0.285538,0.037587,-0.023737,0.284736,-0.958312,0.276858,0.000000,0.000000,0.000000,1.000000
525,0.992019,0.035723,-0.120925,0.107786,0.006315,-0.971902,-0.235303,-0.014164,-0.125933,0.232661,-0.964370,0.288053,0.000000,0.000000,0.000000,1.000000
539,0.997838,0.050927,-0.041542,-0.156300,0.036642,-0.955827,-0.291636,-0.091745,-0.054559,0.289484,-0.955627,0.330581,0.000000,0.000000,0.000000,1.000000
257,0.998840,0.047941,0.004427,-0.023177,0.047117,-0.954462,-0.294587,0.037568,-0.009898,0.294454,-0.955614,0.276666,0.000000,0.000000,0.000000,1.000000
525,0.992379,0.032941,-0.118740,0.107528,0.004156,-0.972007,-0.234916,-0.014210,-0.123155,0.232632,-0.964736,0.287680,0.000000,0.000000,0.000000,1.000000
539,0.998051,0.048969,-0.038671,-0.156181,0.035572,-0.955708,-0.292158,-0.091728,-0.051265,0.290213,-0.955588,0.330505,0.000000,0.000000,0.000000,1.000000
257,0.998692,0.049055,-0.014419,-0.023400,0.043111,-0.959503,-0.278379,0.037699,-0.027491,0.277393,-0.960363,0.276542,0.000000,0.000000,0.000000,1.000000
525,0.992655,0.033694,-0.116192,0.107658,0.005717,-0.972425,-0.233144,-0.014155,-0.120844,0.230768,-0.965476,0.288144,0.000000,0.000000,0.000000,1.000000
539,0.997951,0.048704,-0.041488,-0.155954,0.034513,-0.955826,-0.291899,-0.091516,-0.053872,0.289869,-0.955549,0.330001,0.000000,0.000000,0.000000,1.000000
257,0.998871,0.047234,-0.005049,-0.023282,0.043686,-0.955153,-0.292872,0.037504,-0.018656,0.292321,-0.956138,0.276574,0.000000,0.000000,0.000000,1.000000
525,0.992666,0.034459,-0.115872,0.107538,0.005757,-0.970899,-0.239420,-0.014169,-0.120750,0.236997,-0.963977,0.287674,0.000000,0.000000,0.000000,1.000000
539,0.998200,0.048826,-0.034814,-0.156458,0.036528,-0.955499,-0.292723,-0.091823,-0.047557,0.290924,-0.955563,0.331126,0.000000,0.000000,0.000000,1.000000
257,0.998840,0.047941,0.004427,-0.023177,0.047117,-0.954462,-0.294587,0.037568,-0.009898,0.294454,-0.955614,0.276666,0.000000,0.000000,0.000000,1.000000
525,0.992332,0.033287,-0.119039,0.107713,0.004653,-0.972433,-0.233135,-0.014214,-0.123517,0.230793,-0.965131,0.287997,0.000000,0.000000,0.000000,1.000000
539,0.997633,0.052517,-0.044389,-0.156192,0.037281,-0.955507,-0.292603,-0.091719,-0.057780,0.290256,-0.955203,0.330481,0.000000,0.000000,0.000000,1.000000
257,0.998812,0.048720,0.001270,-0.023387,0.046874,-0.953175,-0.298766,0.037559,-0.013346,0.298470,-0.954326,0.276744,0.000000,0.000000,0.000000,1.000000
525,0.992955,0.035183,-0.113147,0.107329,0.007322,-0.971294,-0.237768,-0.014088,-0.118265,0.235264,-0.964709,0.287592,0.000000,0.000000,0.000000,1.000000
539,0.998169,0.049273,-0.035096,-0.156129,0.036772,-0.954867,-0.294749,-0.091684,-0.048035,0.292918,-0.954930,0.330585,0.000000,0.000000,0.000000,1.000000
257,0.998871,0.047234,-0.005049,-0.023282,0.043686,-0.955153,-0.292872,0.037504,-0.018656,0.292321,-0.956138,0.276574,0.000000,0.000000,0.000000,1.000000
525,0.992928,0.034394,-0.113623,0.107735,0.007281,-0.972953,-0.230890,-0.014078,-0.118491,0.228430,-0.966323,0.288138,0.000000,0.000000,0.000000,1.000000
539,0.997919,0.050163,-0.040512,-0.156125,0.036110,-0.955305,-0.293408,-0.091586,-0.053419,0.291334,-0.955129,0.330525,0.000000,0.000000,0.000000,1.000000
257,0.998806,0.048855,0.000652,-0.023136,0.046805,-0.952898,-0.299657,0.037549,-0.014019,0.299329,-0.954047,0.276689,0.000000,0.000000,0.000000,1.000000
525,0.992345,0.036056,-0.118116,0.107681,0.007373,-0.972021,-0.234777,-0.014084,-0.123276,0.232109,-0.964846,0.287737,0.000000,0.000000,0.000000,1.000000
539,0.997984,0.050874,-0.037954,-0.156023,0.037415,-0.954550,-0.295692,-0.091660,-0.051272,0.293676,-0.954529,0.330489,0.000000,0.000000,0.000000,1.000000
257,0.998823,0.048497,0.000453,-0.023284,0.046621,-0.957523,-0.284563,0.037709,-0.013367,0.284249,-0.958657,0.276836,0.000000,0.000000,0.000000,1.000000
525,0.992625,0.037575,-0.115255,0.107691,0.008972,-0.970914,-0.239261,-0.014043,-0.120893,0.236463,-0.964090,0.287732,0.000000,0.000000,0.000000,1.000000
539,0.997886,0.050612,-0.040769,-0.155797,0.036350,-0.954674,-0.295425,-0.091449,-0.053873,0.293319,-0.954496,0.329988,0.000000,0.000000,0.000000,1.000000
257,0.998764,0.048622,-0.010292,-0.023404,0.043665,-0.957372,-0.285538,0.037587,-0.023737,0.284736,-0.958312,0.276858,0.000000,0.000000,0.000000,1.000000
525,0.992104,0.039424,-0.119058,0.107479,0.009167,-0.969565,-0.244662,-0.014188,-0.125080,0.241639,-0.962271,0.287586,0.000000,0.000000,0.000000,1.000000
539,0.997854,0.050845,-0.041261,-0.156066,0.036466,-0.954872,-0.294770,-0.091588,-0.054387,0.292632,-0.954677,0.329952,0.000000,0.000000,0.000000,1.000000
257,0.998748,0.049847,-0.004195,-0.023294,0.046698,-0.959142,-0.279045,0.037774,-0.017933,0.278500,-0.960269,0.276675,0.000000,0.000000,0.000000,1.000000
525,0.991787,0.041879,-0.120853,0.107549,0.010829,-0.968979,-0.246907,-0.014138,-0.127444,0.243570,-0.961474,0.287632,0.000000,0.000000,0.000000,1.000000
539,0.998051,0.048969,-0.038671,-0.156181,0.035572,-0.955708,-0.292158,-0.091728,-0.051265,0.290213,-0.955588,0.330505,0.000000,0.000000,0.000000,1.000000
257,0.998877,0.047078,0.005248,-0.023163,0.046555,-0.955191,-0.292306,0.037621,-0.008749,0.292222,-0.956311,0.276534,0.000000,0.000000,0.000000,1.000000
525,0.991759,0.041145,-0.121331,0.107671,0.010813,-0.970531,-0.240734,-0.014125,-0.127660,0.237438,-0.962978,0.288109,0.000000,0.000000,0.000000,1.000000
539,0.997984,0.050874,-0.037954,-0.156023,0.037415,-0.954550,-0.295692,-0.091660,-0.051272,0.293676,-0.954529,0.330489,0.000000,0.000000,0.000000,1.000000
257,0.998840,0.047941,0.004427,-0.023177,0.047117,-0.954462,-0.294587,0.037568,-0.009898,0.294454,-0.955614,0.276666,0.000000,0.000000,0.000000,1.000000
525,0.993003,0.038231,-0.111727,0.107460,0.010675,-0.971330,-0.237497,-0.014219,-0.117604,0.234642,-0.964942,0.287570,0.000000,0.000000,0.000000,1.000000
539,0.997838,0.050927,-0.041542,-0.156300,0.036642,-0.955827,-0.291636,-0.091745,-0.054559,0.289484,-0.955627,0.330581,0.000000,0.000000,0.000000,1.000000
257,0.998840,0.047941,0.004427,-0.023177,0.047117,-0.954462,-0.294587,0.037568,-0.009898,0.294454,-0.955614,0.276666,0.000000,0.000000,0.000000,1.000000
525,0.992634,0.036029,-0.115674,0.107587,0.008909,-0.973880,-0.226887,-0.013989,-0.120827,0.224185,-0.967027,0.288115,0.000000,0.000000,0.000000,1.000000
539,0.997951,0.048704,-0.041488,-0.155954,0.034513,-0.955826,-0.291899,-0.091516,-0.053872,0.289869,-0.955549,0.330001,0.000000,0.000000,0.000000,1.000000
257,0.998823,0.048497,0.000453,-0.023284,0.046621,-0.957523,-0.284563,0.037709,-0.013367,0.284249,-0.958657,0.276836,0.000000,0.000000,0.000000,1.000000
525,0.992906,0.037559,-0.112810,0.107598,0.010509,-0.972805,-0.231389,-0.013948,-0.118433,0.228562,-0.966299,0.288112,0.000000,0.000000,0.000000,1.000000
539,0.997886,0.050612,-0.040769,-0.155797,0.036350,-0.954674,-0.295425,-0.091449,-0.053873,0.293319,-0.954496,0.329988,0.000000,0.000000,0.000000,1.000000
257,0.998877,0.047078,0.005248,-0.023163,0.046555,-0.955191,-0.292306,0.037621,-0.008749,0.292222,-0.956311,0.276534,0.000000,0.000000,0.000000,1.000000
525,0.993517,0.035966,-0.107848,0.107623,0.010938,-0.974478,-0.224217,-0.014037,-0.113160,0.221583,-0.968553,0.287914,0.000000,0.000000,0.000000,1.000000
539,0.997606,0.053870,-0.043358,-0.156194,0.039064,-0.956392,-0.289462,-0.091783,-0.057061,0.287075,-0.956207,0.330482,0.000000,0.000000,0.000000,1.000000
257,0.998877,0.047078,0.005248,-0.023163,0.046555,-0.955191,-0.292306,0.037621,-0.008749,0.292222,-0.956311,0.276534,0.000000,0.000000,0.000000,1.000000
525,0.992405,0.041788,-0.115694,0.107460,0.012938,-0.970772,-0.239655,-0.013964,-0.122327,0.236339,-0.963940,0.287476,0.000000,0.000000,0.000000,1.000000
539,0.998078,0.049016,-0.037919,-0.155904,0.035712,-0.954992,-0.294475,-0.091473,-0.050647,0.292554,-0.954907,0.330085,0.000000,0.000000,0.000000,1.000000
257,0.998877,0.047078,0.005248,-0.023163,0.046555,-0.955191,-0.292306,0.037621,-0.008749,0.292222,-0.956311,0.276534,0.000000,0.000000,0.000000,1.000000
525,0.991665,0.041954,-0.121820,0.107840,0.011185,-0.969961,-0.243003,-0.013982,-0.128355,0.239615,-0.962346,0.287229,0.000000,0.000000,0.000000,1.000000
539,0.997750,0.050293,-0.044335,-0.155847,0.035151,-0.955509,-0.292858,-0.091491,-0.057091,0.290641,-0.955127,0.329903,0.000000,0.000000,0.000000,1.000000
257,0.998877,0.047078,0.005248,-0.023163,0.046555,-0.955191,-0.292306,0.037621,-0.008749,0.292222,-0.956311,0.276534,0.000000,0.000000,0.000000,1.000000
525,0.993898,0.036896,-0.103946,0.108387,0.010872,-0.970576,-0.240551,-0.012960,-0.109763,0.237953,-0.965055,0.285415,0.000000,0.000000,0.000000,1.000000
539,0.997873,0.050483,-0.041246,-0.155841,0.036041,-0.954435,-0.296234,-0.091547,-0.054321,0.294117,-0.954224,0.329779,0.000000,0.000000,0.000000,1.000000
257,0.998748,0.049847,-0.004195,-0.023294,0.046698,-0.959142,-0.279045,0.037774,-0.017933,0.278500,-0.960269,0.276675,0.000000,0.000000,0.000000,1.000000
525,0.988045,0.031905,-0.150828,0.108675,-0.013819,-0.956083,-0.292770,-0.012776,-0.153545,0.291354,-0.944212,0.283589,0.000000,0.000000,0.000000,1.000000
539,0.998236,0.047373,-0.035799,-0.156287,0.034926,-0.956023,-0.291206,-0.091753,-0.048020,0.289442,-0.955990,0.330601,0.000000,0.000000,0.000000,1.000000
257,0.998877,0.047078,0.005248,-0.023163,0.046555,-0.955191,-0.292306,0.037621,-0.008749,0.292222,-0.956311,0.276534,0.000000,0.000000,0.000000,1.000000
525,0.974731,0.036547,-0.220372,0.108232,-0.041784,-0.939284,-0.340586,-0.016869,-0.219439,0.341188,-0.914023,0.280758,0.000000,0.000000,0.000000,1.000000
539,0.998169,0.049273,-0.035096,-0.156129,0.036772,-0.954867,-0.294749,-0.091684,-0.048035,0.292918,-0.954930,0.330585,0.000000,0.000000,0.000000,1.000000
257,0.998840,0.047941,0.004427,-0.023177,0.047117,-0.954462,-0.294587,0.037568,-0.009898,0.294454,-0.955614,0.276666,0.000000,0.000000,0.000000,1.000000
525,0.950436,0.063277,-0.304413,0.106617,-0.058446,-0.925257,-0.374811,-0.024168,-0.305377,0.374026,-0.875699,0.275444,0.000000,0.000000,0.000000,1.000000
539,0.997750,0.050293,-0.044335,-0.155847,0.035151,-0.955509,-0.292858,-0.091491,-0.057091,0.290641,-0.955127,0.329903,0.000000,0.000000,0.000000,1.000000
525,0.936667,0.052421,-0.346277,0.103676,-0.088946,-0.920709,-0.379979,-0.032108,-0.338739,0.386713,-0.857735,0.264537,0.000000,0.000000,0.000000,1.000000
257,0.998877,0.047078,0.005248,-0.023163,0.046555,-0.955191,-0.292306,0.037621,-0.008749,0.292222,-0.956311,0.276534,0.000000,0.000000,0.000000,1.000000
539,0.998078,0.049016,-0.037919,-0.155904,0.035712,-0.954992,-0.294475,-0.091473,-0.050647,0.292554,-0.954907,0.330085,0.000000,0.000000,0.000000,1.000000
525,0.952381,0.048121,-0.301088,0.099201,-0.071601,-0.924560,-0.374248,-0.042645,-0.296383,0.377985,-0.877089,0.248165,0.000000,0.000000,0.000000,1.000000
257,0.998824,0.048061,-0.006382,-0.023211,0.044099,-0.955307,-0.292309,0.037472,-0.020145,0.291684,-0.956303,0.276359,0.000000,0.000000,0.000000,1.000000
539,0.998033,0.049336,-0.038680,-0.156407,0.036000,-0.956146,-0.290670,-0.091770,-0.051324,0.288706,-0.956041,0.330680,0.000000,0.000000,0.000000,1.000000
525,0.962812,0.025343,-0.268980,0.094643,-0.077556,-0.927762,-0.365025,-0.052800,-0.258800,0.372312,-0.891295,0.227104,0.000000,0.000000,0.000000,1.000000
257,0.998877,0.047078,0.005248,-0.023163,0.046555,-0.955191,-0.292306,0.037621,-0.008749,0.292222,-0.956311,0.276534,0.000000,0.000000,0.000000,1.000000
539,0.998236,0.047373,-0.035799,-0.156287,0.034926,-0.956023,-0.291206,-0.091753,-0.048020,0.289442,-0.955990,0.330601,0.000000,0.000000,0.000000,1.000000
257,0.998806,0.048855,0.000652,-0.023136,0.046805,-0.952898,-0.299657,0.037549,-0.014019,0.299329,-0.954047,0.276689,0.000000,0.000000,0.000000,1.000000
539,0.997984,0.050874,-0.037954,-0.156023,0.037415,-0.954550,-0.295692,-0.091660,-0.051272,0.293676,-0.954529,0.330489,0.000000,0.000000,0.000000,1.000000
257,0.998806,0.048855,0.000652,-0.023136,0.046805,-0.952898,-0.299657,0.037549,-0.014019,0.299329,-0.954047,0.276689,0.000000,0.000000,0.000000,1.000000
539,0.997984,0.050874,-0.037954,-0.156023,0.037415,-0.954550,-0.295692,-0.091660,-0.051272,0.293676,-0.954529,0.330489,0.000000,0.000000,0.000000,1.000000
257,0.998806,0.048855,0.000652,-0.023136,0.046805,-0.952898,-0.299657,0.037549,-0.014019,0.299329,-0.954047,0.276689,0.000000,0.000000,0.000000,1.000000
539,0.998236,0.047373,-0.035799,-0.156287,0.034926,-0.956023,-0.291206,-0.091753,-0.048020,0.289442,-0.955990,0.330601,0.000000,0.000000,0.000000,1.000000
257,0.998806,0.048855,0.000652,-0.023136,0.046805,-0.952898,-0.299657,0.037549,-0.014019,0.299329,-0.954047,0.276689,0.000000,0.000000,0.000000,1.000000
453,0.997164,0.034945,-0.066656,0.112865,0.013998,-0.956332,-0.291948,-0.088150,-0.073947,0.290187,-0.954109,0.316154,0.000000,0.000000,0.000000,1.000000
539,0.997886,0.050612,-0.040769,-0.155797,0.036350,-0.954674,-0.295425,-0.091449,-0.053873,0.293319,-0.954496,0.329988,0.000000,0.000000,0.000000,1.000000
257,0.998847,0.047989,0.001309,-0.023124,0.046205,-0.953605,-0.297494,0.037601,-0.013028,0.297212,-0.954723,0.276555,0.000000,0.000000,0.000000,1.000000
453,0.996997,0.037903,-0.067537,0.112864,0.016322,-0.955298,-0.295192,-0.088043,-0.075706,0.293204,-0.953048,0.315978,0.000000,0.000000,0.000000,1.000000
539,0.998169,0.049273,-0.035096,-0.156129,0.036772,-0.954867,-0.294749,-0.091684,-0.048035,0.292918,-0.954930,0.330585,0.000000,0.000000,0.000000,1.000000
257,0.998680,0.050718,-0.008080,-0.023253,0.046315,-0.957387,-0.285070,0.037748,-0.022193,0.284320,-0.958473,0.276689,0.000000,0.000000,0.000000,1.000000
453,0.997248,0.034043,-0.065862,0.113035,0.013889,-0.958402,-0.285085,-0.088334,-0.072827,0.283385,-0.956237,0.316391,0.000000,0.000000,0.000000,1.000000
539,0.997750,0.050293,-0.044335,-0.155847,0.035151,-0.955509,-0.292858,-0.091491,-0.057091,0.290641,-0.955127,0.329903,0.000000,0.000000,0.000000,1.000000
257,0.998806,0.048855,0.000652,-0.023136,0.046805,-0.952898,-0.299657,0.037549,-0.014019,0.299329,-0.954047,0.276689,0.000000,0.000000,0.000000,1.000000
453,0.997153,0.035379,-0.066583,0.112933,0.014315,-0.955848,-0.293512,-0.088389,-0.074028,0.291723,-0.953634,0.315945,0.000000,0.000000,0.000000,1.000000
539,0.997984,0.050874,-0.037954,-0.156023,0.037415,-0.954550,-0.295692,-0.091660,-0.051272,0.293676,-0.954529,0.330489,0.000000,0.000000,0.000000,1.000000
257,0.998772,0.049418,-0.003657,-0.023132,0.046208,-0.955468,-0.291453,0.037416,-0.017897,0.290926,-0.956578,0.276324,0.000000,0.000000,0.000000,1.000000
453,0.996866,0.038842,-0.068924,0.112938,0.016685,-0.954804,-0.296767,-0.088434,-0.077336,0.294687,-0.952459,0.315802,0.000000,0.000000,0.000000,1.000000
539,0.997838,0.050927,-0.041542,-0.156300,0.036642,-0.955827,-0.291636,-0.091745,-0.054559,0.289484,-0.955627,0.330581,0.000000,0.000000,0.000000,1.000000
257,0.998877,0.047078,0.005248,-0.023163,0.046555,-0.955191,-0.292306,0.037621,-0.008749,0.292222,-0.956311,0.276534,0.000000,0.000000,0.000000,1.000000
453,0.996986,0.038334,-0.067455,0.112933,0.016635,-0.954813,-0.296741,-0.088282,-0.075782,0.294725,-0.952573,0.315769,0.000000,0.000000,0.000000,1.000000
539,0.998236,0.047373,-0.035799,-0.156287,0.034926,-0.956023,-0.291206,-0.091753,-0.048020,0.289442,-0.955990,0.330601,0.000000,0.000000,0.000000,1.000000
257,0.998806,0.048855,0.000652,-0.023136,0.046805,-0.952898,-0.299657,0.037549,-0.014019,0.299329,-0.954047,0.276689,0.000000,0.000000,0.000000,1.000000
453,0.997044,0.035456,-0.068161,0.112872,0.014049,-0.956325,-0.291966,-0.088302,-0.075536,0.290146,-0.953997,0.316191,0.000000,0.000000,0.000000,1.000000
539,0.998169,0.049273,-0.035096,-0.156129,0.036772,-0.954867,-0.294749,-0.091684,-0.048035,0.292918,-0.954930,0.330585,0.000000,0.000000,0.000000,1.000000
257,0.998840,0.047941,0.004427,-0.023177,0.047117,-0.954462,-0.294587,0.037568,-0.009898,0.294454,-0.955614,0.276666,0.000000,0.000000,0.000000,1.000000
453,0.996866,0.038842,-0.068924,0.112938,0.016685,-0.954804,-0.296767,-0.088434,-0.077336,0.294687,-0.952459,0.315802,0.000000,0.000000,0.000000,1.000000
539,0.998019,0.049417,-0.038935,-0.155853,0.035814,-0.955079,-0.294181,-0.091591,-0.051723,0.292204,-0.954956,0.329968,0.000000,0.000000,0.000000,1.000000
257,0.998840,0.047941,0.004427,-0.023177,0.047117,-0.954462,-0.294587,0.037568,-0.009898,0.294454,-0.955614,0.276666,0.000000,0.000000,0.000000,1.000000
453,0.996852,0.037338,-0.069945,0.112958,0.015218,-0.955873,-0.293384,-0.088366,-0.077813,0.291396,-0.953432,0.315860,0.000000,0.000000,0.000000,1.000000
539,0.998169,0.049273,-0.035096,-0.156129,0.036772,-0.954867,-0.294749,-0.091684,-0.048035,0.292918,-0.954930,0.330585,0.000000,0.000000,0.000000,1.000000
257,0.998877,0.047078,0.005248,-0.023163,0.046555,-0.955191,-0.292306,0.037621,-0.008749,0.292222,-0.956311,0.276534,0.000000,0.000000,0.000000,1.000000
453,0.997088,0.038529,-0.065812,0.113017,0.017696,-0.956326,-0.291766,-0.088297,-0.074179,0.289752,-0.954223,0.316162,0.000000,0.000000,0.000000,1.000000
539,0.998078,0.049016,-0.037919,-0.155904,0.035712,-0.954992,-0.294475,-0.091473,-0.050647,0.292554,-0.954907,0.330085,0.000000,0.000000,0.000000,1.000000
257,0.997456,0.058183,-0.041195,-0.023676,0.046157,-0.967451,-0.248815,0.038226,-0.054331,0.246280,-0.967675,0.274968,0.000000,0.000000,0.000000,1.000000
453,0.996852,0.037338,-0.069945,0.112958,0.015218,-0.955873,-0.293384,-0.088366,-0.077813,0.291396,-0.953432,0.315860,0.000000,0.000000,0.000000,1.000000
539,0.997606,0.053870,-0.043358,-0.156194,0.039064,-0.956392,-0.289462,-0.091783,-0.057061,0.287075,-0.956207,0.330482,0.000000,0.000000,0.000000,1.000000
257,0.998485,0.054829,0.004587,-0.030314,0.053918,-0.958480,-0.280018,0.035917,-0.010957,0.279841,-0.959984,0.274699,0.000000,0.000000,0.000000,1.000000
539,0.997819,0.015715,0.064118,-0.170622,0.036854,-0.938421,-0.343524,-0.096543,0.054771,0.345138,-0.936953,0.334021,0.000000,0.000000,0.000000,1.000000
453,0.999402,0.030184,-0.016846,0.102371,0.021815,-0.928792,-0.369958,-0.087691,-0.026813,0.369370,-0.928896,0.315742,0.000000,0.000000,0.000000,1.000000
257,0.998546,0.050385,0.019168,-0.030293,0.053666,-0.962747,-0.265025,0.036586,0.005101,0.265668,-0.964051,0.275800,0.000000,0.000000,0.000000,1.000000
539,0.998774,0.049246,-0.005026,-0.163401,0.045870,-0.958880,-0.280082,-0.094240,-0.018612,0.279508,-0.959963,0.325363,0.000000,0.000000,0.000000,1.000000
453,0.998566,0.033689,-0.041608,0.105528,0.020075,-0.956100,-0.292351,-0.088898,-0.049630,0.291096,-0.955406,0.315807,0.000000,0.000000,0.000000,1.000000
257,0.998715,0.050044,0.007994,-0.029859,0.050303,-0.959761,-0.276277,0.037711,-0.006153,0.276324,-0.961045,0.275988,0.000000,0.000000,0.000000,1.000000
539,0.998874,0.047254,-0.004158,-0.163080,0.044240,-0.959602,-0.277862,-0.093091,-0.017120,0.277365,-0.960612,0.326593,0.000000,0.000000,0.000000,1.000000
453,0.998837,0.031642,-0.036371,0.105677,0.019752,-0.956827,-0.289985,-0.087699,-0.043976,0.288930,-0.956340,0.315961,0.000000,0.000000,0.000000,1.000000
257,0.998659,0.051183,0.007768,-0.029853,0.051153,-0.952518,-0.300155,0.037158,-0.007964,0.300150,-0.953859,0.275964,0.000000,0.000000,0.000000,1.000000
539,0.998931,0.046122,-0.002973,-0.163072,0.043212,-0.954840,-0.293961,-0.092689,-0.016397,0.293518,-0.955813,0.327658,0.000000,0.000000,0.000000,1.000000
453,0.998344,0.034297,-0.046193,0.106516,0.018926,-0.953985,-0.299258,-0.087458,-0.054331,0.297888,-0.953053,0.318190,0.000000,0.000000,0.000000,1.000000
257,0.998722,0.047963,0.015963,-0.029898,0.050525,-0.957043,-0.285509,0.037051,0.001583,0.285951,-0.958243,0.275574,0.000000,0.000000,0.000000,1.000000
539,0.998940,0.045999,-0.001864,-0.162875,0.043465,-0.955693,-0.291137,-0.093370,-0.015174,0.290747,-0.956680,0.326383,0.000000,0.000000,0.000000,1.000000
453,0.998357,0.035146,-0.045251,0.106284,0.020491,-0.956548,-0.290853,-0.088001,-0.053507,0.289448,-0.955697,0.317885,0.000000,0.000000,0.000000,1.000000
257,0.998541,0.048488,0.023776,-0.030100,0.053492,-0.948508,-0.312203,0.036298,0.007414,0.313019,-0.949718,0.277159,0.000000,0.000000,0.000000,1.000000
539,0.998830,0.048312,-0.002084,-0.163507,0.045665,-0.956536,-0.288017,-0.093484,-0.015908,0.287585,-0.957623,0.327643,0.000000,0.000000,0.000000,1.000000
453,0.998513,0.033913,-0.042674,0.106090,0.019686,-0.954412,-0.297842,-0.087837,-0.050829,0.296559,-0.953661,0.317724,0.000000,0.000000,0.000000,1.000000
257,0.998596,0.052456,0.007383,-0.029884,0.052552,-0.963440,-0.262721,0.032995,-0.006668,0.262740,-0.964844,0.275023,0.000000,0.000000,0.000000,1.000000
539,0.998970,0.043777,0.011928,-0.164133,0.045356,-0.956308,-0.288822,-0.098286,-0.001237,0.289065,-0.957309,0.327019,0.000000,0.000000,0.000000,1.000000
453,0.997960,0.041408,-0.048584,0.106301,0.024548,-0.951484,-0.306717,-0.091911,-0.058928,0.304899,-0.950560,0.316291,0.000000,0.000000,0.000000,1.000000
257,0.998102,0.061475,0.003589,-0.029899,0.060332,-0.964538,-0.256956,0.030132,-0.012334,0.256685,-0.966416,0.274566,0.000000,0.000000,0.000000,1.000000
539,0.998791,0.046748,0.015195,-0.163486,0.049145,-0.955972,-0.289312,-0.101677,0.001001,0.289709,-0.957114,0.326489,0.000000,0.000000,0.000000,1.000000
453,0.997741,0.045794,-0.049146,0.107345,0.028998,-0.953556,-0.299815,-0.094625,-0.060593,0.297713,-0.952731,0.315715,0.000000,0.000000,0.000000,1.000000
257,0.998423,0.045870,0.032350,-0.030452,0.054164,-0.938549,-0.340870,0.025800,0.014727,0.342085,-0.939554,0.278253,0.000000,0.000000,0.000000,1.000000
539,0.998432,0.054008,0.014689,-0.162510,0.055960,-0.958335,-0.280112,-0.103711,-0.001051,0.280495,-0.959855,0.325263,0.000000,0.000000,0.000000,1.000000
453,0.996500,0.056173,-0.061899,0.108154,0.034974,-0.952790,-0.301609,-0.095740,-0.075919,0.298389,-0.951420,0.316775,0.000000,0.000000,0.000000,1.000000
257,0.998011,-0.013494,0.061581,-0.036234,0.009665,-0.932527,-0.360970,0.016666,0.062297,0.360847,-0.930542,0.279551,0.000000,0.000000,0.000000,1.000000
539,0.998718,0.048118,0.015726,-0.164505,0.050608,-0.956563,-0.287101,-0.106246,0.001228,0.287528,-0.957771,0.308378,0.000000,0.000000,0.000000,1.000000
453,0.993283,0.067266,-0.094145,0.102325,0.037985,-0.958128,-0.283810,-0.109311,-0.109293,0.278328,-0.954248,0.318700,0.000000,0.000000,0.000000,1.000000
257,0.998065,-0.057653,0.023307,-0.044182,-0.042294,-0.904087,-0.425250,-0.010363,0.045589,0.423441,-0.904776,0.279095,0.000000,0.000000,0.000000,1.000000
539,0.979312,-0.079343,0.186153,-0.182208,-0.018611,-0.951341,-0.307577,-0.120358,0.201499,0.297750,-0.933136,0.296461,0.000000,0.000000,0.000000,1.000000
257,0.995084,-0.065756,0.074052,-0.065964,-0.035954,-0.936607,-0.348533,-0.052028,0.092276,0.344157,-0.934367,0.269748,0.000000,0.000000,0.000000,1.000000
257,0.982480,-0.062862,0.175449,-0.082555,-0.032822,-0.985046,-0.169137,-0.094149,0.183457,0.160415,-0.969851,0.249999,0.000000,0.000000,0.000000,1.000000
257,0.877550,-0.469864,-0.095571,-0.099614,-0.406611,-0.834878,0.371007,-0.048833,-0.254113,-0.286717,-0.923699,0.216615,0.000000,0.000000,0.000000,1.000000
257,0.898368,-0.439243,0.000822,-0.102266,-0.429618,-0.878289,0.209848,-0.027615,-0.091453,-0.188874,-0.977734,0.256775,0.000000,0.000000,0.000000,1.000000
257,0.897242,-0.441520,0.003996,-0.129157,-0.421086,-0.858368,-0.293071,-0.001917,0.132826,0.261273,-0.956082,0.266669,0.000000,0.000000,0.000000,1.000000
525,0.955141,0.179489,-0.235562,0.104542,-0.024845,-0.744042,-0.667671,0.136697,-0.295107,0.643573,-0.706205,0.470122,0.000000,0.000000,0.000000,1.000000
525,0.993218,0.013757,-0.115453,0.087237,0.055985,-0.926871,0.371181,0.054650,-0.101903,-0.375127,-0.921355,0.449769,0.000000,0.000000,0.000000,1.000000
525,0.974838,0.149375,-0.165461,0.071663,0.081415,-0.929574,-0.359533,-0.034388,-0.207514,0.337016,-0.918345,0.419390,0.000000,0.000000,0.000000,1.000000
525,0.980093,0.132526,-0.147833,0.063398,0.106783,-0.979601,-0.170233,-0.085065,-0.167378,0.151058,-0.974252,0.384031,0.000000,0.000000,0.000000,1.000000
525,0.971903,0.132423,-0.194600,0.050703,0.124451,-0.990826,-0.052689,-0.111910,-0.199792,0.026991,-0.979466,0.356126,0.000000,0.000000,0.000000,1.000000
525,0.975455,0.132436,-0.175923,0.031194,0.141662,-0.989070,0.040907,-0.112891,-0.168582,-0.064825,-0.983554,0.338928,0.000000,0.000000,0.000000,1.000000
525,0.981611,0.152985,-0.114176,0.014888,0.138070,-0.982015,-0.128778,-0.140410,-0.131824,0.110645,-0.985079,0.343692,0.000000,0.000000,0.000000,1.000000
525,0.972850,0.196276,0.122628,0.027623,0.177147,-0.972500,0.151202,-0.054247,0.148933,-0.125374,-0.980867,0.244808,0.000000,0.000000,0.000000,1.000000
525,0.970435,0.110137,0.214769,0.029115,0.075215,-0.983506,0.164494,-0.036432,0.229343,-0.143477,-0.962713,0.240297,0.000000,0.000000,0.000000,1.000000
525,0.994092,0.070344,-0.082660,0.032949,0.073244,-0.996781,0.032594,-0.028849,-0.080102,-0.038455,-0.996045,0.263654,0.000000,0.000000,0.000000,1.000000
525,0.998621,0.043292,-0.029697,0.037222,0.045075,-0.997041,0.062273,-0.022087,-0.026914,-0.063525,-0.997617,0.257244,0.000000,0.000000,0.000000,1.000000
525,0.999829,0.018248,0.003058,0.039486,0.018040,-0.998149,0.058086,-0.011203,0.004112,-0.058021,-0.998307,0.255239,0.000000,0.000000,0.000000,1.000000
525,0.990994,-0.000641,-0.133906,0.039570,0.003824,-0.999445,0.033088,-0.004759,-0.133853,-0.033303,-0.990441,0.264822,0.000000,0.000000,0.000000,1.000000
172,-0.344827,0.142261,0.927823,-2.188276,0.178884,0.980293,-0.083824,-0.356470,-0.921463,0.137068,-0.363480,4.001676,0.000000,0.000000,0.000000,1.000000
525,0.988952,0.010875,-0.147834,0.047137,0.005181,-0.999232,-0.038850,-0.013035,-0.148143,0.037655,-0.988249,0.261789,0.000000,0.000000,0.000000,1.000000
525,0.986066,0.017328,-0.165451,0.051984,0.026680,-0.998159,0.054470,-0.017390,-0.164202,-0.058125,-0.984713,0.259790,0.000000,0.000000,0.000000,1.000000
525,0.985271,0.032407,-0.167898,0.056511,0.044850,-0.996478,0.070853,-0.024347,-0.165011,-0.077340,-0.983255,0.258073,0.000000,0.000000,0.000000,1.000000
525,0.989963,0.029082,-0.138299,0.055174,0.049293,-0.988196,0.145045,-0.026019,-0.132448,-0.150407,-0.979712,0.254281,0.000000,0.000000,0.000000,1.000000
525,0.986957,0.035409,-0.157043,0.055757,0.053264,-0.992393,0.110988,-0.030912,-0.151918,-0.117905,-0.981335,0.256898,0.000000,0.000000,0.000000,1.000000
525,0.992503,0.031308,-0.118142,0.053567,0.047767,-0.989115,0.139174,-0.030373,-0.112498,-0.143773,-0.983195,0.253452,0.000000,0.000000,0.000000,1.000000
525,0.986007,0.037276,-0.162483,0.054199,0.051809,-0.994935,0.086143,-0.032158,-0.158449,-0.093355,-0.982944,0.257187,0.000000,0.000000,0.000000,1.000000
525,0.992984,0.029562,-0.114498,0.053642,0.044658,-0.990295,0.131609,-0.031936,-0.109496,-0.135798,-0.984667,0.254410,0.000000,0.000000,0.000000,1.000000
525,0.987539,0.030594,-0.154374,0.052933,0.042164,-0.996496,0.072236,-0.032291,-0.151623,-0.077845,-0.985368,0.257100,0.000000,0.000000,0.000000,1.000000
525,0.987956,0.028610,-0.152066,0.054321,0.046375,-0.992330,0.114591,-0.034404,-0.147621,-0.120263,-0.981705,0.255067,0.000000,0.000000,0.000000,1.000000
525,0.990490,0.022811,-0.135683,0.052677,0.039366,-0.991918,0.120617,-0.031362,-0.131835,-0.124812,-0.983383,0.254918,0.000000,0.000000,0.000000,1.000000
525,0.989370,0.024744,-0.143298,0.053770,0.035437,-0.996735,0.072552,-0.031175,-0.141035,-0.076858,-0.987017,0.256616,0.000000,0.000000,0.000000,1.000000
525,0.991114,0.016884,-0.131942,0.054876,0.031945,-0.993095,0.112877,-0.029111,-0.129125,-0.116089,-0.984810,0.257121,0.000000,0.000000,0.000000,1.000000
525,0.987629,0.025512,-0.154718,0.056393,0.038304,-0.996037,0.080268,-0.030239,-0.152057,-0.085202,-0.984692,0.260968,0.000000,0.000000,0.000000,1.000000
525,0.987107,0.034331,-0.156339,0.058719,0.049806,-0.994119,0.096165,-0.032719,-0.152118,-0.102711,-0.983011,0.259942,0.000000,0.000000,0.000000,1.000000
525,0.990744,0.036070,-0.130865,0.056961,0.051555,-0.991799,0.116944,-0.030793,-0.125573,-0.122608,-0.984479,0.258921,0.000000,0.000000,0.000000,1.000000
525,0.988277,0.053428,-0.143019,0.059004,0.059377,-0.997525,0.037655,-0.032028,-0.140653,-0.045705,-0.989003,0.262034,0.000000,0.000000,0.000000,1.000000
525,0.991566,0.061238,-0.114224,0.060470,0.077483,-0.986585,0.143686,-0.032355,-0.103893,-0.151325,-0.983009,0.259711,0.000000,0.000000,0.000000,1.000000
525,0.989897,0.068136,-0.124347,0.058220,0.079995,-0.992447,0.093009,-0.028963,-0.117071,-0.102016,-0.987870,0.263452,0.000000,0.000000,0.000000,1.000000
525,0.988395,0.077062,-0.130906,0.059077,0.089431,-0.991791,0.091391,-0.029234,-0.122789,-0.102038,-0.987173,0.265208,0.000000,0.000000,0.000000,1.000000
525,0.989715,0.074611,-0.122057,0.057800,0.086547,-0.991650,0.095602,-0.027896,-0.113905,-0.105182,-0.987908,0.266628,0.000000,0.000000,0.000000,1.000000
525,0.987255,0.076918,-0.139324,0.057172,0.091598,-0.990536,0.102213,-0.029816,-0.130143,-0.113672,-0.984958,0.268881,0.000000,0.000000,0.000000,1.000000
525,0.991449,0.079589,-0.103414,0.054618,0.090989,-0.989686,0.110645,-0.028982,-0.093541,-0.119109,-0.988465,0.266941,0.000000,0.000000,0.000000,1.000000
525,0.989999,0.086935,-0.111106,0.052967,0.096839,-0.991483,0.087088,-0.027183,-0.102589,-0.096977,-0.989985,0.270824,0.000000,0.000000,0.000000,1.000000
525,0.989740,0.092712,-0.108715,0.050414,0.099916,-0.993012,0.062798,-0.026969,-0.102133,-0.073016,-0.992087,0.271104,0.000000,0.000000,0.000000,1.000000
525,0.992848,0.088143,-0.080519,0.047737,0.093967,-0.992993,0.071657,-0.024899,-0.073639,-0.078710,-0.994174,0.272350,0.000000,0.000000,0.000000,1.000000
525,0.991340,0.086687,-0.098641,0.046288,0.091171,-0.994954,0.041883,-0.022370,-0.094513,-0.050514,-0.994241,0.273040,0.000000,0.000000,0.000000,1.000000
525,0.995683,0.084076,-0.039338,0.043412,0.086139,-0.994815,0.054069,-0.016163,-0.034588,-0.057224,-0.997762,0.271254,0.000000,0.000000,0.000000,1.000000
525,0.992122,0.091455,-0.085616,0.041542,0.092868,-0.995598,0.012660,-0.011349,-0.084081,-0.020512,-0.996248,0.274078,0.000000,0.000000,0.000000,1.000000
525,0.989453,0.124126,-0.074667,0.040297,0.124939,-0.992144,0.006294,-0.006974,-0.073300,-0.015557,-0.997189,0.273181,0.000000,0.000000,0.000000,1.000000
525,0.983564,0.156940,-0.089290,0.038747,0.156823,-0.987591,-0.008365,-0.004170,-0.089494,-0.005776,-0.995971,0.272385,0.000000,0.000000,0.000000,1.000000
525,0.982269,0.183819,-0.036839,0.037512,0.183861,-0.982950,-0.002296,0.003031,-0.036633,-0.004518,-0.999319,0.269861,0.000000,0.000000,0.000000,1.000000
525,0.978272,0.201136,-0.050285,0.036840,0.197848,-0.978170,-0.063557,0.010553,-0.061971,0.052227,-0.996711,0.272298,0.000000,0.000000,0.000000,1.000000
525,0.973749,0.227517,-0.007051,0.037367,0.227027,-0.972965,-0.042400,0.017946,-0.016507,0.039686,-0.999076,0.270228,0.000000,0.000000,0.000000,1.000000
525,0.968434,0.248082,-0.024296,0.035650,0.246353,-0.967413,-0.058508,0.026262,-0.038019,0.050676,-0.997991,0.273090,0.000000,0.000000,0.000000,1.000000
525,0.964304,0.261110,-0.044041,0.034757,0.255719,-0.961449,-0.101114,0.031939,-0.068745,0.086242,-0.993900,0.273858,0.000000,0.000000,0.000000,1.000000
525,0.959614,0.280406,-0.022666,0.033643,0.277918,-0.957419,-0.078174,0.037515,-0.043621,0.068717,-0.996682,0.273330,0.000000,0.000000,0.000000,1.000000
525,0.951872,0.302705,-0.048062,0.031159,0.297902,-0.950608,-0.087173,0.040632,-0.072076,0.068659,-0.995033,0.273918,0.000000,0.000000,0.000000,1.000000
525,0.945141,0.325307,-0.029723,0.029331,0.321695,-0.942717,-0.088300,0.042602,-0.056745,0.073894,-0.995650,0.273452,0.000000,0.000000,0.000000,1.000000
525,0.937997,0.342517,-0.053332,0.028327,0.335311,-0.935546,-0.111001,0.043610,-0.087914,0.086236,-0.992388,0.274187,0.000000,0.000000,0.000000,1.000000
525,0.930185,0.364761,-0.041287,0.029431,0.358456,-0.926793,-0.112090,0.044547,-0.079151,0.089465,-0.992840,0.273446,0.000000,0.000000,0.000000,1.000000
525,0.917967,0.391488,-0.063824,0.031026,0.382909,-0.916600,-0.115003,0.043322,-0.103523,0.081130,-0.991313,0.274208,0.000000,0.000000,0.000000,1.000000
525,0.910015,0.410514,-0.057878,0.031735,0.405819,-0.910613,-0.078068,0.043740,-0.084752,0.047555,-0.995267,0.273593,0.000000,0.000000,0.000000,1.000000
525,0.895984,0.438723,-0.068809,0.033583,0.428416,-0.894726,-0.126199,0.043629,-0.116931,0.083593,-0.989616,0.272999,0.000000,0.000000,0.000000,1.000000
525,0.886021,0.459736,-0.060083,0.034592,0.453916,-0.886522,-0.089663,0.047358,-0.094486,0.052170,-0.994158,0.272988,0.000000,0.000000,0.000000,1.000000
525,0.875251,0.480743,-0.053118,0.034311,0.475132,-0.875145,-0.091493,0.049176,-0.090471,0.054841,-0.994388,0.273524,0.000000,0.000000,0.000000,1.000000
525,0.865994,0.489949,-0.100025,0.036272,0.481269,-0.870929,-0.099313,0.051008,-0.135773,0.037866,-0.990016,0.275359,0.000000,0.000000,0.000000,1.000000
525,0.854468,0.512214,-0.086726,0.040395,0.500236,-0.856274,-0.128681,0.052372,-0.140173,0.066570,-0.987887,0.275818,0.000000,0.000000,0.000000,1.000000
525,0.840189,0.527374,-0.126330,0.044300,0.521773,-0.849632,-0.076672,0.052822,-0.147769,-0.001496,-0.989021,0.277346,0.000000,0.000000,0.000000,1.000000
525,0.824711,0.561459,-0.067930,0.044821,0.555460,-0.826720,-0.089433,0.053336,-0.106372,0.036024,-0.993674,0.276671,0.000000,0.000000,0.000000,1.000000
525,0.809112,0.579706,-0.096326,0.044525,0.574400,-0.814783,-0.078703,0.053749,-0.124109,0.008350,-0.992233,0.279263,0.000000,0.000000,0.000000,1.000000
525,0.797696,0.601091,-0.048685,0.041601,0.597894,-0.798826,-0.066327,0.054242,-0.078759,0.023800,-0.996610,0.278664,0.000000,0.000000,0.000000,1.000000
794,0.015452,0.144210,0.989426,-0.988276,-0.410469,-0.901404,0.137791,-0.649866,0.911744,-0.408258,0.045265,2.008755,0.000000,0.000000,0.000000,1.000000
525,0.783119,0.618423,-0.065409,0.039984,0.613804,-0.785559,-0.078372,0.054808,-0.099850,0.021227,-0.994776,0.279913,0.000000,0.000000,0.000000,1.000000
525,0.766608,0.639139,-0.061762,0.040042,0.631929,-0.768013,-0.104027,0.054680,-0.113922,0.040719,-0.992655,0.281506,0.000000,0.000000,0.000000,1.000000
525,0.758643,0.648912,-0.058085,0.039865,0.641169,-0.759452,-0.110159,0.055623,-0.115597,0.046329,-0.992215,0.282372,0.000000,0.000000,0.000000,1.000000
525,0.750790,0.658926,-0.046153,0.040171,0.652654,-0.750778,-0.101861,0.056455,-0.101770,0.046354,-0.993727,0.283177,0.000000,0.000000,0.000000,1.000000
525,0.747549,0.663190,-0.036735,0.039695,0.657594,-0.746758,-0.099615,0.057241,-0.093496,0.050311,-0.994348,0.284451,0.000000,0.000000,0.000000,1.000000
525,0.745650,0.663084,-0.065773,0.040129,0.655823,-0.747766,-0.103644,0.057448,-0.117908,0.034147,-0.992437,0.285010,0.000000,0.000000,0.000000,1.000000
525,0.743164,0.666446,-0.059642,0.041008,0.657716,-0.743981,-0.117905,0.056685,-0.122950,0.048396,-0.991232,0.285042,0.000000,0.000000,0.000000,1.000000
525,0.742986,0.665497,-0.071311,0.041341,0.660267,-0.746231,-0.084774,0.056159,-0.109631,0.015902,-0.993845,0.284568,0.000000,0.000000,0.000000,1.000000
525,0.741032,0.670066,-0.043394,0.041354,0.665987,-0.741686,-0.079770,0.055592,-0.085636,0.030212,-0.995868,0.283145,0.000000,0.000000,0.000000,1.000000
525,0.740472,0.670109,-0.051525,0.041052,0.665046,-0.741626,-0.087778,0.055140,-0.097033,0.030731,-0.994807,0.282693,0.000000,0.000000,0.000000,1.000000
525,0.741613,0.668478,-0.056095,0.040667,0.662842,-0.743082,-0.092024,0.054809,-0.103199,0.031064,-0.994175,0.282395,0.000000,0.000000,0.000000,1.000000
525,0.741780,0.669693,-0.035702,0.040867,0.665313,-0.741539,-0.086483,0.053867,-0.084391,0.040399,-0.995613,0.281199,0.000000,0.000000,0.000000,1.000000
525,0.745285,0.665328,-0.043465,0.040383,0.661198,-0.745904,-0.080279,0.053756,-0.085832,0.031091,-0.995824,0.281650,0.000000,0.000000,0.000000,1.000000
525,0.744751,0.664979,-0.056108,0.039600,0.659724,-0.746311,-0.088229,0.052277,-0.100544,0.028693,-0.994519,0.281507,0.000000,0.000000,0.000000,1.000000
525,0.749354,0.659626,-0.057988,0.039142,0.653407,-0.750796,-0.096770,0.051639,-0.107369,0.034625,-0.993616,0.281902,0.000000,0.000000,0.000000,1.000000
525,0.748926,0.661996,-0.029521,0.039269,0.658560,-0.748505,-0.077715,0.051902,-0.073544,0.038761,-0.996538,0.280752,0.000000,0.000000,0.000000,1.000000
525,0.750800,0.659640,-0.034270,0.038822,0.655194,-0.750313,-0.088043,0.052247,-0.083790,0.043649,-0.995527,0.281872,0.000000,0.000000,0.000000,1.000000
525,0.753914,0.655194,-0.048322,0.039059,0.650156,-0.754638,-0.088420,0.052510,-0.094398,0.035244,-0.994911,0.283223,0.000000,0.000000,0.000000,1.000000
525,0.752662,0.657574,-0.033093,0.039466,0.652312,-0.751576,-0.098099,0.051851,-0.089379,0.052248,-0.994626,0.283623,0.000000,0.000000,0.000000,1.000000
525,0.755180,0.653264,-0.054312,0.039551,0.648772,-0.756694,-0.080674,0.051422,-0.093799,0.025687,-0.995260,0.284066,0.000000,0.000000,0.000000,1.000000
190,0.060655,-0.911906,-0.405893,-1.125517,-0.983462,-0.124121,0.131894,-1.433100,-0.170655,0.391180,-0.904353,4.916758,0.000000,0.000000,0.000000,1.000000
525,0.753494,0.655025,-0.056473,0.039563,0.648754,-0.754702,-0.097692,0.050903,-0.106611,0.036973,-0.993613,0.285127,0.000000,0.000000,0.000000,1.000000
525,0.753391,0.655051,-0.057535,0.039738,0.647329,-0.754194,-0.110255,0.050394,-0.115615,0.045821,-0.992237,0.285456,0.000000,0.000000,0.000000,1.000000
525,0.753594,0.654959,-0.055898,0.039088,0.648535,-0.754679,-0.099310,0.050420,-0.107229,0.038588,-0.993485,0.285861,0.000000,0.000000,0.000000,1.000000
525,0.755753,0.653906,-0.035266,0.038616,0.649249,-0.755227,-0.090049,0.050134,-0.085517,0.045158,-0.995313,0.285308,0.000000,0.000000,0.000000,1.000000
525,0.758150,0.650864,-0.039810,0.038430,0.645939,-0.757968,-0.090816,0.049972,-0.089283,0.043137,-0.995072,0.286458,0.000000,0.000000,0.000000,1.000000
525,0.760330,0.647897,-0.046122,0.038705,0.641865,-0.760334,-0.099504,0.049426,-0.099536,0.046052,-0.993968,0.285842,0.000000,0.000000,0.000000,1.000000
525,0.762811,0.645056,-0.044976,0.039716,0.639490,-0.762873,-0.095275,0.048549,-0.095769,0.043915,-0.994434,0.286425,0.000000,0.000000,0.000000,1.000000
525,0.763521,0.642287,-0.067103,0.039627,0.636601,-0.766050,-0.088913,0.047354,-0.108512,0.025169,-0.993776,0.286561,0.000000,0.000000,0.000000,1.000000
525,0.761954,0.645552,-0.051852,0.040303,0.637473,-0.761720,-0.115801,0.045915,-0.114252,0.055181,-0.991918,0.286077,0.000000,0.000000,0.000000,1.000000
525,0.759414,0.648037,-0.057778,0.040169,0.640855,-0.760393,-0.105391,0.045226,-0.112231,0.043008,-0.992751,0.285350,0.000000,0.000000,0.000000,1.000000
525,0.761325,0.646101,-0.054194,0.039808,0.639606,-0.762103,-0.100514,0.044827,-0.106244,0.041861,-0.993459,0.285365,0.000000,0.000000,0.000000,1.000000
525,0.763229,0.644504,-0.045787,0.039134,0.638489,-0.763174,-0.099484,0.045174,-0.099061,0.046695,-0.993985,0.285826,0.000000,0.000000,0.000000,1.000000
525,0.761332,0.646146,-0.053558,0.038999,0.636226,-0.760436,-0.130203,0.045632,-0.124858,0.065053,-0.990040,0.286637,0.000000,0.000000,0.000000,1.000000
525,0.763849,0.644811,-0.027441,0.038933,0.638972,-0.761546,-0.108455,0.046446,-0.090831,0.065309,-0.993723,0.286559,0.000000,0.000000,0.000000,1.000000
525,0.763611,0.643972,-0.046877,0.038096,0.636447,-0.762942,-0.113379,0.047978,-0.108777,0.056743,-0.992445,0.287546,0.000000,0.000000,0.000000,1.000000
525,0.762711,0.644240,-0.056804,0.038364,0.633316,-0.761796,-0.136304,0.048622,-0.131086,0.067985,-0.989037,0.288054,0.000000,0.000000,0.000000,1.000000
525,0.762968,0.645139,-0.040939,0.038583,0.639150,-0.762336,-0.101645,0.049205,-0.096784,0.051386,-0.993978,0.288048,0.000000,0.000000,0.000000,1.000000
525,0.761206,0.646055,-0.056367,0.038689,0.636404,-0.760886,-0.126659,0.049136,-0.124717,0.060542,-0.990344,0.288517,0.000000,0.000000,0.000000,1.000000
525,0.761893,0.646385,-0.041299,0.039217,0.638515,-0.760259,-0.119608,0.049600,-0.108711,0.064759,-0.991962,0.288419,0.000000,0.000000,0.000000,1.000000
525,0.758065,0.649949,-0.053888,0.039105,0.640090,-0.757305,-0.129514,0.049752,-0.124987,0.063687,-0.990112,0.288207,0.000000,0.000000,0.000000,1.000000
470,0.788949,-0.476341,-0.388148,1.077745,0.465827,0.051723,0.883363,-0.437236,-0.400705,-0.877738,0.262699,2.022034,0.000000,0.000000,0.000000,1.000000
525,0.761271,0.647415,-0.036346,0.038716,0.641104,-0.759886,-0.107510,0.050439,-0.097222,0.058543,-0.993539,0.288458,0.000000,0.000000,0.000000,1.000000
525,0.759942,0.649265,-0.030702,0.038203,0.644623,-0.758883,-0.092505,0.050823,-0.083359,0.050507,-0.995239,0.288320,0.000000,0.000000,0.000000,1.000000
525,0.758685,0.648968,-0.056899,0.038378,0.639344,-0.758497,-0.126181,0.050464,-0.125045,0.059354,-0.990374,0.290189,0.000000,0.000000,0.000000,1.000000
525,0.757656,0.651577,-0.037482,0.038308,0.644777,-0.756172,-0.111652,0.050294,-0.101093,0.060426,-0.993040,0.289817,0.000000,0.000000,0.000000,1.000000
525,0.756262,0.653536,-0.030945,0.038216,0.645766,-0.753199,-0.125207,0.050296,-0.105135,0.074706,-0.991648,0.289890,0.000000,0.000000,0.000000,1.000000
525,0.756903,0.651807,-0.047391,0.037909,0.642792,-0.755599,-0.126051,0.050448,-0.117969,0.064946,-0.990891,0.290733,0.000000,0.000000,0.000000,1.000000
525,0.759390,0.649881,-0.031321,0.037203,0.641742,-0.756074,-0.128529,0.050445,-0.107210,0.077504,-0.991211,0.290740,0.000000,0.000000,0.000000,1.000000
525,0.760622,0.647929,-0.040531,0.037003,0.641762,-0.759866,-0.103663,0.050431,-0.097965,0.052837,-0.993786,0.290551,0.000000,0.000000,0.000000,1.000000
525,0.761068,0.647192,-0.043789,0.036311,0.636907,-0.758359,-0.138710,0.050004,-0.122980,0.077678,-0.989364,0.291043,0.000000,0.000000,0.000000,1.000000
525,0.762871,0.644787,-0.047715,0.036198,0.636813,-0.762093,-0.116977,0.049698,-0.111788,0.058853,-0.991988,0.290752,0.000000,0.000000,0.000000,1.000000
525,0.764883,0.641968,-0.053210,0.036075,0.635031,-0.765319,-0.104990,0.049277,-0.108123,0.046515,-0.993049,0.290488,0.000000,0.000000,0.000000,1.000000
525,0.767241,0.639842,-0.044094,0.036151,0.633462,-0.766756,-0.103974,0.048713,-0.100336,0.051841,-0.993602,0.290142,0.000000,0.000000,0.000000,1.000000
525,0.767621,0.638578,-0.054553,0.036042,0.631353,-0.768078,-0.107000,0.048716,-0.110228,0.047693,-0.992761,0.290257,0.000000,0.000000,0.000000,1.000000
525,0.768497,0.638879,-0.035303,0.036211,0.632608,-0.766917,-0.107916,0.048742,-0.096020,0.060600,-0.993533,0.289727,0.000000,0.000000,0.000000,1.000000
525,0.768823,0.636570,-0.060749,0.036033,0.627328,-0.769242,-0.121350,0.049118,-0.123978,0.055187,-0.990749,0.290496,0.000000,0.000000,0.000000,1.000000
525,0.769978,0.636002,-0.051329,0.036486,0.624594,-0.767720,-0.143140,0.049188,-0.130443,0.078155,-0.988371,0.290559,0.000000,0.000000,0.000000,1.000000
525,0.773013,0.631536,-0.060119,0.038231,0.621109,-0.772713,-0.130917,0.049307,-0.129134,0.063860,-0.989569,0.290569,0.000000,0.000000,0.000000,1.000000
525,0.772415,0.630236,-0.078599,0.040809,0.617446,-0.774139,-0.139531,0.048651,-0.148784,0.059245,-0.987093,0.289862,0.000000,0.000000,0.000000,1.000000
525,0.774347,0.629523,-0.063937,0.042033,0.619790,-0.774946,-0.123770,0.047928,-0.127464,0.056214,-0.990249,0.288234,0.000000,0.000000,0.000000,1.000000
525,0.779436,0.622371,-0.071655,0.041303,0.616833,-0.782392,-0.085909,0.047071,-0.109529,0.022761,-0.993723,0.287461,0.000000,0.000000,0.000000,1.000000
525,0.779782,0.621615,-0.074399,0.040681,0.614249,-0.782626,-0.100972,0.045136,-0.120992,0.033037,-0.992104,0.287661,0.000000,0.000000,0.000000,1.000000
794,0.028699,0.209108,0.977471,-0.944708,-0.407275,-0.890578,0.202478,-0.738931,0.912855,-0.403910,0.059605,2.010120,0.000000,0.000000,0.000000,1.000000
525,0.781491,0.620569,-0.064544,0.039789,0.612586,-0.782808,-0.109317,0.044281,-0.118364,0.045891,-0.991909,0.288789,0.000000,0.000000,0.000000,1.000000
525,0.783938,0.616936,-0.069508,0.038321,0.607428,-0.785326,-0.119554,0.043894,-0.128343,0.051502,-0.990392,0.289785,0.000000,0.000000,0.000000,1.000000
525,0.782494,0.617929,-0.076600,0.037966,0.603654,-0.783010,-0.149988,0.043117,-0.152661,0.071125,-0.985716,0.290362,0.000000,0.000000,0.000000,1.000000
525,0.788575,0.612264,-0.057298,0.037403,0.605100,-0.789183,-0.105091,0.043514,-0.109562,0.048201,-0.992811,0.290749,0.000000,0.000000,0.000000,1.000000
525,0.789847,0.610240,-0.061219,0.038761,0.596916,-0.787824,-0.151737,0.043695,-0.140826,0.083306,-0.986523,0.291626,0.000000,0.000000,0.000000,1.000000
525,0.780453,0.617415,-0.098454,0.044323,0.592026,-0.780427,-0.201097,0.042881,-0.200996,0.098659,-0.974611,0.292666,0.000000,0.000000,0.000000,1.000000
525,0.774912,0.623602,-0.103109,0.048918,0.604950,-0.779000,-0.164906,0.043122,-0.183158,0.065412,-0.980905,0.292475,0.000000,0.000000,0.000000,1.000000
525,0.770710,0.628471,-0.105028,0.050362,0.609239,-0.775108,-0.167440,0.044187,-0.186639,0.065060,-0.980272,0.292544,0.000000,0.000000,0.000000,1.000000
525,0.767123,0.629503,-0.123485,0.051891,0.609623,-0.775295,-0.165159,0.045229,-0.199705,0.051417,-0.978506,0.294227,0.000000,0.000000,0.000000,1.000000
525,0.766973,0.634298,-0.097050,0.052760,0.617977,-0.770872,-0.154467,0.045527,-0.172792,0.058497,-0.983220,0.294923,0.000000,0.000000,0.000000,1.000000
525,0.764098,0.635547,-0.110612,0.053184,0.619341,-0.770692,-0.149835,0.046479,-0.180475,0.045982,-0.982504,0.295465,0.000000,0.000000,0.000000,1.000000
525,0.762242,0.637098,-0.114425,0.053189,0.618576,-0.769024,-0.161140,0.047161,-0.190658,0.052047,-0.980276,0.296406,0.000000,0.000000,0.000000,1.000000
525,0.764503,0.636155,-0.104125,0.053077,0.622144,-0.770439,-0.139142,0.047246,-0.168738,0.041593,-0.984783,0.296549,0.000000,0.000000,0.000000,1.000000
525,0.769765,0.629715,-0.104506,0.052707,0.616667,-0.775897,-0.133060,0.046921,-0.164876,0.037979,-0.985583,0.297443,0.000000,0.000000,0.000000,1.000000
525,0.779801,0.618574,-0.096316,0.053649,0.599401,-0.782137,-0.170233,0.046477,-0.180634,0.075016,-0.980685,0.296488,0.000000,0.000000,0.000000,1.000000
525,0.792540,0.599803,-0.110081,0.053909,0.583983,-0.798480,-0.146264,0.048230,-0.175627,0.051635,-0.983102,0.297644,0.000000,0.000000,0.000000,1.000000
525,0.793346,0.595729,-0.125335,0.054269,0.581063,-0.802421,-0.135966,0.047183,-0.181571,0.035041,-0.982753,0.297705,0.000000,0.000000,0.000000,1.000000
525,0.796509,0.592980,-0.118102,0.053835,0.579148,-0.804353,-0.132678,0.047226,-0.173671,0.037280,-0.984098,0.297421,0.000000,0.000000,0.000000,1.000000
525,0.795854,0.592667,-0.123943,0.053610,0.578248,-0.804663,-0.134711,0.047214,-0.179571,0.035540,-0.983103,0.297770,0.000000,0.000000,0.000000,1.000000
17,0.913001,0.039338,-0.406056,-2.134535,0.120518,-0.976924,0.176337,-1.133442,-0.389749,-0.209933,-0.896674,3.611595,0.000000,0.000000,0.000000,1.000000
525,0.792813,0.597583,-0.119755,0.054279,0.579328,-0.799943,-0.156431,0.047057,-0.189278,0.054643,-0.980402,0.297996,0.000000,0.000000,0.000000,1.000000
525,0.793668,0.594855,-0.127427,0.054161,0.577557,-0.802577,-0.149328,0.047346,-0.191099,0.044921,-0.980542,0.298682,0.000000,0.000000,0.000000,1.000000
997,0.983078,0.015192,0.182558,-2.951678,-0.038356,-0.957395,0.286223,-1.236397,0.179129,-0.288381,-0.940611,6.105763,0.000000,0.000000,0.000000,1.000000
525,0.794836,0.597147,-0.107941,0.054588,0.585077,-0.801323,-0.124768,0.047262,-0.161000,0.036016,-0.986297,0.298550,0.000000,0.000000,0.000000,1.000000
525,0.789904,0.602345,-0.115033,0.054069,0.585887,-0.796675,-0.148476,0.047140,-0.181078,0.049886,-0.982203,0.298197,0.000000,0.000000,0.000000,1.000000
525,0.787951,0.604201,-0.118637,0.053729,0.584164,-0.794446,-0.166156,0.047338,-0.194643,0.061620,-0.978937,0.297995,0.000000,0.000000,0.000000,1.000000
525,0.788665,0.603219,-0.118889,0.054117,0.589669,-0.796867,-0.131505,0.047773,-0.174065,0.033609,-0.984160,0.297167,0.000000,0.000000,0.000000,1.000000
979,0.414690,-0.795743,0.441390,-2.222777,-0.511300,0.197487,0.836404,-1.763910,-0.752731,-0.572531,-0.324968,4.582548,0.000000,0.000000,0.000000,1.000000
525,0.786804,0.607440,-0.109348,0.054412,0.591985,-0.792843,-0.144751,0.048132,-0.174624,0.049158,-0.983407,0.297078,0.000000,0.000000,0.000000,1.000000
525,0.780307,0.612737,-0.125197,0.055241,0.590921,-0.787915,-0.173209,0.048192,-0.204776,0.061175,-0.976895,0.297308,0.000000,0.000000,0.000000,1.000000
190,-0.021710,-0.846124,0.532544,-1.061631,-0.991411,0.086933,0.097705,-1.430357,-0.128966,-0.525849,-0.840744,5.587901,0.000000,0.000000,0.000000,1.000000
525,0.778580,0.614001,-0.129674,0.055745,0.594277,-0.787780,-0.161982,0.048304,-0.201612,0.049054,-0.978236,0.296917,0.000000,0.000000,0.000000,1.000000
525,0.780563,0.615102,-0.111228,0.056245,0.598332,-0.786735,-0.151814,0.048676,-0.180888,0.051949,-0.982131,0.296891,0.000000,0.000000,0.000000,1.000000
17,0.922832,0.198636,-0.330038,-2.282474,0.284131,-0.929535,0.235021,-1.316255,-0.260098,-0.310659,-0.914243,3.961822,0.000000,0.000000,0.000000,1.000000
525,0.781684,0.614714,-0.105338,0.056313,0.604701,-0.788359,-0.113253,0.048738,-0.152662,0.024830,-0.987967,0.296373,0.000000,0.000000,0.000000,1.000000
525,0.780471,0.613929,-0.118139,0.056371,0.601709,-0.788926,-0.124665,0.049177,-0.169739,0.026212,-0.985140,0.297040,0.000000,0.000000,0.000000,1.000000
525,0.780927,0.615276,-0.107650,0.056475,0.604000,-0.787764,-0.120880,0.049180,-0.159177,0.029378,-0.986813,0.296937,0.000000,0.000000,0.000000,1.000000
525,0.779921,0.615048,-0.115929,0.056309,0.601321,-0.787729,-0.133777,0.049125,-0.173599,0.034625,-0.984207,0.297383,0.000000,0.000000,0.000000,1.000000
525,0.779353,0.617504,-0.106287,0.056560,0.602947,-0.785236,-0.140925,0.049006,-0.170482,0.045745,-0.984298,0.297684,0.000000,0.000000,0.000000,1.000000
525,0.781979,0.613092,-0.112369,0.056086,0.603690,-0.789832,-0.108272,0.049289,-0.155134,0.016830,-0.987750,0.297465,0.000000,0.000000,0.000000,1.000000
525,0.778631,0.617229,-0.112967,0.055838,0.605815,-0.786363,-0.120917,0.048919,-0.163466,0.025713,-0.986214,0.297596,0.000000,0.000000,0.000000,1.000000
638,-0.012643,-0.186643,0.982346,-1.134960,0.365984,0.913391,0.178252,-0.722238,-0.930535,0.361776,0.056760,2.216043,0.000000,0.000000,0.000000,1.000000
525,0.778893,0.617468,-0.109812,0.055368,0.604836,-0.785865,-0.128802,0.048869,-0.165829,0.033904,-0.985572,0.297519,0.000000,0.000000,0.000000,1.000000
525,0.779422,0.619833,-0.091148,0.054945,0.607604,-0.783333,-0.131173,0.048884,-0.152705,0.046858,-0.987160,0.297606,0.000000,0.000000,0.000000,1.000000
525,0.781448,0.615443,-0.102812,0.054396,0.603502,-0.787339,-0.126027,0.049239,-0.158510,0.036437,-0.986685,0.297932,0.000000,0.000000,0.000000,1.000000
525,0.778103,0.617301,-0.116168,0.054512,0.601508,-0.785541,-0.145305,0.049238,-0.180952,0.043186,-0.982543,0.298933,0.000000,0.000000,0.000000,1.000000
525,0.778717,0.618534,-0.104956,0.054208,0.601574,-0.783651,-0.154915,0.049043,-0.178069,0.057496,-0.982337,0.298087,0.000000,0.000000,0.000000,1.000000
17,0.944245,0.158527,-0.288568,-2.207589,0.228400,-0.946658,0.227313,-1.268972,-0.237140,-0.280549,-0.930084,3.818921,0.000000,0.000000,0.000000,1.000000
525,0.779643,0.616173,-0.111749,0.054173,0.601491,-0.786487,-0.140167,0.049321,-0.174256,0.042065,-0.983801,0.298468,0.000000,0.000000,0.000000,1.000000
525,0.780442,0.616803,-0.102294,0.054065,0.599899,-0.784832,-0.155433,0.049215,-0.176155,0.059941,-0.982536,0.298334,0.000000,0.000000,0.000000,1.000000
525,0.779613,0.615290,-0.116714,0.054151,0.598390,-0.786845,-0.151012,0.049264,-0.184752,0.047890,-0.981618,0.298487,0.000000,0.000000,0.000000,1.000000
525,0.779030,0.614947,-0.122278,0.054063,0.599010,-0.787585,-0.144555,0.049310,-0.185198,0.039367,-0.981912,0.298544,0.000000,0.000000,0.000000,1.000000
525,0.782802,0.613274,-0.105432,0.054091,0.600984,-0.789030,-0.127475,0.049479,-0.161367,0.036425,-0.986222,0.298555,0.000000,0.000000,0.000000,1.000000
525,0.782173,0.614350,-0.103825,0.054039,0.603420,-0.788435,-0.119392,0.049455,-0.155208,0.030735,-0.987404,0.298539,0.000000,0.000000,0.000000,1.000000
525,0.779820,0.613591,-0.124041,0.053898,0.600496,-0.789199,-0.128724,0.049303,-0.176877,0.025896,-0.983892,0.299098,0.000000,0.000000,0.000000,1.000000
525,0.781093,0.614389,-0.111441,0.053585,0.600679,-0.788078,-0.134605,0.049112,-0.170524,0.038199,-0.984613,0.298883,0.000000,0.000000,0.000000,1.000000
525,0.782960,0.613861,-0.100740,0.054001,0.602505,-0.788620,-0.122748,0.048792,-0.154796,0.035410,-0.987312,0.298950,0.000000,0.000000,0.000000,1.000000
525,0.777020,0.616618,-0.126579,0.053269,0.598521,-0.786001,-0.154841,0.048641,-0.194969,0.044554,-0.979797,0.298710,0.000000,0.000000,0.000000,1.000000
525,0.779676,0.615404,-0.115682,0.053645,0.600740,-0.787248,-0.139113,0.049029,-0.176682,0.038968,-0.983496,0.299309,0.000000,0.000000,0.000000,1.000000
525,0.775918,0.620183,-0.115432,0.053654,0.597343,-0.781148,-0.181628,0.049016,-0.202812,0.071976,-0.976569,0.299805,0.000000,0.000000,0.000000,1.000000
525,0.778200,0.618413,-0.109405,0.054237,0.600893,-0.783849,-0.156549,0.049477,-0.182569,0.056086,-0.981592,0.300549,0.000000,0.000000,0.000000,1.000000
525,0.780224,0.616176,-0.107599,0.054509,0.600735,-0.786088,-0.145541,0.049851,-0.174261,0.048916,-0.983484,0.301203,0.000000,0.000000,0.000000,1.000000
525,0.777594,0.617046,-0.120835,0.054475,0.599152,-0.785443,-0.155229,0.049966,-0.190693,0.048307,-0.980460,0.301798,0.000000,0.000000,0.000000,1.000000
525,0.779209,0.616468,-0.113138,0.054537,0.599031,-0.785598,-0.154911,0.049654,-0.184379,0.052935,-0.981429,0.302248,0.000000,0.000000,0.000000,1.000000
525,0.786741,0.604236,-0.126246,0.055430,0.595362,-0.796782,-0.103357,0.048267,-0.163042,0.006153,-0.986600,0.303780,0.000000,0.000000,0.000000,1.000000
525,0.795305,0.593703,-0.122503,0.057646,0.587922,-0.804661,-0.082871,0.044087,-0.147774,-0.006115,-0.989002,0.304692,0.000000,0.000000,0.000000,1.000000
525,0.795212,0.591131,-0.134916,0.060959,0.560787,-0.801650,-0.207063,0.036389,-0.230557,0.089000,-0.968980,0.304875,0.000000,0.000000,0.000000,1.000000
525,0.830812,0.545784,-0.108956,0.060502,0.532717,-0.836521,-0.128239,0.032161,-0.161135,0.048500,-0.985740,0.303231,0.000000,0.000000,0.000000,1.000000
525,0.860642,0.494488,-0.121560,0.062770,0.490907,-0.869147,-0.059947,0.026252,-0.135296,-0.008082,-0.990772,0.305800,0.000000,0.000000,0.000000,1.000000
525,0.866318,0.475270,-0.153659,0.066271,0.451984,-0.876848,-0.163853,0.016020,-0.212610,0.072497,-0.974444,0.303359,0.000000,0.000000,0.000000,1.000000
525,0.896949,0.420898,-0.135376,0.066212,0.416760,-0.907101,-0.058978,0.011324,-0.147624,-0.003519,-0.989037,0.299307,0.000000,0.000000,0.000000,1.000000
525,0.918602,0.376289,-0.120731,0.062934,0.372952,-0.926502,-0.050016,0.013268,-0.130678,0.000919,-0.991424,0.299696,0.000000,0.000000,0.000000,1.000000
525,0.929440,0.346063,-0.127993,0.063086,0.336074,-0.937185,-0.093475,0.011215,-0.152301,0.043864,-0.987360,0.299867,0.000000,0.000000,0.000000,1.000000
525,0.946148,0.313278,-0.081613,0.061487,0.311757,-0.949653,-0.031089,0.013630,-0.087244,0.003971,-0.996179,0.296456,0.000000,0.000000,0.000000,1.000000
525,0.953842,0.283465,-0.099161,0.059785,0.276915,-0.957976,-0.074828,0.017626,-0.116205,0.043914,-0.992254,0.299478,0.000000,0.000000,0.000000,1.000000
525,0.957843,0.257506,-0.127387,0.059803,0.248531,-0.965129,-0.082214,0.018544,-0.144116,0.047088,-0.988440,0.300687,0.000000,0.000000,0.000000,1.000000
525,0.965803,0.228132,-0.123208,0.058439,0.219509,-0.972348,-0.079716,0.019932,-0.137987,0.049945,-0.989174,0.300749,0.000000,0.000000,0.000000,1.000000
190,-0.544718,0.660722,0.516458,-2.080335,0.622819,0.731132,-0.278464,-1.404328,-0.561586,0.169975,-0.809771,3.797023,0.000000,0.000000,0.000000,1.000000
525,0.973325,0.197155,-0.117335,0.058225,0.185578,-0.977255,-0.102634,0.019364,-0.134902,0.078122,-0.987775,0.302912,0.000000,0.000000,0.000000,1.000000
525,0.974829,0.175304,-0.137756,0.058897,0.157145,-0.978547,-0.133233,0.015276,-0.158157,0.108232,-0.981464,0.302443,0.000000,0.000000,0.000000,1.000000
525,0.983380,0.139623,-0.116062,0.057135,0.132572,-0.988944,-0.066436,0.015016,-0.124054,0.049945,-0.991018,0.301982,0.000000,0.000000,0.000000,1.000000
525,0.984838,0.116067,-0.128926,0.056885,0.100983,-0.987871,-0.117957,0.013766,-0.141053,0.103150,-0.984614,0.302781,0.000000,0.000000,0.000000,1.000000
525,0.990743,0.081024,-0.108916,0.054408,0.074698,-0.995341,-0.060960,0.014850,-0.113348,0.052260,-0.992180,0.302750,0.000000,0.000000,0.000000,1.000000
525,0.991308,0.056305,-0.118908,0.052524,0.039122,-0.989066,-0.142188,0.014283,-0.125614,0.136300,-0.982672,0.303424,0.000000,0.000000,0.000000,1.000000
525,0.994382,0.020885,-0.103767,0.051407,0.009984,-0.994477,-0.104480,0.014187,-0.105376,0.102857,-0.989099,0.304132,0.000000,0.000000,0.000000,1.000000
525,0.994197,-0.016231,-0.106347,0.049314,-0.029543,-0.991740,-0.124818,0.013005,-0.103442,0.127236,-0.986464,0.305411,0.000000,0.000000,0.000000,1.000000
525,0.995452,-0.055372,-0.077518,0.047467,-0.060201,-0.996296,-0.061405,0.012640,-0.073830,0.065793,-0.995098,0.303417,0.000000,0.000000,0.000000,1.000000
525,0.989567,-0.088201,-0.113919,0.042612,-0.103044,-0.985911,-0.131765,0.015929,-0.100692,0.142129,-0.984713,0.305322,0.000000,0.000000,0.000000,1.000000
525,0.988751,-0.124244,-0.083272,0.041421,-0.136944,-0.975884,-0.169991,0.014238,-0.060143,0.179482,-0.981921,0.306638,0.000000,0.000000,0.000000,1.000000
525,0.983494,-0.176132,-0.041447,0.037792,-0.178518,-0.981890,-0.063424,0.017690,-0.029526,0.069776,-0.997126,0.304865,0.000000,0.000000,0.000000,1.000000
525,0.976529,-0.201430,-0.076263,0.035731,-0.212443,-0.959109,-0.187025,0.015352,-0.035472,0.198837,-0.979390,0.308528,0.000000,0.000000,0.000000,1.000000
525,0.969551,-0.239555,-0.050834,0.033185,-0.243964,-0.962875,-0.115561,0.014905,-0.021264,0.124444,-0.991999,0.306172,0.000000,0.000000,0.000000,1.000000
525,0.960467,-0.267666,-0.076534,0.032022,-0.277869,-0.938582,-0.204579,0.013160,-0.017075,0.217758,-0.975853,0.307739,0.000000,0.000000,0.000000,1.000000
525,0.950041,-0.301283,-0.081549,0.030546,-0.310590,-0.938412,-0.151383,0.012331,-0.030917,0.169148,-0.985106,0.308092,0.000000,0.000000,0.000000,1.000000
525,0.941394,-0.334488,-0.043524,0.029489,-0.337097,-0.928384,-0.156425,0.009259,0.011915,0.161930,-0.986730,0.306724,0.000000,0.000000,0.000000,1.000000
525,0.928041,-0.367163,-0.062693,0.029224,-0.372392,-0.910986,-0.177281,0.008726,0.007979,0.187870,-0.982161,0.306485,0.000000,0.000000,0.000000,1.000000
525,0.913555,-0.403852,-0.048165,0.028167,-0.406579,-0.903773,-0.133742,0.006902,0.010482,0.141763,-0.989845,0.305633,0.000000,0.000000,0.000000,1.000000
525,0.900518,-0.431751,-0.051562,0.027332,-0.434470,-0.888691,-0.146505,0.007223,0.017431,0.154333,-0.987865,0.304521,0.000000,0.000000,0.000000,1.000000
525,0.877436,-0.477603,0.044737,0.022362,-0.475382,-0.878236,-0.052100,0.011394,0.064172,0.024447,-0.997639,0.299257,0.000000,0.000000,0.000000,1.000000
525,0.852151,-0.522336,-0.031688,0.017850,-0.519047,-0.835978,-0.178132,0.015352,0.066554,0.168242,-0.983496,0.301686,0.000000,0.000000,0.000000,1.000000
525,0.827031,-0.559626,-0.053276,0.012900,-0.557590,-0.804568,-0.204360,0.014362,0.071501,0.198718,-0.977445,0.299765,0.000000,0.000000,0.000000,1.000000
525,0.792542,-0.609374,-0.023247,0.005069,-0.600984,-0.774028,-0.199246,0.014229,0.103422,0.171882,-0.979674,0.298116,0.000000,0.000000,0.000000,1.000000
525,0.744067,-0.667670,0.024102,0.002153,-0.646454,-0.728595,-0.226380,0.010768,0.168707,0.152861,-0.973741,0.296511,0.000000,0.000000,0.000000,1.000000
525,0.695109,-0.718886,0.005185,0.000002,-0.699116,-0.677638,-0.228129,0.005092,0.167513,0.154949,-0.973617,0.293536,0.000000,0.000000,0.000000,1.000000
525,0.643796,-0.764889,0.021702,-0.004392,-0.746370,-0.633956,-0.202561,0.000110,0.168695,0.114210,-0.979029,0.290393,0.000000,0.000000,0.000000,1.000000
525,0.604067,-0.796516,0.025786,-0.005407,-0.784063,-0.599792,-0.159671,-0.004030,0.142647,0.076234,-0.986833,0.288831,0.000000,0.000000,0.000000,1.000000
525,0.566289,-0.823325,0.038125,-0.008746,-0.811519,-0.565059,-0.148814,-0.005928,0.144065,0.053333,-0.988130,0.287062,0.000000,0.000000,0.000000,1.000000
525,0.533896,-0.843667,0.056403,-0.010319,-0.838710,-0.536865,-0.091328,-0.005192,0.107331,0.001454,-0.994222,0.284786,0.000000,0.000000,0.000000,1.000000
525,0.506259,-0.861479,0.039457,-0.012628,-0.852585,-0.506860,-0.127249,-0.002410,0.129622,0.030781,-0.991086,0.284470,0.000000,0.000000,0.000000,1.000000
525,0.475873,-0.877964,0.052191,-0.013811,-0.869994,-0.478600,-0.118543,0.002348,0.129055,0.011006,-0.991576,0.283950,0.000000,0.000000,0.000000,1.000000
525,0.459475,-0.886850,0.048779,-0.015002,-0.875492,-0.461475,-0.143369,0.006974,0.149657,0.023169,-0.988467,0.284145,0.000000,0.000000,0.000000,1.000000
525,0.437094,-0.896959,0.066438,-0.016615,-0.879795,-0.441736,-0.175585,0.008221,0.186841,0.018295,-0.982220,0.284597,0.000000,0.000000,0.000000,1.000000
525,0.420083,-0.904614,0.072137,-0.017757,-0.891293,-0.426231,-0.154675,0.011050,0.170668,0.000681,-0.985328,0.283827,0.000000,0.000000,0.000000,1.000000
525,0.393953,-0.916630,0.067755,-0.020565,-0.897097,-0.399507,-0.188711,0.011358,0.200046,0.013560,-0.979693,0.283852,0.000000,0.000000,0.000000,1.000000
525,0.371022,-0.926839,0.057552,-0.022408,-0.907158,-0.374997,-0.190897,0.012715,0.198513,0.018618,-0.979921,0.282257,0.000000,0.000000,0.000000,1.000000
525,0.344947,-0.936173,0.067761,-0.024559,-0.920329,-0.351525,-0.171536,0.013691,0.184407,-0.003192,-0.982845,0.281250,0.000000,0.000000,0.000000,1.000000
525,0.310060,-0.946227,0.092286,-0.024983,-0.927244,-0.322413,-0.190443,0.016154,0.209956,-0.026523,-0.977351,0.280175,0.000000,0.000000,0.000000,1.000000
525,0.286674,-0.955695,0.066821,-0.026135,-0.931247,-0.294358,-0.214787,0.019036,0.224940,-0.000653,-0.974372,0.279666,0.000000,0.000000,0.000000,1.000000
525,0.263525,-0.960936,0.084592,-0.028126,-0.939913,-0.275510,-0.201637,0.018962,0.217066,-0.026372,-0.975801,0.279733,0.000000,0.000000,0.000000,1.000000
525,0.250682,-0.963244,0.096537,-0.028119,-0.948211,-0.264411,-0.176022,0.024168,0.195078,-0.047411,-0.979641,0.277982,0.000000,0.000000,0.000000,1.000000
525,0.227747,-0.970299,0.081552,-0.029845,-0.945626,-0.240372,-0.219120,0.026720,0.232215,-0.027214,-0.972284,0.278376,0.000000,0.000000,0.000000,1.000000
525,0.217233,-0.973483,0.071704,-0.031190,-0.946719,-0.228014,-0.227451,0.027619,0.237769,-0.018474,-0.971146,0.278795,0.000000,0.000000,0.000000,1.000000
525,0.211211,-0.973299,0.089883,-0.032132,-0.947819,-0.226409,-0.224450,0.029976,0.238807,-0.037787,-0.970331,0.276949,0.000000,0.000000,0.000000,1.000000
525,0.196213,-0.976686,0.087094,-0.033813,-0.939215,-0.212716,-0.269495,0.031119,0.281739,-0.028921,-0.959055,0.278000,0.000000,0.000000,0.000000,1.000000
525,0.191570,-0.977177,0.091798,-0.035030,-0.938883,-0.209708,-0.272986,0.031204,0.286007,-0.033892,-0.957628,0.278025,0.000000,0.000000,0.000000,1.000000
525,0.187101,-0.976864,0.103589,-0.035457,-0.941171,-0.208468,-0.265966,0.029670,0.281408,-0.047732,-0.958400,0.278241,0.000000,0.000000,0.000000,1.000000
525,0.187708,-0.976906,0.102079,-0.035718,-0.940377,-0.208750,-0.268542,0.029098,0.283650,-0.045585,-0.957844,0.278227,0.000000,0.000000,0.000000,1.000000
525,0.192037,-0.976589,0.096932,-0.035881,-0.951037,-0.209562,-0.227183,0.027722,0.242177,-0.048558,-0.969016,0.277645,0.000000,0.000000,0.000000,1.000000
525,0.189080,-0.977034,0.098250,-0.035455,-0.942357,-0.208673,-0.261571,0.027031,0.276066,-0.043128,-0.960171,0.279070,0.000000,0.000000,0.000000,1.000000
525,0.197493,-0.975243,0.099481,-0.035057,-0.946653,-0.216090,-0.239065,0.025112,0.254644,-0.046960,-0.965894,0.277807,0.000000,0.000000,0.000000,1.000000
525,0.199407,-0.974224,0.105472,-0.034681,-0.942225,-0.220188,-0.252448,0.024093,0.269164,-0.049039,-0.961845,0.279308,0.000000,0.000000,0.000000,1.000000
525,0.206007,-0.975018,0.083071,-0.034503,-0.951180,-0.219460,-0.217011,0.024136,0.229821,-0.034309,-0.972628,0.278411,0.000000,0.000000,0.000000,1.000000
525,0.202111,-0.974637,0.096094,-0.034820,-0.941240,-0.220416,-0.255899,0.022733,0.270589,-0.038727,-0.961916,0.278891,0.000000,0.000000,0.000000,1.000000
525,0.206522,-0.972984,0.103204,-0.034675,-0.948620,-0.224954,-0.222522,0.023773,0.239727,-0.051946,-0.969450,0.278207,0.000000,0.000000,0.000000,1.000000
525,0.206503,-0.973914,0.094060,-0.035081,-0.940526,-0.224084,-0.255336,0.022774,0.269753,-0.035739,-0.962266,0.279330,0.000000,0.000000,0.000000,1.000000
525,0.206337,-0.972899,0.104364,-0.035152,-0.946434,-0.225514,-0.231099,0.022885,0.248372,-0.051090,-0.967317,0.278464,0.000000,0.000000,0.000000,1.000000
190,-0.962369,-0.207236,-0.175783,1.776776,0.131629,0.210420,-0.968709,0.446921,0.237739,-0.955394,-0.175223,4.359813,0.000000,0.000000,0.000000,1.000000
525,0.205173,-0.973838,0.097691,-0.035196,-0.942339,-0.223522,-0.249067,0.021813,0.264387,-0.040956,-0.963547,0.279314,0.000000,0.000000,0.000000,1.000000
525,0.205222,-0.972870,0.106809,-0.034696,-0.943943,-0.225580,-0.241008,0.021047,0.258563,-0.051362,-0.964628,0.279171,0.000000,0.000000,0.000000,1.000000
525,0.215302,-0.971643,0.097747,-0.034098,-0.948657,-0.231854,-0.215159,0.019948,0.231721,-0.046404,-0.971675,0.279830,0.000000,0.000000,0.000000,1.000000
525,0.215220,-0.970686,0.107000,-0.033956,-0.942915,-0.235068,-0.235913,0.019505,0.254150,-0.050119,-0.965865,0.279573,0.000000,0.000000,0.000000,1.000000
525,0.218297,-0.970960,0.097895,-0.034311,-0.940400,-0.236103,-0.244750,0.018887,0.260756,-0.038632,-0.964631,0.279447,0.000000,0.000000,0.000000,1.000000
525,0.221978,-0.968322,0.114360,-0.033857,-0.941092,-0.243452,-0.234686,0.017472,0.255093,-0.055528,-0.965321,0.278961,0.000000,0.000000,0.000000,1.000000
525,0.223609,-0.968580,0.108863,-0.033729,-0.934099,-0.244851,-0.259820,0.016547,0.278312,-0.043591,-0.959501,0.279123,0.000000,0.000000,0.000000,1.000000
525,0.225690,-0.966851,0.119432,-0.033158,-0.936491,-0.249096,-0.246853,0.014327,0.268420,-0.056135,-0.961665,0.278400,0.000000,0.000000,0.000000,1.000000
525,0.231824,-0.966596,0.109317,-0.032629,-0.934684,-0.252472,-0.250247,0.012834,0.269487,-0.044164,-0.961991,0.277620,0.000000,0.000000,0.000000,1.000000
525,0.234936,-0.964089,0.123848,-0.031889,-0.933660,-0.259264,-0.247106,0.011095,0.270341,-0.057578,-0.961041,0.277197,0.000000,0.000000,0.000000,1.000000
525,0.241558,-0.963441,0.115890,-0.031397,-0.939188,-0.262158,-0.221808,0.010347,0.244081,-0.055263,-0.968179,0.276830,0.000000,0.000000,0.000000,1.000000
525,0.243101,-0.962626,0.119390,-0.031524,-0.935246,-0.265260,-0.234419,0.009414,0.257327,-0.054671,-0.964777,0.276938,0.000000,0.000000,0.000000,1.000000
525,0.247524,-0.961913,0.115994,-0.031094,-0.935276,-0.268478,-0.230606,0.008849,0.252965,-0.051405,-0.966109,0.276316,0.000000,0.000000,0.000000,1.000000
525,0.251533,-0.961033,0.114655,-0.030648,-0.934384,-0.272008,-0.230084,0.008126,0.252306,-0.049258,-0.966393,0.276624,0.000000,0.000000,0.000000,1.000000
525,0.254618,-0.959790,0.118207,-0.030274,-0.937310,-0.275016,-0.214046,0.008226,0.237948,-0.056297,-0.969645,0.276814,0.000000,0.000000,0.000000,1.000000
525,0.254568,-0.960161,0.115266,-0.029737,-0.933340,-0.275140,-0.230596,0.008140,0.253124,-0.048880,-0.966198,0.276877,0.000000,0.000000,0.000000,1.000000
525,0.259100,-0.959171,0.113393,-0.029783,-0.934589,-0.278608,-0.221183,0.007580,0.243745,-0.048667,-0.968618,0.277124,0.000000,0.000000,0.000000,1.000000
525,0.259916,-0.959068,0.112394,-0.029737,-0.933697,-0.279298,-0.224058,0.007821,0.246279,-0.046706,-0.968073,0.277227,0.000000,0.000000,0.000000,1.000000
525,0.264369,-0.957229,0.117568,-0.030708,-0.932774,-0.284759,-0.221008,0.007265,0.245033,-0.051236,-0.968160,0.277146,0.000000,0.000000,0.000000,1.000000
525,0.266688,-0.956412,0.118970,-0.031084,-0.936439,-0.286335,-0.202718,0.007153,0.227947,-0.057345,-0.971983,0.276682,0.000000,0.000000,0.000000,1.000000
525,0.266772,-0.957427,0.110301,-0.031633,-0.931999,-0.285424,-0.223406,0.007330,0.245378,-0.043202,-0.968464,0.276250,0.000000,0.000000,0.000000,1.000000
525,0.265666,-0.955251,0.130063,-0.031576,-0.929592,-0.289579,-0.228042,0.006326,0.255501,-0.060323,-0.964925,0.276601,0.000000,0.000000,0.000000,1.000000
525,0.267170,-0.954614,0.131652,-0.031209,-0.927319,-0.291846,-0.234318,0.004879,0.262106,-0.059481,-0.963204,0.277115,0.000000,0.000000,0.000000,1.000000
525,0.273747,-0.954513,0.118184,-0.031030,-0.933663,-0.293229,-0.205643,0.003620,0.230944,-0.054050,-0.971465,0.278033,0.000000,0.000000,0.000000,1.000000
525,0.274331,-0.954515,0.116802,-0.030497,-0.931735,-0.293886,-0.213307,0.002344,0.237931,-0.050311,-0.969978,0.278677,0.000000,0.000000,0.000000,1.000000
525,0.275923,-0.954340,0.114464,-0.030198,-0.930270,-0.295107,-0.217969,0.001136,0.241796,-0.046340,-0.969220,0.279190,0.000000,0.000000,0.000000,1.000000
525,0.282883,-0.951140,0.123737,-0.029816,-0.931912,-0.303079,-0.199204,-0.000136,0.226972,-0.058960,-0.972115,0.280591,0.000000,0.000000,0.000000,1.000000
525,0.290472,-0.951200,0.104140,-0.029792,-0.931877,-0.305919,-0.194986,-0.002018,0.217329,-0.040408,-0.975262,0.280990,0.000000,0.000000,0.000000,1.000000
525,0.294015,-0.949033,0.113539,-0.029810,-0.927357,-0.312010,-0.206539,-0.003349,0.231438,-0.044566,-0.971828,0.280997,0.000000,0.000000,0.000000,1.000000
525,0.303886,-0.946083,0.112159,-0.029326,-0.927645,-0.320659,-0.191450,-0.005310,0.217092,-0.045865,-0.975073,0.281067,0.000000,0.000000,0.000000,1.000000
525,0.314031,-0.942498,0.114379,-0.028499,-0.922122,-0.331461,-0.199564,-0.006121,0.226000,-0.042802,-0.973186,0.281735,0.000000,0.000000,0.000000,1.000000
525,0.320200,-0.937838,0.133909,-0.025429,-0.926782,-0.339397,-0.160886,-0.008995,0.196333,-0.072588,-0.977847,0.279785,0.000000,0.000000,0.000000,1.000000
525,0.334303,-0.935185,0.116920,-0.020143,-0.920880,-0.350522,-0.170627,-0.003695,0.200551,-0.050628,-0.978374,0.280580,0.000000,0.000000,0.000000,1.000000
525,0.374730,-0.923235,0.084939,-0.013838,-0.904202,-0.384175,-0.186625,-0.003562,0.204930,-0.006868,-0.978753,0.279672,0.000000,0.000000,0.000000,1.000000
525,0.420701,-0.905665,0.052745,-0.008083,-0.887496,-0.422919,-0.183004,0.002622,0.188047,0.030179,-0.981696,0.279169,0.000000,0.000000,0.000000,1.000000
525,0.453564,-0.889996,0.046767,-0.003579,-0.865891,-0.452486,-0.213283,0.008225,0.210982,0.056242,-0.975871,0.277558,0.000000,0.000000,0.000000,1.000000
525,0.494499,-0.868997,0.017723,0.000664,-0.840237,-0.483152,-0.246101,0.015143,0.222424,0.106805,-0.969082,0.276866,0.000000,0.000000,0.000000,1.000000
525,0.515203,-0.855979,0.043207,0.005645,-0.823410,-0.508329,-0.252186,0.023968,0.237829,0.094350,-0.966714,0.272470,0.000000,0.000000,0.000000,1.000000
525,0.542067,-0.840335,0.000516,0.009058,-0.802828,-0.518055,-0.295103,0.036904,0.248253,0.159551,-0.955465,0.272384,0.000000,0.000000,0.000000,1.000000
525,0.557921,-0.829889,-0.002757,0.012825,-0.782860,-0.525196,-0.333616,0.045585,0.275416,0.188290,-0.942705,0.269726,0.000000,0.000000,0.000000,1.000000
525,0.579029,-0.814519,-0.035827,0.016777,-0.757036,-0.520811,-0.394528,0.057638,0.302691,0.255566,-0.918185,0.281149,0.000000,0.000000,0.000000,1.000000
525,0.836072,-0.539378,-0.100273,0.055705,-0.490790,-0.653666,-0.576060,0.064880,0.245169,0.530841,-0.811234,0.292920,0.000000,0.000000,0.000000,1.000000
525,0.859081,-0.490507,-0.146224,0.059085,-0.481775,-0.678453,-0.554611,0.060730,0.172835,0.546904,-0.819161,0.282236,0.000000,0.000000,0.000000,1.000000
525,0.882498,-0.444339,-0.154142,0.063276,-0.449513,-0.700482,-0.554313,0.061427,0.138329,0.558469,-0.817910,0.281010,0.000000,0.000000,0.000000,1.000000
525,0.998650,-0.005576,-0.051634,0.012925,-0.043257,-0.639521,-0.767556,0.069167,-0.028741,0.768754,-0.638899,0.256579,0.000000,0.000000,0.000000,1.000000
525,0.997013,-0.020814,-0.074372,0.011800,-0.068417,-0.684773,-0.725538,0.063420,-0.035827,0.728459,-0.684152,0.255065,0.000000,0.000000,0.000000,1.000000
525,0.996668,-0.034316,-0.073995,0.011805,-0.077005,-0.694957,-0.714916,0.061095,-0.026890,0.718232,-0.695284,0.256220,0.000000,0.000000,0.000000,1.000000
525,0.995702,-0.036597,-0.085078,0.012026,-0.086158,-0.703026,-0.705925,0.058256,-0.033977,0.710221,-0.703158,0.256980,0.000000,0.000000,0.000000,1.000000
525,0.995043,-0.042145,-0.090069,0.013072,-0.093723,-0.700202,-0.707766,0.055133,-0.033238,0.712700,-0.700681,0.257630,0.000000,0.000000,0.000000,1.000000
525,0.993785,-0.039886,-0.103930,0.013865,-0.101553,-0.707251,-0.699631,0.051565,-0.045599,0.705836,-0.706906,0.258363,0.000000,0.000000,0.000000,1.000000
525,0.993026,-0.042501,-0.109969,0.014347,-0.107027,-0.716158,-0.689684,0.048172,-0.049443,0.696643,-0.715712,0.259093,0.000000,0.000000,0.000000,1.000000
525,0.991612,-0.040529,-0.122729,0.014052,-0.113544,-0.726819,-0.677379,0.044658,-0.061748,0.685632,-0.725324,0.258869,0.000000,0.000000,0.000000,1.000000
525,0.990946,-0.048762,-0.125091,0.013358,-0.120804,-0.730373,-0.672281,0.041246,-0.058581,0.681306,-0.729651,0.259000,0.000000,0.000000,0.000000,1.000000
525,0.989855,-0.055778,-0.130676,0.013107,-0.129110,-0.737061,-0.663379,0.037687,-0.059314,0.673521,-0.736785,0.259027,0.000000,0.000000,0.000000,1.000000
525,0.988854,-0.058167,-0.137055,0.012973,-0.133889,-0.750049,-0.647689,0.033364,-0.065124,0.658820,-0.749477,0.258197,0.000000,0.000000,0.000000,1.000000
525,0.988236,-0.067927,-0.137026,0.012565,-0.140654,-0.755483,-0.639892,0.030270,-0.060055,0.651637,-0.756150,0.257043,0.000000,0.000000,0.000000,1.000000
525,0.987907,-0.071205,-0.137732,0.013206,-0.143036,-0.761381,-0.632329,0.026307,-0.059842,0.644383,-0.762358,0.255981,0.000000,0.000000,0.000000,1.000000
525,0.987261,-0.071161,-0.142311,0.014093,-0.144816,-0.772391,-0.618417,0.023321,-0.065912,0.631148,-0.772857,0.254819,0.000000,0.000000,0.000000,1.000000
525,0.986294,-0.073234,-0.147854,0.014786,-0.149425,-0.776477,-0.612173,0.022199,-0.069974,0.625876,-0.776777,0.254273,0.000000,0.000000,0.000000,1.000000
525,0.986313,-0.073090,-0.147799,0.015986,-0.148985,-0.779091,-0.608951,0.021774,-0.070641,0.622636,-0.779316,0.254915,0.000000,0.000000,0.000000,1.000000
525,0.984290,-0.067798,-0.163021,0.016318,-0.153979,-0.781413,-0.604718,0.022813,-0.086387,0.620320,-0.779577,0.254991,0.000000,0.000000,0.000000,1.000000
525,0.984351,-0.070207,-0.161631,0.016392,-0.155699,-0.776067,-0.611128,0.023980,-0.082531,0.626730,-0.774854,0.255897,0.000000,0.000000,0.000000,1.000000
525,0.984881,-0.065685,-0.160296,0.016738,-0.151053,-0.778633,-0.609027,0.025889,-0.084808,0.624032,-0.776783,0.256701,0.000000,0.000000,0.000000,1.000000
525,0.985032,-0.065894,-0.159279,0.016924,-0.151392,-0.772537,-0.616658,0.027589,-0.082415,0.631541,-0.770950,0.257682,0.000000,0.000000,0.000000,1.000000
525,0.985931,-0.063192,-0.154745,0.017853,-0.146749,-0.770469,-0.620356,0.029449,-0.080025,0.634337,-0.768903,0.258907,0.000000,0.000000,0.000000,1.000000
525,0.986483,-0.055727,-0.154098,0.018959,-0.141247,-0.765919,-0.627231,0.029801,-0.083073,0.640518,-0.763437,0.260226,0.000000,0.000000,0.000000,1.000000
525,0.987378,-0.051775,-0.149679,0.019666,-0.134950,-0.769712,-0.623964,0.030726,-0.082904,0.636288,-0.766984,0.261468,0.000000,0.000000,0.000000,1.000000
525,0.986891,-0.045387,-0.154875,0.020498,-0.134659,-0.760525,-0.635192,0.030345,-0.088957,0.647721,-0.756667,0.261721,0.000000,0.000000,0.000000,1.000000
525,0.986035,-0.040873,-0.161447,0.019805,-0.134323,-0.768272,-0.625872,0.030301,-0.098454,0.638818,-0.763033,0.261650,0.000000,0.000000,0.000000,1.000000
525,0.987214,-0.050605,-0.151157,0.018835,-0.135218,-0.768018,-0.625991,0.031090,-0.084413,0.638426,-0.765040,0.262334,0.000000,0.000000,0.000000,1.000000
525,0.986300,-0.057783,-0.154510,0.019313,-0.143537,-0.762218,-0.631206,0.031218,-0.081297,0.644737,-0.760069,0.262503,0.000000,0.000000,0.000000,1.000000
525,0.985448,-0.064354,-0.157322,0.020468,-0.150078,-0.763959,-0.627569,0.030233,-0.079800,0.642048,-0.762500,0.263582,0.000000,0.000000,0.000000,1.000000
525,0.985984,-0.064147,-0.154018,0.022932,-0.148130,-0.761340,-0.631204,0.027672,-0.076770,0.645172,-0.760171,0.265300,0.000000,0.000000,0.000000,1.000000
525,0.987412,-0.058541,-0.146938,0.025227,-0.139921,-0.756484,-0.638870,0.023897,-0.073756,0.651387,-0.755152,0.267166,0.000000,0.000000,0.000000,1.000000
525,0.991379,-0.049218,-0.121430,0.030344,-0.115461,-0.766265,-0.632066,0.019437,-0.061938,0.640637,-0.765342,0.269624,0.000000,0.000000,0.000000,1.000000
525,0.996026,-0.028671,-0.084328,0.037933,-0.076636,-0.758332,-0.647348,0.020607,-0.045388,0.651238,-0.757515,0.273140,0.000000,0.000000,0.000000,1.000000
525,0.999451,-0.005988,-0.032590,0.048916,-0.026433,-0.737190,-0.675168,0.024223,-0.019982,0.675659,-0.736944,0.275444,0.000000,0.000000,0.000000,1.000000
525,0.999755,0.011011,-0.019212,0.062073,-0.004335,-0.753481,-0.657456,0.029750,-0.021715,0.657378,-0.753248,0.279167,0.000000,0.000000,0.000000,1.000000
525,0.999373,0.030488,-0.017989,0.068326,0.008947,-0.709205,-0.704945,0.043834,-0.034250,0.704343,-0.709033,0.278660,0.000000,0.000000,0.000000,1.000000
525,0.981885,0.189475,0.001362,0.104537,0.133834,-0.688423,-0.712855,0.038069,-0.134131,0.700123,-0.701310,0.268596,0.000000,0.000000,0.000000,1.000000
525,0.976473,0.151274,-0.153676,0.096843,0.078129,-0.912422,-0.401724,0.064081,-0.200988,0.380266,-0.902774,0.287473,0.000000,0.000000,0.000000,1.000000
525,0.990422,0.092363,-0.102631,0.083399,-0.031918,-0.570020,-0.821011,0.077375,-0.134333,0.816423,-0.561612,0.293052,0.000000,0.000000,0.000000,1.000000
525,0.975355,0.116995,-0.187068,0.090766,-0.058882,-0.679074,-0.731705,0.068927,-0.212639,0.724687,-0.655449,0.288456,0.000000,0.000000,0.000000,1.000000
525,0.966775,0.090554,-0.239052,0.083338,-0.128157,-0.637448,-0.759760,0.066947,-0.221183,0.765153,-0.604664,0.288252,0.000000,0.000000,0.000000,1.000000
525,0.966060,0.052216,-0.252984,0.063594,-0.160649,-0.645480,-0.746691,0.062892,-0.202286,0.761990,-0.615184,0.288379,0.000000,0.000000,0.000000,1.000000
525,0.987024,-0.014711,-0.159896,0.056439,-0.124965,-0.695687,-0.707392,0.079528,-0.100831,0.718195,-0.688498,0.290482,0.000000,0.000000,0.000000,1.000000
525,0.988108,0.011174,-0.153355,0.057751,-0.115318,-0.605865,-0.787165,0.087768,-0.101708,0.795489,-0.597372,0.302356,0.000000,0.000000,0.000000,1.000000
525,0.988181,0.017695,-0.152265,0.051503,-0.106291,-0.636635,-0.763805,0.079151,-0.110453,0.770962,-0.627230,0.294326,0.000000,0.000000,0.000000,1.000000
525,0.991640,0.012754,-0.128402,0.043537,-0.089189,-0.651364,-0.753505,0.076532,-0.093247,0.758658,-0.644781,0.294039,0.000000,0.000000,0.000000,1.000000
525,0.993815,0.001861,-0.111034,0.036559,-0.081711,-0.664842,-0.742502,0.073478,-0.075201,0.746982,-0.660577,0.294052,0.000000,0.000000,0.000000,1.000000
525,0.995144,-0.020011,-0.096370,0.032145,-0.084750,-0.672103,-0.735591,0.072000,-0.050050,0.740187,-0.670536,0.293930,0.000000,0.000000,0.000000,1.000000
525,0.994111,-0.028729,-0.104490,0.027507,-0.096395,-0.674976,-0.731516,0.072354,-0.049513,0.737280,-0.673770,0.294406,0.000000,0.000000,0.000000,1.000000
525,0.997816,-0.031071,-0.058290,0.020971,-0.063690,-0.686519,-0.724317,0.063251,-0.017512,0.726448,-0.686998,0.297739,0.000000,0.000000,0.000000,1.000000
525,0.998683,-0.014284,-0.049277,0.018560,-0.045102,-0.702245,-0.710505,0.059423,-0.024456,0.711792,-0.701965,0.298164,0.000000,0.000000,0.000000,1.000000
525,0.999465,-0.009073,-0.031427,0.014517,-0.028495,-0.713293,-0.700286,0.055259,-0.016063,0.700807,-0.713170,0.296574,0.000000,0.000000,0.000000,1.000000
525,0.999939,-0.009630,-0.005441,0.011412,-0.010734,-0.726245,-0.687352,0.048851,0.002668,0.687369,-0.726304,0.295117,0.000000,0.000000,0.000000,1.000000
525,0.999979,-0.004879,-0.004237,0.010551,-0.006460,-0.738757,-0.673941,0.040534,0.000158,0.673955,-0.738773,0.293259,0.000000,0.000000,0.000000,1.000000
525,0.999769,0.001763,-0.021423,0.006398,-0.012310,-0.770066,-0.637846,0.036603,-0.017622,0.637962,-0.769866,0.292085,0.000000,0.000000,0.000000,1.000000
525,0.999997,-0.001848,-0.001859,0.001320,-0.002605,-0.780736,-0.624855,0.040307,-0.000297,0.624858,-0.780738,0.293164,0.000000,0.000000,0.000000,1.000000
525,0.999718,-0.007175,0.022645,-0.001298,0.008986,-0.768231,-0.640109,0.044251,0.021990,0.640132,-0.767950,0.294705,0.000000,0.000000,0.000000,1.000000
525,0.999131,-0.005748,0.041284,-0.003232,0.022189,-0.765106,-0.643522,0.046401,0.035286,0.643879,-0.764313,0.296024,0.000000,0.000000,0.000000,1.000000
525,0.998466,-0.000670,0.055373,-0.003855,0.035495,-0.759765,-0.649228,0.048480,0.042505,0.650197,-0.758575,0.297215,0.000000,0.000000,0.000000,1.000000
525,0.998225,0.001438,0.059546,-0.003804,0.040504,-0.749373,-0.660908,0.048319,0.043672,0.662146,-0.748101,0.298813,0.000000,0.000000,0.000000,1.000000
525,0.998152,-0.006421,0.060425,-0.000916,0.035101,-0.750785,-0.659613,0.046484,0.049602,0.660515,-0.749172,0.299660,0.000000,0.000000,0.000000,1.000000
525,0.999031,0.002404,0.043945,0.001797,0.030614,-0.755312,-0.654649,0.044613,0.031618,0.655360,-0.754654,0.300806,0.000000,0.000000,0.000000,1.000000
525,0.999229,0.008993,0.038204,0.002722,0.031685,-0.759268,-0.650006,0.042055,0.023162,0.650716,-0.758968,0.300368,0.000000,0.000000,0.000000,1.000000
525,0.999225,0.016456,0.035750,0.002853,0.035542,-0.767421,-0.640158,0.041054,0.016901,0.640933,-0.767411,0.300998,0.000000,0.000000,0.000000,1.000000
525,0.999281,0.022074,0.030838,0.001047,0.036683,-0.768923,-0.638288,0.038855,0.009623,0.638960,-0.769180,0.300872,0.000000,0.000000,0.000000,1.000000
525,0.999328,0.021613,0.029612,-0.001490,0.035525,-0.770423,-0.636543,0.036340,0.009056,0.637167,-0.770673,0.300448,0.000000,0.000000,0.000000,1.000000
525,0.999444,0.019198,0.027260,-0.005663,0.032094,-0.775507,-0.630522,0.034744,0.009036,0.631046,-0.775692,0.299992,0.000000,0.000000,0.000000,1.000000
525,0.999408,0.006692,0.033740,-0.009336,0.026670,-0.770204,-0.637240,0.033932,0.021722,0.637763,-0.769927,0.300547,0.000000,0.000000,0.000000,1.000000
525,0.999243,-0.010840,0.037369,-0.011024,0.015203,-0.775284,-0.631430,0.031563,0.035816,0.631520,-0.774532,0.301736,0.000000,0.000000,0.000000,1.000000
525,0.999320,-0.014790,0.033782,-0.010855,0.009678,-0.778752,-0.627257,0.030487,0.035585,0.627158,-0.778079,0.302158,0.000000,0.000000,0.000000,1.000000
525,0.999091,-0.018480,0.038404,-0.009902,0.009644,-0.779694,-0.626087,0.029779,0.041514,0.625888,-0.778807,0.302842,0.000000,0.000000,0.000000,1.000000
525,0.999035,-0.010689,0.042591,-0.006571,0.018213,-0.781687,-0.623405,0.028510,0.039957,0.623580,-0.780738,0.302115,0.000000,0.000000,0.000000,1.000000
525,0.999384,0.002527,0.035006,-0.003972,0.023863,-0.780313,-0.624933,0.026952,0.025737,0.625384,-0.779893,0.300715,0.000000,0.000000,0.000000,1.000000
525,0.999466,0.010320,0.031008,-0.002346,0.027231,-0.787595,-0.615592,0.025274,0.018069,0.616107,-0.787455,0.300498,0.000000,0.000000,0.000000,1.000000
525,0.999474,0.015975,0.028225,-0.002142,0.029837,-0.794033,-0.607142,0.023959,0.012713,0.607665,-0.794092,0.299249,0.000000,0.000000,0.000000,1.000000
525,0.999585,0.019004,0.021646,-0.004429,0.028240,-0.794614,-0.606457,0.023633,0.005675,0.606817,-0.794821,0.299443,0.000000,0.000000,0.000000,1.000000
525,0.999731,0.013880,0.018573,-0.007344,0.022331,-0.792008,-0.610102,0.022960,0.006242,0.610352,-0.792105,0.298249,0.000000,0.000000,0.000000,1.000000
525,0.999666,0.008058,0.024548,-0.011128,0.021259,-0.796509,-0.604253,0.023772,0.014683,0.604573,-0.796414,0.298469,0.000000,0.000000,0.000000,1.000000
525,0.999333,-0.004351,0.036250,-0.013427,0.018582,-0.794057,-0.607559,0.023769,0.031428,0.607828,-0.793447,0.299289,0.000000,0.000000,0.000000,1.000000
525,0.998749,-0.017363,0.046886,-0.012610,0.014610,-0.795481,-0.605802,0.023530,0.047815,0.605729,-0.794233,0.298823,0.000000,0.000000,0.000000,1.000000
525,0.998082,-0.019046,0.058898,-0.008753,0.019981,-0.801434,-0.597749,0.024986,0.058587,0.597780,-0.799517,0.299005,0.000000,0.000000,0.000000,1.000000
525,0.998052,-0.014545,0.060661,-0.003479,0.025112,-0.796476,-0.604148,0.026934,0.057102,0.604495,-0.794560,0.298442,0.000000,0.000000,0.000000,1.000000
525,0.998523,0.005570,0.054052,0.001602,0.037192,-0.795279,-0.605102,0.029846,0.039616,0.606218,-0.794311,0.298893,0.000000,0.000000,0.000000,1.000000
525,0.998693,0.011644,0.049763,0.004764,0.040080,-0.782583,-0.621254,0.030370,0.031709,0.622437,-0.782027,0.297447,0.000000,0.000000,0.000000,1.000000
525,0.998571,0.020100,0.049511,0.009033,0.046243,-0.789335,-0.612219,0.029766,0.026775,0.613634,-0.789137,0.297199,0.000000,0.000000,0.000000,1.000000
525,0.998650,0.027709,0.043946,0.012092,0.048857,-0.788531,-0.613052,0.029573,0.017666,0.614371,-0.788820,0.296220,0.000000,0.000000,0.000000,1.000000
525,0.998570,0.041164,0.034098,0.013721,0.053411,-0.793674,-0.605995,0.030368,0.002118,0.606950,-0.794738,0.297247,0.000000,0.000000,0.000000,1.000000
525,0.998513,0.045735,0.029656,0.013627,0.054341,-0.792568,-0.607358,0.031340,-0.004273,0.608066,-0.793875,0.297176,0.000000,0.000000,0.000000,1.000000
525,0.998184,0.046559,0.038230,0.013076,0.060215,-0.790727,-0.609200,0.032003,0.001866,0.610396,-0.792094,0.297733,0.000000,0.000000,0.000000,1.000000
525,0.998280,0.048595,0.032810,0.011916,0.058508,-0.788755,-0.611917,0.032534,-0.003857,0.612784,-0.790241,0.298283,0.000000,0.000000,0.000000,1.000000
525,0.998384,0.038820,0.041509,0.010928,0.056042,-0.793856,-0.605518,0.033517,0.009446,0.606866,-0.794748,0.300074,0.000000,0.000000,0.000000,1.000000
525,0.998649,0.035109,0.038310,0.010561,0.051198,-0.790927,-0.609764,0.035798,0.008892,0.610902,-0.791656,0.301744,0.000000,0.000000,0.000000,1.000000
525,0.998275,0.036797,0.045745,0.010423,0.057234,-0.783498,-0.618753,0.038438,0.013073,0.620304,-0.784252,0.303016,0.000000,0.000000,0.000000,1.000000
525,0.998277,0.046780,0.035407,0.010785,0.058626,-0.772407,-0.632416,0.038174,-0.002236,0.633403,-0.773819,0.304962,0.000000,0.000000,0.000000,1.000000
525,0.998342,0.048549,0.030924,0.008687,0.057172,-0.773997,-0.630603,0.036390,-0.006680,0.631325,-0.775489,0.305166,0.000000,0.000000,0.000000,1.000000
525,0.998644,0.044497,0.027011,0.005746,0.051581,-0.776152,-0.628432,0.034499,-0.006999,0.628973,-0.777395,0.305118,0.000000,0.000000,0.000000,1.000000
525,0.998972,0.035267,0.028476,0.001851,0.045328,-0.779223,-0.625105,0.031583,0.000143,0.625753,-0.780021,0.305008,0.000000,0.000000,0.000000,1.000000
525,0.999393,0.022427,0.026671,-0.002832,0.034126,-0.784712,-0.618921,0.029511,0.007048,0.619455,-0.785001,0.305820,0.000000,0.000000,0.000000,1.000000
525,0.999435,0.010921,0.031792,-0.007084,0.028204,-0.787000,-0.616308,0.028701,0.018290,0.616857,-0.786863,0.306547,0.000000,0.000000,0.000000,1.000000
525,0.999224,0.002390,0.039307,-0.009315,0.026369,-0.781945,-0.622790,0.027385,0.029247,0.623343,-0.781401,0.307153,0.000000,0.000000,0.000000,1.000000
525,0.999161,-0.003823,0.040787,-0.010848,0.022056,-0.788800,-0.614255,0.027057,0.034521,0.614639,-0.788053,0.307240,0.000000,0.000000,0.000000,1.000000
525,0.998748,-0.008564,0.049280,-0.011415,0.023537,-0.788868,-0.614112,0.028283,0.044135,0.614504,-0.787679,0.308426,0.000000,0.000000,0.000000,1.000000
525,0.998878,-0.006255,0.046941,-0.010024,0.024556,-0.779146,-0.626361,0.028340,0.040492,0.626811,-0.778119,0.308405,0.000000,0.000000,0.000000,1.000000
525,0.998631,-0.002145,0.052272,-0.008609,0.030939,-0.781492,-0.623148,0.027704,0.042187,0.623911,-0.780356,0.308676,0.000000,0.000000,0.000000,1.000000
525,0.998806,0.005537,0.048548,-0.006938,0.034591,-0.781872,-0.622479,0.027230,0.034511,0.623414,-0.781130,0.308679,0.000000,0.000000,0.000000,1.000000
525,0.998853,0.012361,0.046262,-0.005678,0.038444,-0.782999,-0.620833,0.025894,0.028549,0.621900,-0.782576,0.308314,0.000000,0.000000,0.000000,1.000000
525,0.999372,0.019392,0.029664,-0.006233,0.033549,-0.787456,-0.615458,0.025446,0.011424,0.616066,-0.787612,0.307964,0.000000,0.000000,0.000000,1.000000
525,0.999433,0.013460,0.030851,-0.008000,0.029562,-0.789246,-0.613366,0.025989,0.016093,0.613930,-0.789196,0.308587,0.000000,0.000000,0.000000,1.000000
525,0.999514,0.008694,0.029952,-0.009985,0.025290,-0.787922,-0.615255,0.026080,0.018251,0.615713,-0.787759,0.308930,0.000000,0.000000,0.000000,1.000000
525,0.999398,0.001896,0.034640,-0.011526,0.022833,-0.787702,-0.615633,0.024988,0.026119,0.616054,-0.787271,0.309091,0.000000,0.000000,0.000000,1.000000
525,0.999272,0.000204,0.038148,-0.012359,0.023490,-0.791239,-0.611056,0.025136,0.030060,0.611507,-0.790668,0.309170,0.000000,0.000000,0.000000,1.000000
525,0.999261,-0.004625,0.038169,-0.011998,0.020049,-0.784414,-0.619914,0.024683,0.032807,0.620221,-0.783741,0.308898,0.000000,0.000000,0.000000,1.000000
525,0.999192,-0.004233,0.039980,-0.011225,0.021512,-0.783821,-0.620614,0.024363,0.033964,0.620973,-0.783096,0.309086,0.000000,0.000000,0.000000,1.000000
525,0.999427,0.005632,0.033372,-0.009500,0.024931,-0.789344,-0.613444,0.023500,0.022887,0.613925,-0.789033,0.309239,0.000000,0.000000,0.000000,1.000000
525,0.999492,0.003990,0.031631,-0.008801,0.022688,-0.786036,-0.617764,0.022590,0.022398,0.618167,-0.785727,0.309131,0.000000,0.000000,0.000000,1.000000
525,0.999383,0.013607,0.032381,-0.008284,0.030643,-0.788328,-0.614492,0.021336,0.017165,0.615105,-0.788258,0.308150,0.000000,0.000000,0.000000,1.000000
525,0.999423,0.010977,0.032145,-0.007698,0.028530,-0.784873,-0.618999,0.019371,0.018435,0.619559,-0.784734,0.306979,0.000000,0.000000,0.000000,1.000000
525,0.999580,0.012287,0.026247,-0.007718,0.025839,-0.787953,-0.615193,0.017362,0.013123,0.615613,-0.787939,0.306727,0.000000,0.000000,0.000000,1.000000
525,0.999368,0.014802,0.032321,-0.008112,0.031376,-0.794663,-0.606239,0.016741,0.016711,0.606870,-0.794625,0.306539,0.000000,0.000000,0.000000,1.000000
525,0.999481,0.016405,0.027736,-0.009597,0.029854,-0.795360,-0.605402,0.017067,0.012128,0.605916,-0.795436,0.306406,0.000000,0.000000,0.000000,1.000000
37,0.853120,0.461529,-0.243265,1.596188,0.205331,-0.725676,-0.656684,-0.735642,-0.479610,0.510280,-0.713855,4.439974,0.000000,0.000000,0.000000,1.000000
525,0.999586,0.015587,0.024169,-0.011563,0.027004,-0.797783,-0.602339,0.018578,0.009893,0.602743,-0.797874,0.306459,0.000000,0.000000,0.000000,1.000000
525,0.999363,0.004872,0.035353,-0.013418,0.025586,-0.788391,-0.614642,0.019678,0.024877,0.615155,-0.788013,0.306826,0.000000,0.000000,0.000000,1.000000
525,0.999328,0.006980,0.035995,-0.013699,0.027417,-0.794067,-0.607211,0.020169,0.024344,0.607790,-0.793725,0.308421,0.000000,0.000000,0.000000,1.000000
525,0.999070,0.000579,0.043123,-0.014343,0.026757,-0.792513,-0.609267,0.021144,0.033823,0.609854,-0.791791,0.309370,0.000000,0.000000,0.000000,1.000000
525,0.999049,0.004190,0.043409,-0.012668,0.029884,-0.790718,-0.611451,0.022169,0.031763,0.612166,-0.790091,0.309878,0.000000,0.000000,0.000000,1.000000
525,0.998606,0.002839,0.052712,-0.010076,0.034870,-0.785164,-0.618305,0.021795,0.039633,0.619281,-0.784168,0.309489,0.000000,0.000000,0.000000,1.000000
525,0.999053,0.009958,0.042345,-0.007115,0.033960,-0.786889,-0.616160,0.018826,0.027185,0.617015,-0.786482,0.307748,0.000000,0.000000,0.000000,1.000000
525,0.999055,0.013937,0.041158,-0.004645,0.036086,-0.793756,-0.607165,0.016837,0.024207,0.608077,-0.793509,0.306730,0.000000,0.000000,0.000000,1.000000
525,0.999158,0.025635,0.032025,-0.003481,0.039781,-0.796051,-0.603921,0.016176,0.010012,0.604687,-0.796401,0.306114,0.000000,0.000000,0.000000,1.000000
525,0.999092,0.022868,0.035946,-0.002427,0.039936,-0.796558,-0.603241,0.015857,0.014838,0.604129,-0.796748,0.307292,0.000000,0.000000,0.000000,1.000000
525,0.999297,0.026300,0.026732,-0.001054,0.037085,-0.798954,-0.600248,0.015505,0.005571,0.600817,-0.799367,0.307110,0.000000,0.000000,0.000000,1.000000
525,0.999170,0.032323,0.024795,-0.001210,0.040733,-0.802213,-0.595647,0.016832,0.000638,0.596162,-0.802864,0.308148,0.000000,0.000000,0.000000,1.000000
525,0.999142,0.030407,0.028128,-0.002047,0.041238,-0.794042,-0.606462,0.017391,0.003894,0.607102,-0.794615,0.308453,0.000000,0.000000,0.000000,1.000000
525,0.998776,0.031293,0.038307,-0.001579,0.048217,-0.788689,-0.612898,0.015357,0.011033,0.613995,-0.789233,0.307233,0.000000,0.000000,0.000000,1.000000
525,0.998852,0.032036,0.035611,0.000240,0.047041,-0.796234,-0.603157,0.011419,0.009032,0.604140,-0.796827,0.305875,0.000000,0.000000,0.000000,1.000000
525,0.998969,0.027187,0.036355,0.001228,0.043374,-0.808002,-0.587582,0.010028,0.013400,0.588553,-0.808348,0.305126,0.000000,0.000000,0.000000,1.000000
525,0.998859,0.030846,0.036458,0.003552,0.046263,-0.814424,-0.578422,0.012415,0.011850,0.579449,-0.814922,0.305606,0.000000,0.000000,0.000000,1.000000
525,0.998651,0.037270,0.036154,0.005116,0.051418,-0.806851,-0.588513,0.016862,0.007237,0.589578,-0.807679,0.307382,0.000000,0.000000,0.000000,1.000000
525,0.998244,0.040735,0.043010,0.007356,0.058277,-0.805616,-0.589564,0.019436,0.010633,0.591035,-0.806575,0.308390,0.000000,0.000000,0.000000,1.000000
190,0.930335,0.349960,0.109562,1.269189,-0.230840,0.326739,0.916490,-0.862593,0.284937,-0.877935,0.384762,1.709813,0.000000,0.000000,0.000000,1.000000
525,0.997554,0.047639,0.051158,0.008163,0.068789,-0.799168,-0.597159,0.024534,0.012436,0.599217,-0.800490,0.308462,0.000000,0.000000,0.000000,1.000000
525,0.996923,0.043062,0.065495,0.012198,0.074327,-0.784672,-0.615439,0.028111,0.024890,0.618413,-0.785459,0.309312,0.000000,0.000000,0.000000,1.000000
525,0.997478,0.065074,0.028326,0.017124,0.068610,-0.782040,-0.619440,0.029165,-0.018157,0.619821,-0.784533,0.311500,0.000000,0.000000,0.000000,1.000000
525,0.997450,0.065768,0.027714,0.016645,0.068729,-0.780556,-0.621296,0.030054,-0.019229,0.621617,-0.783085,0.311983,0.000000,0.000000,0.000000,1.000000
525,0.997336,0.069038,0.023554,0.014916,0.068678,-0.779873,-0.622159,0.030341,-0.024583,0.622119,-0.782536,0.312053,0.000000,0.000000,0.000000,1.000000
525,0.997440,0.068863,0.019257,0.011576,0.065694,-0.776199,-0.627056,0.029109,-0.028234,0.626716,-0.778736,0.311026,0.000000,0.000000,0.000000,1.000000
525,0.997988,0.058421,0.024617,0.008228,0.061230,-0.787615,-0.613118,0.026666,-0.016430,0.613392,-0.789608,0.309986,0.000000,0.000000,0.000000,1.000000
525,0.998110,0.051766,0.033119,0.005276,0.061273,-0.796956,-0.600922,0.028160,-0.004713,0.601815,-0.798622,0.309000,0.000000,0.000000,0.000000,1.000000
525,0.997822,0.054295,0.037451,0.002961,0.065904,-0.797695,-0.599449,0.031283,-0.002673,0.600611,-0.799537,0.308734,0.000000,0.000000,0.000000,1.000000
525,0.997259,0.047292,0.056910,0.001495,0.072237,-0.788899,-0.610262,0.034471,0.016036,0.612700,-0.790153,0.309214,0.000000,0.000000,0.000000,1.000000
525,0.996221,0.039178,0.077519,0.001794,0.078744,-0.784014,-0.615729,0.036615,0.036653,0.619506,-0.784136,0.310882,0.000000,0.000000,0.000000,1.000000
525,0.997303,0.039734,0.061713,0.003443,0.069760,-0.774541,-0.628665,0.037498,0.022820,0.631275,-0.775224,0.312394,0.000000,0.000000,0.000000,1.000000
525,0.997162,0.046876,0.058907,0.005515,0.073490,-0.775877,-0.626589,0.035537,0.016332,0.629140,-0.777120,0.313642,0.000000,0.000000,0.000000,1.000000
525,0.996553,0.057889,0.059419,0.004230,0.082238,-0.783515,-0.615906,0.033193,0.010901,0.618670,-0.785575,0.314196,0.000000,0.000000,0.000000,1.000000
525,0.995876,0.046466,0.077928,0.005276,0.085241,-0.773389,-0.628175,0.030281,0.031080,0.632226,-0.774160,0.312650,0.000000,0.000000,0.000000,1.000000
525,0.995829,0.069302,0.059348,0.005129,0.091167,-0.782049,-0.616512,0.024514,0.003687,0.619351,-0.785105,0.312672,0.000000,0.000000,0.000000,1.000000
525,0.996141,0.056857,0.066856,0.000367,0.085409,-0.803298,-0.589422,0.022284,0.020193,0.592857,-0.805054,0.313104,0.000000,0.000000,0.000000,1.000000
525,0.996109,0.048765,0.073403,-0.000823,0.082975,-0.799566,-0.594818,0.022936,0.029685,0.598595,-0.800502,0.312685,0.000000,0.000000,0.000000,1.000000
525,0.996841,0.045388,0.065175,-0.003209,0.075619,-0.793290,-0.604130,0.021426,0.024282,0.607150,-0.794216,0.311746,0.000000,0.000000,0.000000,1.000000
525,0.996702,0.030835,0.075063,-0.005497,0.069894,-0.796189,-0.600998,0.018358,0.041232,0.604262,-0.795718,0.310037,0.000000,0.000000,0.000000,1.000000
37,-0.698197,0.707677,0.108232,0.264748,0.120567,-0.032789,0.992164,-0.021429,0.705680,0.705775,-0.062429,0.309565,0.000000,0.000000,0.000000,1.000000
525,0.996447,0.020745,0.081625,-0.004353,0.065715,-0.797671,-0.599502,0.015634,0.052673,0.602736,-0.796200,0.306880,0.000000,0.000000,0.000000,1.000000
525,0.997165,0.027626,0.069988,-0.002352,0.063974,-0.800923,-0.595340,0.015323,0.039609,0.598130,-0.800420,0.306305,0.000000,0.000000,0.000000,1.000000
525,0.996536,0.028535,0.078110,-0.001757,0.069369,-0.803260,-0.591576,0.014829,0.045862,0.594945,-0.802457,0.305978,0.000000,0.000000,0.000000,1.000000
525,0.995637,0.035794,0.086171,-0.000318,0.079593,-0.807766,-0.584105,0.015017,0.048698,0.588416,-0.807091,0.306423,0.000000,0.000000,0.000000,1.000000
525,0.996060,0.043426,0.077318,0.000204,0.080990,-0.800589,-0.593715,0.017582,0.036118,0.597638,-0.800952,0.306911,0.000000,0.000000,0.000000,1.000000
525,0.996866,0.041590,0.067295,-0.001468,0.074217,-0.786172,-0.613535,0.018466,0.027389,0.616606,-0.786795,0.308056,0.000000,0.000000,0.000000,1.000000
525,0.996868,0.040411,0.067977,-0.004482,0.073454,-0.791634,-0.606564,0.019198,0.029301,0.609657,-0.792123,0.307702,0.000000,0.000000,0.000000,1.000000
525,0.996416,0.030557,0.078879,-0.006031,0.073186,-0.779008,-0.622728,0.020246,0.042418,0.626268,-0.778453,0.306580,0.000000,0.000000,0.000000,1.000000
525,0.996380,0.027243,0.080524,-0.004925,0.072212,-0.771045,-0.632673,0.018774,0.044852,0.636198,-0.770221,0.303839,0.000000,0.000000,0.000000,1.000000
525,0.996365,0.029389,0.079954,-0.002885,0.073697,-0.768122,-0.636048,0.015417,0.042722,0.639629,-0.767496,0.300756,0.000000,0.000000,0.000000,1.000000
525,0.995950,0.026901,0.085791,-0.000435,0.075376,-0.769979,-0.633601,0.012096,0.049013,0.637502,-0.768888,0.297166,0.000000,0.000000,0.000000,1.000000
525,0.996687,0.041289,0.070068,0.003822,0.076376,-0.771247,-0.631938,0.008470,0.027948,0.635196,-0.771845,0.293150,0.000000,0.000000,0.000000,1.000000
525,0.996350,0.052777,0.067093,0.003371,0.083233,-0.775136,-0.626288,0.007026,0.018953,0.629586,-0.776699,0.289069,0.000000,0.000000,0.000000,1.000000
525,0.995965,0.054421,0.071359,0.003431,0.087308,-0.771541,-0.630161,0.005797,0.020762,0.633848,-0.773179,0.286307,0.000000,0.000000,0.000000,1.000000
525,0.995753,0.058680,0.070944,0.000746,0.090272,-0.773692,-0.627098,0.006564,0.018090,0.630838,-0.775703,0.283373,0.000000,0.000000,0.000000,1.000000
525,0.994678,0.050496,0.089807,-0.002008,0.096514,-0.761718,-0.640679,0.009076,0.036056,0.645937,-0.762538,0.281673,0.000000,0.000000,0.000000,1.000000
525,0.994776,0.049893,0.089056,-0.003578,0.096036,-0.753160,-0.650790,0.009292,0.034603,0.655943,-0.754017,0.279100,0.000000,0.000000,0.000000,1.000000
525,0.994736,0.050257,0.089302,-0.005563,0.097244,-0.737773,-0.668008,0.009338,0.032312,0.673176,-0.738776,0.276962,0.000000,0.000000,0.000000,1.000000
525,0.993356,0.048962,0.104145,-0.007048,0.106191,-0.738739,-0.665573,0.007082,0.044348,0.672211,-0.739031,0.274063,0.000000,0.000000,0.000000,1.000000
525,0.991981,0.046847,0.117387,-0.006817,0.113318,-0.740994,-0.661881,0.007467,0.055976,0.669876,-0.740360,0.270680,0.000000,0.000000,0.000000,1.000000
525,0.992578,0.054434,0.108744,-0.006903,0.114321,-0.722550,-0.681801,0.006948,0.041460,0.689172,-0.723410,0.268064,0.000000,0.000000,0.000000,1.000000
525,0.991377,0.053587,0.119585,-0.005907,0.120374,-0.733055,-0.669433,0.004952,0.051789,0.678056,-0.733184,0.264876,0.000000,0.000000,0.000000,1.000000
525,0.990806,0.066674,0.117722,-0.005816,0.128718,-0.732501,-0.668486,0.006784,0.041661,0.677493,-0.734348,0.263632,0.000000,0.000000,0.000000,1.000000
525,0.990430,0.067711,0.120263,-0.007367,0.131818,-0.722251,-0.678953,0.009157,0.040887,0.688309,-0.724264,0.262077,0.000000,0.000000,0.000000,1.000000
525,0.990299,0.063255,0.123719,-0.009157,0.131364,-0.716399,-0.685213,0.011507,0.045289,0.694818,-0.717758,0.261512,0.000000,0.000000,0.000000,1.000000
525,0.990300,0.057420,0.126525,-0.010621,0.130492,-0.697121,-0.704978,0.009418,0.047724,0.714650,-0.697852,0.259888,0.000000,0.000000,0.000000,1.000000
525,0.991109,0.055242,0.121041,-0.009545,0.124519,-0.705634,-0.697550,0.001340,0.046877,0.706420,-0.706239,0.258409,0.000000,0.000000,0.000000,1.000000
525,0.991738,0.058225,0.114305,-0.009302,0.120443,-0.729321,-0.673487,-0.004568,0.044151,0.681690,-0.730308,0.256278,0.000000,0.000000,0.000000,1.000000
525,0.991836,0.054519,0.115276,-0.008371,0.118458,-0.728579,-0.674640,-0.006991,0.047206,0.682788,-0.729090,0.253569,0.000000,0.000000,0.000000,1.000000
190,-0.132830,-0.794849,0.592090,1.010309,-0.396635,0.590093,0.703186,-0.645928,-0.908315,-0.141439,-0.393647,1.384257,0.000000,0.000000,0.000000,1.000000
525,0.992684,0.054847,0.107569,-0.007172,0.113312,-0.730889,-0.673024,-0.010632,0.041708,0.680288,-0.731757,0.251291,0.000000,0.000000,0.000000,1.000000
525,0.993053,0.049051,0.106958,-0.005825,0.108237,-0.737364,-0.666768,-0.012502,0.046161,0.673713,-0.737550,0.248404,0.000000,0.000000,0.000000,1.000000
525,0.994052,0.049495,0.097006,-0.002887,0.101985,-0.735511,-0.669793,-0.015195,0.038198,0.675702,-0.736184,0.246129,0.000000,0.000000,0.000000,1.000000
525,0.994890,0.053151,0.085842,-0.002943,0.097175,-0.734827,-0.671257,-0.021653,0.027401,0.676169,-0.736237,0.243747,0.000000,0.000000,0.000000,1.000000
525,0.995474,0.036881,0.087581,-0.002237,0.084676,-0.762571,-0.641339,-0.027564,0.043134,0.645853,-0.762243,0.240402,0.000000,0.000000,0.000000,1.000000
525,0.996018,0.023728,0.085942,-0.000048,0.073036,-0.769997,-0.633854,-0.026315,0.051135,0.637607,-0.768663,0.239879,0.000000,0.000000,0.000000,1.000000
525,0.996889,0.018011,0.076728,0.003339,0.063198,-0.764369,-0.641675,-0.022544,0.047091,0.644528,-0.763129,0.240307,0.000000,0.000000,0.000000,1.000000
525,0.997517,0.018122,0.068055,0.007010,0.058501,-0.751234,-0.657439,-0.019193,0.039211,0.659788,-0.750428,0.240544,0.000000,0.000000,0.000000,1.000000
525,0.997626,0.025569,0.063946,0.010993,0.061465,-0.749379,-0.659282,-0.017466,0.031062,0.661647,-0.749172,0.240705,0.000000,0.000000,0.000000,1.000000
525,0.998127,0.035182,0.050038,0.012648,0.059492,-0.748577,-0.660374,-0.016841,0.014224,0.662114,-0.749268,0.241171,0.000000,0.000000,0.000000,1.000000
525,0.997950,0.037109,0.052144,0.012842,0.062358,-0.747190,-0.661679,-0.015873,0.014407,0.663574,-0.747972,0.241613,0.000000,0.000000,0.000000,1.000000
525,0.997970,0.038863,0.050459,0.012900,0.062632,-0.742647,-0.666748,-0.014900,0.011562,0.668554,-0.743574,0.242001,0.000000,0.000000,0.000000,1.000000
525,0.998241,0.040348,0.043442,0.012362,0.059043,-0.743120,-0.666548,-0.014547,0.005389,0.667941,-0.744195,0.242955,0.000000,0.000000,0.000000,1.000000
525,0.998250,0.035262,0.047481,0.011760,0.057954,-0.743375,-0.666360,-0.013409,0.011798,0.667945,-0.744117,0.243987,0.000000,0.000000,0.000000,1.000000
525,0.998164,0.038187,0.047022,0.011423,0.059829,-0.742929,-0.666691,-0.012279,0.009475,0.668280,-0.743850,0.245334,0.000000,0.000000,0.000000,1.000000
525,0.997868,0.034324,0.055502,0.011140,0.062656,-0.741712,-0.667786,-0.011722,0.018246,0.669840,-0.742281,0.245658,0.000000,0.000000,0.000000,1.000000
525,0.997870,0.031671,0.057034,0.011210,0.061656,-0.743534,-0.665849,-0.010462,0.021319,0.667947,-0.743903,0.247120,0.000000,0.000000,0.000000,1.000000
525,0.997846,0.035636,0.055067,0.011680,0.063342,-0.741546,-0.667906,-0.009521,0.017033,0.669955,-0.742206,0.247893,0.000000,0.000000,0.000000,1.000000
525,0.998054,0.035812,0.051051,0.011175,0.060866,-0.737532,-0.672564,-0.008404,0.013566,0.674362,-0.738276,0.248575,0.000000,0.000000,0.000000,1.000000
525,0.998042,0.031413,0.054096,0.010760,0.059696,-0.736730,-0.673547,-0.008010,0.018696,0.675457,-0.737162,0.249227,0.000000,0.000000,0.000000,1.000000
525,0.998115,0.030850,0.053054,0.011077,0.058470,-0.740677,-0.669313,-0.008293,0.018648,0.671153,-0.741084,0.249979,0.000000,0.000000,0.000000,1.000000
525,0.998233,0.030593,0.050933,0.011336,0.056926,-0.737961,-0.672438,-0.008236,0.017015,0.674150,-0.738399,0.249630,0.000000,0.000000,0.000000,1.000000
525,0.998298,0.032187,0.048629,0.011763,0.056632,-0.734028,-0.676754,-0.008918,0.013912,0.678356,-0.734602,0.249269,0.000000,0.000000,0.000000,1.000000
525,0.998473,0.030750,0.045892,0.012321,0.053613,-0.739658,-0.670844,-0.010047,0.013316,0.672280,-0.740178,0.249109,0.000000,0.000000,0.000000,1.000000
525,0.998769,0.025821,0.042344,0.014092,0.047566,-0.740452,-0.670424,-0.010851,0.014042,0.671613,-0.740769,0.249480,0.000000,0.000000,0.000000,1.000000
525,0.998636,0.031905,0.041319,0.016749,0.051295,-0.746688,-0.663194,-0.010912,0.009693,0.664409,-0.747306,0.249130,0.000000,0.000000,0.000000,1.000000
525,0.998430,0.036327,0.042630,0.018924,0.055438,-0.749382,-0.659813,-0.009741,0.007978,0.661141,-0.750220,0.249993,0.000000,0.000000,0.000000,1.000000
525,0.998366,0.047131,0.032319,0.020729,0.056714,-0.747648,-0.661669,-0.008227,-0.007022,0.662421,-0.749099,0.250454,0.000000,0.000000,0.000000,1.000000
525,0.998433,0.046971,0.030428,0.020920,0.055260,-0.741336,-0.668856,-0.007153,-0.008859,0.669489,-0.742769,0.250918,0.000000,0.000000,0.000000,1.000000
525,0.998415,0.050694,0.024437,0.020670,0.054053,-0.742998,-0.667107,-0.007326,-0.015662,0.667371,-0.744561,0.251626,0.000000,0.000000,0.000000,1.000000
525,0.998575,0.047248,0.024793,0.018967,0.051641,-0.738874,-0.671862,-0.009251,-0.013425,0.672185,-0.740262,0.251101,0.000000,0.000000,0.000000,1.000000
525,0.998769,0.039036,0.030603,0.015576,0.049523,-0.749953,-0.659635,-0.010029,-0.002798,0.660338,-0.750963,0.251310,0.000000,0.000000,0.000000,1.000000
525,0.998902,0.035679,0.030367,0.014426,0.046848,-0.752501,-0.656923,-0.010023,-0.000587,0.657624,-0.753346,0.251254,0.000000,0.000000,0.000000,1.000000
525,0.998843,0.036836,0.030932,0.013681,0.048094,-0.754681,-0.654327,-0.009272,-0.000759,0.655057,-0.755579,0.250157,0.000000,0.000000,0.000000,1.000000
525,0.998619,0.037890,0.036400,0.013232,0.052463,-0.756907,-0.651413,-0.007056,0.002870,0.652423,-0.757850,0.249964,0.000000,0.000000,0.000000,1.000000
525,0.998600,0.036231,0.038528,0.012970,0.052617,-0.754264,-0.654460,-0.003999,0.005349,0.655571,-0.755115,0.250403,0.000000,0.000000,0.000000,1.000000
525,0.998678,0.038886,0.033629,0.012572,0.051409,-0.749801,-0.659663,-0.002123,-0.000437,0.660519,-0.750809,0.251203,0.000000,0.000000,0.000000,1.000000
525,0.998875,0.036041,0.030831,0.011421,0.047421,-0.746732,-0.663433,-0.000474,-0.000888,0.664148,-0.747600,0.251455,0.000000,0.000000,0.000000,1.000000
525,0.998969,0.027808,0.035889,0.010900,0.044753,-0.736235,-0.675244,-0.001506,0.007646,0.676154,-0.736720,0.250872,0.000000,0.000000,0.000000,1.000000
525,0.999269,0.026922,0.027127,0.011848,0.038177,-0.736455,-0.675408,-0.005381,0.001794,0.675950,-0.736945,0.248544,0.000000,0.000000,0.000000,1.000000
525,0.999372,0.029585,0.019525,0.012085,0.035128,-0.752834,-0.657273,-0.009743,-0.004747,0.657546,-0.753400,0.246745,0.000000,0.000000,0.000000,1.000000
525,0.999430,0.026498,0.020939,0.011049,0.033753,-0.762577,-0.646016,-0.009778,-0.001151,0.646354,-0.763037,0.245886,0.000000,0.000000,0.000000,1.000000
525,0.999429,0.025281,0.022403,0.011131,0.033771,-0.761571,-0.647201,-0.008893,0.000700,0.647589,-0.761990,0.246367,0.000000,0.000000,0.000000,1.000000
525,0.999353,0.022554,0.028005,0.010881,0.035283,-0.765328,-0.642673,-0.007827,0.006938,0.643245,-0.765629,0.246494,0.000000,0.000000,0.000000,1.000000
378,-0.547992,-0.514335,0.659669,0.274848,0.424780,0.508262,0.749153,-0.229939,-0.720601,0.690745,-0.060044,0.418458,0.000000,0.000000,0.000000,1.000000
525,0.999271,0.026776,0.027205,0.011623,0.038034,-0.758759,-0.650260,-0.006160,0.003231,0.650821,-0.759225,0.246951,0.000000,0.000000,0.000000,1.000000
525,0.999221,0.027847,0.027980,0.012075,0.039359,-0.757365,-0.651804,-0.006107,0.003040,0.652398,-0.757871,0.246977,0.000000,0.000000,0.000000,1.000000
525,0.999227,0.028322,0.027267,0.012602,0.039248,-0.758893,-0.650032,-0.006218,0.002282,0.650599,-0.759418,0.247342,0.000000,0.000000,0.000000,1.000000
525,0.999129,0.031737,0.027095,0.013178,0.041729,-0.755573,-0.653734,-0.006674,-0.000276,0.654296,-0.756239,0.246551,0.000000,0.000000,0.000000,1.000000
525,0.999130,0.032570,0.026054,0.013498,0.041681,-0.756936,-0.652158,-0.007563,-0.001520,0.652676,-0.757635,0.246256,0.000000,0.000000,0.000000,1.000000
525,0.999023,0.034258,0.027920,0.014153,0.044185,-0.761614,-0.646523,-0.008674,-0.000884,0.647125,-0.762384,0.245633,0.000000,0.000000,0.000000,1.000000
525,0.999076,0.035299,0.024518,0.014587,0.042775,-0.761282,-0.647009,-0.008956,-0.004173,0.647460,-0.762088,0.245687,0.000000,0.000000,0.000000,1.000000
525,0.998995,0.038559,0.022847,0.014692,0.044198,-0.762985,-0.644903,-0.009121,-0.007434,0.645265,-0.763923,0.245656,0.000000,0.000000,0.000000,1.000000
525,0.998888,0.039034,0.026447,0.014929,0.046899,-0.764783,-0.642578,-0.008896,-0.004856,0.643104,-0.765764,0.245573,0.000000,0.000000,0.000000,1.000000
525,0.998951,0.037963,0.025615,0.014982,0.045540,-0.764335,-0.643209,-0.008503,-0.004840,0.643701,-0.765262,0.245602,0.000000,0.000000,0.000000,1.000000
525,0.998808,0.041476,0.025722,0.015221,0.048294,-0.763946,-0.643470,-0.007953,-0.007038,0.643946,-0.765039,0.245865,0.000000,0.000000,0.000000,1.000000
525,0.998823,0.040337,0.026924,0.015257,0.048180,-0.762013,-0.645767,-0.007731,-0.005532,0.646305,-0.763060,0.245487,0.000000,0.000000,0.000000,1.000000
525,0.998663,0.044534,0.026242,0.015186,0.050921,-0.760319,-0.647551,-0.007179,-0.008886,0.648022,-0.761570,0.245373,0.000000,0.000000,0.000000,1.000000
525,0.998795,0.042430,0.024675,0.014913,0.048280,-0.758739,-0.649603,-0.007400,-0.008841,0.650012,-0.759873,0.245621,0.000000,0.000000,0.000000,1.000000
525,0.998658,0.044348,0.026731,0.014707,0.051135,-0.763297,-0.644020,-0.007841,-0.008157,0.644523,-0.764541,0.245663,0.000000,0.000000,0.000000,1.000000
525,0.998753,0.040100,0.029725,0.014259,0.049806,-0.761102,-0.646717,-0.007894,-0.003310,0.647391,-0.762151,0.245459,0.000000,0.000000,0.000000,1.000000
525,0.998734,0.042725,0.026568,0.014110,0.049758,-0.760661,-0.647239,-0.008895,-0.007444,0.647742,-0.761824,0.245044,0.000000,0.000000,0.000000,1.000000
525,0.998745,0.041693,0.027752,0.013889,0.049792,-0.766709,-0.640061,-0.009329,-0.005408,0.640639,-0.767823,0.244856,0.000000,0.000000,0.000000,1.000000
130,0.461209,-0.161723,0.872429,-3.675683,-0.098663,-0.986499,-0.130710,-0.599623,0.881789,-0.025792,-0.470938,6.218866,0.000000,0.000000,0.000000,1.000000
525,0.998822,0.038489,0.029557,0.013708,0.048490,-0.767342,-0.639402,-0.009498,-0.001929,0.640082,-0.768304,0.245412,0.000000,0.000000,0.000000,1.000000
525,0.998873,0.040104,0.025373,0.013690,0.047005,-0.762491,-0.645289,-0.010105,-0.006532,0.645755,-0.763517,0.244525,0.000000,0.000000,0.000000,1.000000
525,0.998932,0.039071,0.024659,0.013605,0.045824,-0.769662,-0.636805,-0.010822,-0.005901,0.637255,-0.770630,0.244950,0.000000,0.000000,0.000000,1.000000
525,0.998937,0.038446,0.025415,0.013165,0.045812,-0.768143,-0.638637,-0.010268,-0.005030,0.639122,-0.769089,0.244993,0.000000,0.000000,0.000000,1.000000
525,0.998778,0.042644,0.024998,0.013361,0.048785,-0.768911,-0.637492,-0.010613,-0.007964,0.637933,-0.770051,0.245606,0.000000,0.000000,0.000000,1.000000
525,0.998724,0.042474,0.027324,0.013248,0.050143,-0.769416,-0.636777,-0.010772,-0.006023,0.637334,-0.770564,0.245325,0.000000,0.000000,0.000000,1.000000
525,0.998846,0.041674,0.023859,0.013391,0.047304,-0.768415,-0.638201,-0.011440,-0.008263,0.638594,-0.769500,0.245154,0.000000,0.000000,0.000000,1.000000
525,0.998877,0.042787,0.020331,0.013198,0.045947,-0.770632,-0.635622,-0.011934,-0.011528,0.635842,-0.771733,0.244906,0.000000,0.000000,0.000000,1.000000
525,0.998830,0.042747,0.022603,0.012782,0.047356,-0.770236,-0.635998,-0.012193,-0.009777,0.636325,-0.771359,0.244249,0.000000,0.000000,0.000000,1.000000
525,0.998688,0.045029,0.024369,0.012274,0.050246,-0.770508,-0.635447,-0.012409,-0.009836,0.635838,-0.771760,0.244018,0.000000,0.000000,0.000000,1.000000
525,0.998831,0.042243,0.023498,0.011580,0.047555,-0.771586,-0.634345,-0.012977,-0.008666,0.634721,-0.772693,0.244591,0.000000,0.000000,0.000000,1.000000
525,0.998923,0.038429,0.026021,0.010873,0.046232,-0.775012,-0.630253,-0.014800,-0.004053,0.630777,-0.775953,0.244600,0.000000,0.000000,0.000000,1.000000
525,0.999002,0.036486,0.025764,0.011291,0.044577,-0.778117,-0.626536,-0.017264,-0.002813,0.627059,-0.778967,0.243777,0.000000,0.000000,0.000000,1.000000
525,0.998890,0.038483,0.027169,0.012447,0.047033,-0.782335,-0.621080,-0.018670,-0.002646,0.621668,-0.783276,0.243130,0.000000,0.000000,0.000000,1.000000
525,0.998769,0.040311,0.028905,0.013622,0.049545,-0.782538,-0.620628,-0.019559,-0.002399,0.621297,-0.783572,0.243047,0.000000,0.000000,0.000000,1.000000
525,0.998654,0.041031,0.031732,0.015551,0.051869,-0.785988,-0.616062,-0.020631,-0.000337,0.616878,-0.787059,0.242445,0.000000,0.000000,0.000000,1.000000
525,0.998353,0.047236,0.032566,0.017244,0.057279,-0.787925,-0.613102,-0.021044,-0.003301,0.613957,-0.789333,0.241940,0.000000,0.000000,0.000000,1.000000
525,0.998197,0.053536,0.027129,0.018631,0.058938,-0.789025,-0.611527,-0.021091,-0.011333,0.612024,-0.790758,0.241650,0.000000,0.000000,0.000000,1.000000
525,0.997912,0.059920,0.024113,0.018779,0.062027,-0.784911,-0.616496,-0.021277,-0.018014,0.616704,-0.786989,0.240985,0.000000,0.000000,0.000000,1.000000
525,0.997931,0.061797,0.017726,0.017950,0.059806,-0.791209,-0.608614,-0.021501,-0.023586,0.608415,-0.793268,0.241269,0.000000,0.000000,0.000000,1.000000
525,0.998109,0.056416,0.024419,0.016139,0.059603,-0.790825,-0.609133,-0.020754,-0.015054,0.609436,-0.792692,0.241802,0.000000,0.000000,0.000000,1.000000
525,0.998277,0.053720,0.023587,0.015031,0.056901,-0.788531,-0.612357,-0.020758,-0.014297,0.612644,-0.790229,0.241865,0.000000,0.000000,0.000000,1.000000
525,0.998351,0.052447,0.023321,0.013591,0.055730,-0.788481,-0.612529,-0.021248,-0.013737,0.612819,-0.790104,0.241851,0.000000,0.000000,0.000000,1.000000
525,0.998577,0.046834,0.025517,0.012606,0.052690,-0.792163,-0.608031,-0.021889,-0.008263,0.608510,-0.793503,0.241718,0.000000,0.000000,0.000000,1.000000
525,0.998673,0.044465,0.025972,0.012184,0.051045,-0.788340,-0.613119,-0.022455,-0.006787,0.613631,-0.789564,0.240993,0.000000,0.000000,0.000000,1.000000
525,0.998760,0.042517,0.025902,0.012216,0.049523,-0.795109,-0.604441,-0.023443,-0.005104,0.604974,-0.796229,0.240390,0.000000,0.000000,0.000000,1.000000
525,0.998799,0.037656,0.031341,0.012383,0.048935,-0.797614,-0.601180,-0.023029,0.002360,0.601991,-0.798499,0.240853,0.000000,0.000000,0.000000,1.000000
525,0.998654,0.041848,0.030652,0.013007,0.051862,-0.793787,-0.605980,-0.022898,-0.001028,0.606754,-0.794889,0.240368,0.000000,0.000000,0.000000,1.000000
525,0.998785,0.041432,0.026674,0.013146,0.049122,-0.794480,-0.605300,-0.023324,-0.003887,0.605875,-0.795550,0.240175,0.000000,0.000000,0.000000,1.000000
525,0.998786,0.041476,0.026592,0.013243,0.049123,-0.796955,-0.602038,-0.023843,-0.003778,0.602614,-0.798024,0.239885,0.000000,0.000000,0.000000,1.000000
525,0.998859,0.040433,0.025399,0.013371,0.047569,-0.796621,-0.602604,-0.024517,-0.004131,0.603125,-0.797636,0.239301,0.000000,0.000000,0.000000,1.000000
525,0.998729,0.042448,0.027176,0.013267,0.050286,-0.802547,-0.594465,-0.025250,-0.003424,0.595076,-0.803662,0.239088,0.000000,0.000000,0.000000,1.000000
525,0.998674,0.041616,0.030320,0.012983,0.051489,-0.805921,-0.589780,-0.024676,-0.000108,0.590559,-0.806995,0.239565,0.000000,0.000000,0.000000,1.000000
525,0.998592,0.042605,0.031608,0.012835,0.053049,-0.800750,-0.596644,-0.023674,-0.000110,0.597481,-0.801883,0.239931,0.000000,0.000000,0.000000,1.000000
525,0.998659,0.042009,0.030244,0.012392,0.051749,-0.796597,-0.602292,-0.023309,-0.001210,0.603049,-0.797703,0.240073,0.000000,0.000000,0.000000,1.000000
525,0.998662,0.039934,0.032870,0.012357,0.051678,-0.796662,-0.602212,-0.023210,0.002137,0.603105,-0.797659,0.240257,0.000000,0.000000,0.000000,1.000000
525,0.998738,0.037641,0.033248,0.012470,0.050066,-0.798282,-0.600199,-0.023475,0.003949,0.601106,-0.799159,0.240188,0.000000,0.000000,0.000000,1.000000
525,0.998670,0.038832,0.033920,0.012517,0.051413,-0.799731,-0.598152,-0.023730,0.003899,0.599101,-0.800664,0.239938,0.000000,0.000000,0.000000,1.000000
525,0.998669,0.040636,0.031762,0.012651,0.051566,-0.799075,-0.599016,-0.023923,0.001039,0.599857,-0.800107,0.239574,0.000000,0.000000,0.000000,1.000000
525,0.998748,0.038459,0.032002,0.012764,0.049968,-0.799129,-0.599079,-0.024521,0.002534,0.599928,-0.800050,0.239535,0.000000,0.000000,0.000000,1.000000
525,0.998823,0.037616,0.030632,0.012911,0.048462,-0.802085,-0.595240,-0.024443,0.002179,0.596024,-0.802964,0.239274,0.000000,0.000000,0.000000,1.000000
525,0.998681,0.039132,0.033230,0.013503,0.051237,-0.800292,-0.597417,-0.024056,0.003215,0.598332,-0.801242,0.239885,0.000000,0.000000,0.000000,1.000000
525,0.998549,0.041210,0.034666,0.014242,0.053767,-0.798997,-0.598926,-0.024127,0.003016,0.599921,-0.800054,0.239281,0.000000,0.000000,0.000000,1.000000
525,0.998615,0.040405,0.033697,0.015150,0.052537,-0.799997,-0.597700,-0.024445,0.002807,0.598642,-0.801011,0.239867,0.000000,0.000000,0.000000,1.000000
525,0.998612,0.043467,0.029736,0.016084,0.052620,-0.800179,-0.597448,-0.025170,-0.002175,0.598184,-0.801356,0.239284,0.000000,0.000000,0.000000,1.000000
525,0.998579,0.045740,0.027330,0.016179,0.053025,-0.802622,-0.594126,-0.025166,-0.005240,0.594731,-0.803907,0.239286,0.000000,0.000000,0.000000,1.000000
525,0.998761,0.043593,0.024018,0.015437,0.049319,-0.801903,-0.595415,-0.025710,-0.006696,0.595862,-0.803059,0.239947,0.000000,0.000000,0.000000,1.000000
525,0.998901,0.041288,0.022172,0.014924,0.046400,-0.804893,-0.591603,-0.026226,-0.006580,0.591981,-0.805925,0.239657,0.000000,0.000000,0.000000,1.000000
525,0.998918,0.039327,0.024825,0.014420,0.046393,-0.805249,-0.591120,-0.025723,-0.003257,0.591632,-0.806202,0.240248,0.000000,0.000000,0.000000,1.000000
525,0.998783,0.040550,0.028086,0.013335,0.049308,-0.805085,-0.591107,-0.025577,-0.001358,0.591772,-0.806104,0.241225,0.000000,0.000000,0.000000,1.000000
525,0.998734,0.036879,0.034209,0.012298,0.049993,-0.803062,-0.593794,-0.025813,0.005574,0.594753,-0.803889,0.240770,0.000000,0.000000,0.000000,1.000000
525,0.998510,0.039217,0.037943,0.012203,0.054120,-0.800640,-0.596697,-0.025216,0.006978,0.597861,-0.801569,0.240803,0.000000,0.000000,0.000000,1.000000
525,0.998425,0.040256,0.039080,0.012171,0.055637,-0.800161,-0.597199,-0.024975,0.007230,0.598433,-0.801140,0.241223,0.000000,0.000000,0.000000,1.000000
525,0.998405,0.038703,0.041102,0.012055,0.055541,-0.803924,-0.592133,-0.025014,0.010125,0.593471,-0.804792,0.241888,0.000000,0.000000,0.000000,1.000000
525,0.998342,0.040624,0.040779,0.012100,0.056920,-0.802139,-0.594419,-0.024842,0.008563,0.595754,-0.803121,0.241728,0.000000,0.000000,0.000000,1.000000
525,0.998253,0.041881,0.041668,0.012169,0.058466,-0.801641,-0.594939,-0.025022,0.008486,0.596336,-0.802690,0.241929,0.000000,0.000000,0.000000,1.000000
525,0.998253,0.041881,0.041668,0.012169,0.058466,-0.801641,-0.594939,-0.025022,0.008486,0.596336,-0.802690,0.241929,0.000000,0.000000,0.000000,1.000000
525,0.998255,0.042308,0.041187,0.012387,0.058494,-0.803673,-0.592189,-0.024905,0.008046,0.593565,-0.804746,0.241883,0.000000,0.000000,0.000000,1.000000
525,0.998164,0.042286,0.043355,0.012396,0.059823,-0.799943,-0.597086,-0.024753,0.009433,0.598584,-0.801005,0.241957,0.000000,0.000000,0.000000,1.000000
525,0.998251,0.041924,0.041673,0.012688,0.058528,-0.799894,-0.597280,-0.024733,0.008293,0.598675,-0.800949,0.242385,0.000000,0.000000,0.000000,1.000000
525,0.998412,0.039698,0.039973,0.012892,0.055737,-0.799281,-0.598368,-0.024831,0.008196,0.599645,-0.800224,0.242220,0.000000,0.000000,0.000000,1.000000
525,0.998688,0.042867,0.028016,0.013069,0.051125,-0.803153,-0.593575,-0.024963,-0.002944,0.594228,-0.804291,0.242518,0.000000,0.000000,0.000000,1.000000
17,-0.982064,-0.126689,0.139643,-0.048152,0.173340,-0.315248,0.933044,-1.342078,-0.074184,0.940515,0.331554,2.695869,0.000000,0.000000,0.000000,1.000000
525,0.998794,0.042344,0.024864,0.011750,0.048820,-0.801860,-0.595514,-0.023578,-0.005279,0.596009,-0.802960,0.243291,0.000000,0.000000,0.000000,1.000000
525,0.998883,0.037387,0.028894,0.010386,0.047249,-0.796753,-0.602455,-0.022663,0.000497,0.603147,-0.797630,0.243660,0.000000,0.000000,0.000000,1.000000
525,0.999065,0.032644,0.028335,0.009739,0.043129,-0.796638,-0.602916,-0.022428,0.002891,0.603575,-0.797301,0.244342,0.000000,0.000000,0.000000,1.000000
525,0.999065,0.032659,0.028334,0.009738,0.043143,-0.796174,-0.603527,-0.022208,0.002848,0.604186,-0.796839,0.244363,0.000000,0.000000,0.000000,1.000000
525,0.999065,0.029482,0.031626,0.010428,0.042643,-0.792665,-0.608165,-0.021772,0.007139,0.608945,-0.793181,0.244386,0.000000,0.000000,0.000000,1.000000
525,0.998941,0.031746,0.033306,0.011548,0.045441,-0.794284,-0.605845,-0.021434,0.007222,0.606717,-0.794885,0.244320,0.000000,0.000000,0.000000,1.000000
525,0.999034,0.033556,0.028370,0.013541,0.043905,-0.788763,-0.613127,-0.021676,0.001803,0.613780,-0.789475,0.243439,0.000000,0.000000,0.000000,1.000000
525,0.999139,0.035656,0.021199,0.015255,0.041198,-0.793298,-0.607439,-0.023292,-0.004842,0.607789,-0.794084,0.242729,0.000000,0.000000,0.000000,1.000000
525,0.999074,0.039896,0.016100,0.015856,0.041530,-0.796607,-0.603069,-0.023247,-0.011235,0.603179,-0.797526,0.242121,0.000000,0.000000,0.000000,1.000000
525,0.999053,0.040757,0.015211,0.016226,0.041674,-0.796297,-0.603468,-0.022410,-0.012483,0.603531,-0.797242,0.242799,0.000000,0.000000,0.000000,1.000000
525,0.999086,0.040604,0.013330,0.016051,0.040388,-0.795148,-0.605069,-0.021308,-0.013969,0.605055,-0.796061,0.243722,0.000000,0.000000,0.000000,1.000000
525,0.998977,0.042422,0.015668,0.016133,0.043165,-0.791126,-0.610128,-0.020443,-0.013487,0.610180,-0.792148,0.244035,0.000000,0.000000,0.000000,1.000000
987,-0.168889,0.483057,-0.859146,-1.330710,0.405919,0.828403,0.385977,-2.024613,0.898168,-0.283556,-0.335990,4.155263,0.000000,0.000000,0.000000,1.000000
525,0.999026,0.040111,0.018385,0.016409,0.043007,-0.792072,-0.608911,-0.020251,-0.009862,0.609108,-0.793026,0.244605,0.000000,0.000000,0.000000,1.000000
437,-0.474457,-0.207752,0.855412,-2.829662,0.207805,0.917853,0.338177,-0.658143,-0.855399,0.338209,-0.392310,4.876808,0.000000,0.000000,0.000000,1.000000
525,0.998960,0.041317,0.019277,0.016481,0.044511,-0.792242,-0.608582,-0.019649,-0.009872,0.608807,-0.793257,0.244835,0.000000,0.000000,0.000000,1.000000
525,0.998961,0.041304,0.019248,0.016863,0.044426,-0.788719,-0.613146,-0.020320,-0.010144,0.613364,-0.789735,0.244691,0.000000,0.000000,0.000000,1.000000
525,0.998850,0.044580,0.017656,0.016587,0.046132,-0.793105,-0.607336,-0.020593,-0.013072,0.607452,-0.794249,0.244785,0.000000,0.000000,0.000000,1.000000
525,0.998834,0.045179,0.017039,0.016180,0.046190,-0.791195,-0.609817,-0.020921,-0.014070,0.609892,-0.792359,0.244611,0.000000,0.000000,0.000000,1.000000
525,0.998844,0.044716,0.017651,0.015428,0.046179,-0.790391,-0.610860,-0.021116,-0.013364,0.610969,-0.791542,0.244184,0.000000,0.000000,0.000000,1.000000
525,0.998756,0.044762,0.021960,0.014968,0.048863,-0.791192,-0.609612,-0.021021,-0.009913,0.609927,-0.792395,0.244514,0.000000,0.000000,0.000000,1.000000
525,0.998839,0.042778,0.022152,0.014777,0.047383,-0.789452,-0.611981,-0.021278,-0.008692,0.612320,-0.790562,0.244137,0.000000,0.000000,0.000000,1.000000
525,0.998880,0.039671,0.025770,0.014828,0.047166,-0.793386,-0.606889,-0.021409,-0.003631,0.607425,-0.794369,0.244601,0.000000,0.000000,0.000000,1.000000
525,0.998757,0.041636,0.027415,0.014953,0.049721,-0.792231,-0.608192,-0.021696,-0.003603,0.608799,-0.793317,0.243757,0.000000,0.000000,0.000000,1.000000
525,0.998661,0.044024,0.027152,0.014988,0.051470,-0.793927,-0.605830,-0.022340,-0.005114,0.606417,-0.795131,0.244322,0.000000,0.000000,0.000000,1.000000
525,0.998661,0.044242,0.026801,0.014581,0.051455,-0.796652,-0.602243,-0.022650,-0.005293,0.602816,-0.797862,0.244036,0.000000,0.000000,0.000000,1.000000
525,0.998623,0.045938,0.025347,0.013681,0.051949,-0.798032,-0.600372,-0.022044,-0.007353,0.600862,-0.799319,0.245094,0.000000,0.000000,0.000000,1.000000
525,0.998864,0.039318,0.026904,0.012677,0.047594,-0.798276,-0.600408,-0.021490,-0.002130,0.601007,-0.799241,0.246157,0.000000,0.000000,0.000000,1.000000
525,0.999262,0.032019,0.021200,0.011653,0.038302,-0.791323,-0.610198,-0.022681,-0.002762,0.610560,-0.791965,0.247902,0.000000,0.000000,0.000000,1.000000
525,0.999785,0.015385,0.013901,0.012142,0.020648,-0.799855,-0.599839,-0.029442,0.001890,0.599997,-0.800000,0.248788,0.000000,0.000000,0.000000,1.000000
525,0.999961,0.005931,0.006616,0.015502,0.008652,-0.819195,-0.573450,-0.035318,0.002019,0.573485,-0.819214,0.247687,0.000000,0.000000,0.000000,1.000000
525,0.999939,0.009982,-0.004786,0.020553,0.005641,-0.831472,-0.555537,-0.037105,-0.009525,0.555476,-0.831478,0.248023,0.000000,0.000000,0.000000,1.000000
525,0.999272,0.028867,-0.024927,0.022315,0.010894,-0.842359,-0.538806,-0.036325,-0.036551,0.538142,-0.842061,0.249780,0.000000,0.000000,0.000000,1.000000
525,0.999074,0.033586,-0.026900,0.020852,0.013924,-0.843829,-0.536432,-0.033323,-0.040715,0.535561,-0.843515,0.251752,0.000000,0.000000,0.000000,1.000000
525,0.999250,0.035631,-0.015151,0.018925,0.021563,-0.837129,-0.546580,-0.031864,-0.032159,0.545844,-0.837270,0.253099,0.000000,0.000000,0.000000,1.000000
525,0.999459,0.032903,-0.000053,0.016445,0.027484,-0.835740,-0.548437,-0.032844,-0.018090,0.548138,-0.836192,0.253070,0.000000,0.000000,0.000000,1.000000
525,0.999462,0.031732,0.008252,0.014971,0.031172,-0.841603,-0.539196,-0.035964,-0.010165,0.539163,-0.842140,0.252711,0.000000,0.000000,0.000000,1.000000
525,0.999364,0.030963,0.017665,0.013990,0.035611,-0.844815,-0.533873,-0.040759,-0.001607,0.534162,-0.845380,0.251491,0.000000,0.000000,0.000000,1.000000
525,0.999445,0.020571,0.026203,0.016737,0.031124,-0.857011,-0.514357,-0.046909,0.011875,0.514887,-0.857176,0.248840,0.000000,0.000000,0.000000,1.000000
525,0.999439,0.031345,0.011824,0.019393,0.033104,-0.869810,-0.492275,-0.049674,-0.005146,0.492390,-0.870359,0.247691,0.000000,0.000000,0.000000,1.000000
525,0.999491,0.029907,0.011087,0.021943,0.031489,-0.869929,-0.492170,-0.051056,-0.005074,0.492269,-0.870429,0.246222,0.000000,0.000000,0.000000,1.000000
525,0.999232,0.039182,-0.000184,0.024124,0.034305,-0.877118,-0.479049,-0.052316,-0.018931,0.478675,-0.877788,0.245881,0.000000,0.000000,0.000000,1.000000
525,0.999129,0.041732,-0.000690,0.024932,0.036330,-0.877703,-0.477827,-0.052749,-0.020547,0.477385,-0.878454,0.245514,0.000000,0.000000,0.000000,1.000000
525,0.998898,0.046711,-0.004672,0.025290,0.038877,-0.878903,-0.475414,-0.053105,-0.026313,0.474708,-0.879750,0.245349,0.000000,0.000000,0.000000,1.000000
525,0.999041,0.043782,0.001101,0.024823,0.039102,-0.880384,-0.472647,-0.053606,-0.019724,0.472236,-0.881251,0.245385,0.000000,0.000000,0.000000,1.000000
525,0.999041,0.043441,0.005566,0.024661,0.040948,-0.881415,-0.470564,-0.054115,-0.015535,0.470340,-0.882348,0.244603,0.000000,0.000000,0.000000,1.000000
525,0.999007,0.044342,0.004384,0.025065,0.041199,-0.881729,-0.469954,-0.054707,-0.016973,0.469668,-0.882680,0.244205,0.000000,0.000000,0.000000,1.000000
525,0.998812,0.047984,0.008479,0.024867,0.046372,-0.882580,-0.467870,-0.054920,-0.014967,0.467708,-0.883756,0.243652,0.000000,0.000000,0.000000,1.000000
525,0.998762,0.049281,0.006752,0.024293,0.046788,-0.884684,-0.463838,-0.055225,-0.016885,0.463580,-0.885894,0.243589,0.000000,0.000000,0.000000,1.000000
525,0.998775,0.047864,0.012581,0.024019,0.048194,-0.882867,-0.467143,-0.055619,-0.011252,0.467177,-0.884092,0.243289,0.000000,0.000000,0.000000,1.000000
525,0.998800,0.047874,0.010328,0.023515,0.047197,-0.884570,-0.464013,-0.056548,-0.013078,0.463944,-0.885768,0.242233,0.000000,0.000000,0.000000,1.000000
525,0.998800,0.046303,0.015961,0.023296,0.048424,-0.884767,-0.463511,-0.058214,-0.007340,0.463728,-0.885947,0.241263,0.000000,0.000000,0.000000,1.000000
525,0.998830,0.045594,0.016147,0.024269,0.047918,-0.887294,-0.458708,-0.060170,-0.006587,0.458945,-0.888440,0.239778,0.000000,0.000000,0.000000,1.000000
525,0.998699,0.050517,0.006997,0.025825,0.048175,-0.889462,-0.454464,-0.064307,-0.016734,0.454209,-0.890738,0.239245,0.000000,0.000000,0.000000,1.000000
525,0.998995,0.044299,0.006782,0.026889,0.042851,-0.899903,-0.433979,-0.069464,-0.013122,0.433834,-0.900897,0.236233,0.000000,0.000000,0.000000,1.000000
525,0.998782,0.049241,0.003180,0.029561,0.045984,-0.905473,-0.421905,-0.073958,-0.017896,0.421537,-0.906635,0.234613,0.000000,0.000000,0.000000,1.000000
525,0.998304,0.057010,-0.011810,0.032193,0.047270,-0.912116,-0.407197,-0.078992,-0.033986,0.405948,-0.913264,0.231971,0.000000,0.000000,0.000000,1.000000
525,0.997869,0.062899,-0.017345,0.032405,0.050975,-0.917483,-0.394495,-0.083175,-0.040727,0.392770,-0.918734,0.229385,0.000000,0.000000,0.000000,1.000000
525,0.997626,0.065864,-0.020110,0.031958,0.053050,-0.921208,-0.385438,-0.086349,-0.043912,0.383456,-0.922515,0.228003,0.000000,0.000000,0.000000,1.000000
525,0.997527,0.067413,-0.019870,0.031080,0.055160,-0.926171,-0.373047,-0.089674,-0.043551,0.371028,-0.927600,0.227037,0.000000,0.000000,0.000000,1.000000
525,0.997937,0.063737,0.007675,0.034587,0.063513,-0.962793,-0.262671,-0.084934,-0.009353,0.262616,-0.964855,0.230369,0.000000,0.000000,0.000000,1.000000
525,0.996080,0.086149,0.020052,0.032249,0.088226,-0.951470,-0.294823,-0.062740,-0.006320,0.295436,-0.955342,0.238958,0.000000,0.000000,0.000000,1.000000
525,0.994824,0.097412,0.028906,0.028881,0.100282,-0.895407,-0.433808,-0.046815,-0.016376,0.434461,-0.900542,0.246822,0.000000,0.000000,0.000000,1.000000
525,0.995639,0.084899,0.038675,0.026169,0.092932,-0.866112,-0.491135,-0.041344,-0.008200,0.492587,-0.870225,0.249215,0.000000,0.000000,0.000000,1.000000
525,0.995824,0.078968,0.045814,0.025930,0.091295,-0.860582,-0.501063,-0.038886,-0.000141,0.503153,-0.864197,0.249443,0.000000,0.000000,0.000000,1.000000
525,0.995721,0.084681,0.037003,0.027158,0.091606,-0.851666,-0.516016,-0.037270,-0.012182,0.517198,-0.855779,0.250287,0.000000,0.000000,0.000000,1.000000
525,0.995814,0.086148,0.030534,0.027173,0.089532,-0.852248,-0.515419,-0.037606,-0.018380,0.515996,-0.856394,0.250216,0.000000,0.000000,0.000000,1.000000
525,0.995755,0.084319,0.036916,0.027671,0.091259,-0.852030,-0.515476,-0.037703,-0.012010,0.516657,-0.856108,0.249200,0.000000,0.000000,0.000000,1.000000
525,0.995698,0.083964,0.039179,0.029264,0.092232,-0.857799,-0.505642,-0.036575,-0.008848,0.507080,-0.861854,0.249924,0.000000,0.000000,0.000000,1.000000
525,0.995525,0.088168,0.034016,0.029852,0.093002,-0.850182,-0.518210,-0.034787,-0.016770,0.519054,-0.854577,0.249975,0.000000,0.000000,0.000000,1.000000
525,0.995543,0.087271,0.035742,0.030730,0.093075,-0.848189,-0.521453,-0.034518,-0.015191,0.522456,-0.852531,0.250529,0.000000,0.000000,0.000000,1.000000
525,0.995159,0.092193,0.034045,0.031296,0.096482,-0.850548,-0.516971,-0.033871,-0.018705,0.517753,-0.855326,0.250976,0.000000,0.000000,0.000000,1.000000
525,0.993842,0.108774,0.021108,0.029625,0.104645,-0.858795,-0.501518,-0.031105,-0.036425,0.500639,-0.864889,0.252574,0.000000,0.000000,0.000000,1.000000
525,0.989450,0.136412,0.048792,0.020269,0.143095,-0.867556,-0.476309,-0.017075,-0.022645,0.478265,-0.877923,0.257276,0.000000,0.000000,0.000000,1.000000
525,0.987390,0.110202,0.113653,0.010618,0.155256,-0.814391,-0.559162,-0.005408,0.030938,0.569756,-0.821231,0.258789,0.000000,0.000000,0.000000,1.000000
525,0.983124,0.080676,0.164193,0.007147,0.162657,-0.796254,-0.582686,-0.000037,0.083730,0.599559,-0.795939,0.258570,0.000000,0.000000,0.000000,1.000000
525,0.980707,0.064075,0.184685,0.008610,0.165403,-0.775540,-0.609245,0.004868,0.104194,0.628038,-0.771176,0.258254,0.000000,0.000000,0.000000,1.000000
525,0.985879,0.046392,0.160902,0.014414,0.141010,-0.748247,-0.648262,0.004971,0.090321,0.661797,-0.744223,0.258525,0.000000,0.000000,0.000000,1.000000
525,0.994798,0.041186,0.093173,0.024356,0.091890,-0.757614,-0.646203,-0.007267,0.043975,0.651402,-0.757457,0.259830,0.000000,0.000000,0.000000,1.000000
525,0.999532,0.008181,0.029481,0.026593,0.023626,-0.818625,-0.573843,-0.026421,0.019439,0.574271,-0.818435,0.255656,0.000000,0.000000,0.000000,1.000000
525,0.997377,-0.044648,0.056979,0.022822,-0.008096,-0.850992,-0.525116,-0.023985,0.071934,0.523277,-0.849121,0.252223,0.000000,0.000000,0.000000,1.000000
525,0.995836,-0.069667,0.058801,0.026657,-0.022691,-0.814108,-0.580269,-0.022852,0.088296,0.576519,-0.812299,0.251155,0.000000,0.000000,0.000000,1.000000
37,0.621158,0.100048,-0.777273,-1.116923,0.777012,-0.207780,0.594205,-1.682589,-0.102053,-0.973046,-0.206803,3.330002,0.000000,0.000000,0.000000,1.000000
525,0.993955,-0.098215,0.049065,0.034202,-0.054358,-0.828525,-0.557307,-0.029007,0.095387,0.551271,-0.828855,0.246940,0.000000,0.000000,0.000000,1.000000
525,0.993307,-0.107045,0.043390,0.042124,-0.067098,-0.840530,-0.537593,-0.029439,0.094017,0.531084,-0.842087,0.243786,0.000000,0.000000,0.000000,1.000000
525,0.992764,-0.118983,0.016181,0.048616,-0.090380,-0.829135,-0.551694,-0.031019,0.079059,0.546240,-0.833889,0.241046,0.000000,0.000000,0.000000,1.000000
525,0.987417,-0.157605,0.013012,0.054366,-0.128514,-0.847658,-0.514743,-0.038505,0.092156,0.506594,-0.857246,0.232890,0.000000,0.000000,0.000000,1.000000
525,0.982861,-0.184347,0.000518,0.060589,-0.159128,-0.849814,-0.502489,-0.035870,0.093073,0.493794,-0.864584,0.228483,0.000000,0.000000,0.000000,1.000000
525,0.977875,-0.207278,-0.028224,0.063806,-0.195690,-0.858718,-0.473613,-0.036634,0.073933,0.468657,-0.880281,0.227370,0.000000,0.000000,0.000000,1.000000
525,0.971268,-0.234894,-0.038243,0.060771,-0.226434,-0.862653,-0.452281,-0.034167,0.073247,0.447946,-0.891055,0.228336,0.000000,0.000000,0.000000,1.000000
525,0.955990,-0.292991,-0.015444,0.056413,-0.265226,-0.840491,-0.472473,-0.036465,0.125450,0.455776,-0.881210,0.225756,0.000000,0.000000,0.000000,1.000000
525,0.946507,-0.321546,-0.027057,0.051440,-0.300287,-0.847021,-0.438616,-0.035910,0.118117,0.423278,-0.898267,0.225918,0.000000,0.000000,0.000000,1.000000
525,0.925799,-0.377966,0.006107,0.042905,-0.337452,-0.833627,-0.437255,-0.037169,0.170359,0.402750,-0.899317,0.224279,0.000000,0.000000,0.000000,1.000000
525,0.904430,-0.425905,0.024743,0.037243,-0.373910,-0.819272,-0.434724,-0.036972,0.205423,0.383926,-0.900224,0.222473,0.000000,0.000000,0.000000,1.000000
525,0.882283,-0.470289,0.020144,0.031944,-0.417378,-0.801373,-0.428482,-0.036850,0.217653,0.369635,-0.903326,0.220918,0.000000,0.000000,0.000000,1.000000
525,0.846979,-0.531116,0.023300,0.028926,-0.468759,-0.766776,-0.438543,-0.038369,0.250783,0.360514,-0.898408,0.217814,0.000000,0.000000,0.000000,1.000000
525,0.827346,-0.561360,-0.019319,0.017491,-0.516597,-0.746970,-0.418526,-0.037250,0.220513,0.356246,-0.907999,0.217177,0.000000,0.000000,0.000000,1.000000
525,0.752426,-0.655102,0.068525,0.013750,-0.559725,-0.690764,-0.457769,-0.038200,0.347220,0.306083,-0.886426,0.215114,0.000000,0.000000,0.000000,1.000000
525,0.740343,-0.670452,0.048845,0.019126,-0.588555,-0.681585,-0.434793,-0.041976,0.324800,0.293148,-0.899205,0.211802,0.000000,0.000000,0.000000,1.000000
525,0.719257,-0.693245,0.045618,0.021739,-0.616096,-0.666805,-0.419281,-0.043706,0.321083,0.273466,-0.906709,0.209428,0.000000,0.000000,0.000000,1.000000
525,0.714076,-0.698978,0.039060,0.023202,-0.627010,-0.663376,-0.408400,-0.044942,0.311374,0.267137,-0.911967,0.206921,0.000000,0.000000,0.000000,1.000000
525,0.694561,-0.717307,0.055278,0.023227,-0.644109,-0.654229,-0.396370,-0.044594,0.320483,0.239698,-0.916425,0.205191,0.000000,0.000000,0.000000,1.000000
525,0.682921,-0.727739,0.063361,0.023599,-0.646939,-0.642812,-0.410199,-0.042726,0.339247,0.239143,-0.909792,0.203574,0.000000,0.000000,0.000000,1.000000
525,0.663950,-0.744107,0.073993,0.024629,-0.654377,-0.626056,-0.424080,-0.042789,0.361885,0.233149,-0.902597,0.200814,0.000000,0.000000,0.000000,1.000000
525,0.658183,-0.749646,0.069472,0.027001,-0.660440,-0.619221,-0.424717,-0.044324,0.361406,0.233660,-0.902656,0.197840,0.000000,0.000000,0.000000,1.000000
525,0.642241,-0.763086,0.072300,0.027443,-0.678678,-0.609959,-0.409079,-0.045015,0.356263,0.213659,-0.909630,0.195199,0.000000,0.000000,0.000000,1.000000
525,0.638547,-0.766238,0.071682,0.027619,-0.675019,-0.602383,-0.426010,-0.047269,0.369605,0.223641,-0.901874,0.192750,0.000000,0.000000,0.000000,1.000000
525,0.611062,-0.787278,0.082445,0.026830,-0.702416,-0.587303,-0.402103,-0.050210,0.364987,0.187799,-0.911875,0.188929,0.000000,0.000000,0.000000,1.000000
525,0.592798,-0.800136,0.091502,0.028881,-0.714943,-0.575146,-0.397571,-0.050336,0.370738,0.170261,-0.912998,0.185445,0.000000,0.000000,0.000000,1.000000
525,0.590593,-0.800644,0.100843,0.030846,-0.723178,-0.580570,-0.374101,-0.048330,0.358068,0.148014,-0.921889,0.184026,0.000000,0.000000,0.000000,1.000000
525,0.593420,-0.799501,0.093006,0.033336,-0.720719,-0.579248,-0.380835,-0.044991,0.358352,0.158964,-0.919953,0.183526,0.000000,0.000000,0.000000,1.000000
525,0.589434,-0.801625,0.099824,0.033060,-0.727202,-0.580356,-0.366556,-0.039877,0.351774,0.143469,-0.925025,0.184914,0.000000,0.000000,0.000000,1.000000
525,0.587321,-0.802225,0.107187,0.033255,-0.711614,-0.574936,-0.403800,-0.033972,0.385564,0.160885,-0.908546,0.185130,0.000000,0.000000,0.000000,1.000000
525,0.584815,-0.803907,0.108285,0.033719,-0.707051,-0.570619,-0.417699,-0.030659,0.397580,0.167714,-0.902110,0.184461,0.000000,0.000000,0.000000,1.000000
525,0.584880,-0.803344,0.112045,0.035515,-0.702480,-0.570745,-0.425172,-0.026867,0.405508,0.169965,-0.898151,0.183485,0.000000,0.000000,0.000000,1.000000
525,0.592939,-0.798882,0.101045,0.037109,-0.694509,-0.570862,-0.437919,-0.023740,0.407529,0.189483,-0.893318,0.183481,0.000000,0.000000,0.000000,1.000000
525,0.588463,-0.800250,0.115374,0.037319,-0.689667,-0.571296,-0.444950,-0.020094,0.421984,0.182267,-0.888093,0.183252,0.000000,0.000000,0.000000,1.000000
525,0.595361,-0.797207,0.100031,0.038959,-0.677739,-0.565163,-0.470385,-0.018324,0.431528,0.212254,-0.876774,0.183885,0.000000,0.000000,0.000000,1.000000
525,0.598522,-0.794922,0.099348,0.039845,-0.674260,-0.566832,-0.473365,-0.018152,0.432602,0.216334,-0.875246,0.184043,0.000000,0.000000,0.000000,1.000000
525,0.600567,-0.792708,0.104562,0.041334,-0.667934,-0.569268,-0.479372,-0.018583,0.439526,0.218055,-0.871360,0.183542,0.000000,0.000000,0.000000,1.000000
525,0.614123,-0.782960,0.099130,0.045232,-0.653484,-0.574907,-0.492382,-0.020491,0.442507,0.237603,-0.864715,0.183288,0.000000,0.000000,0.000000,1.000000
525,0.657331,-0.744193,0.118709,0.051114,-0.642583,-0.635792,-0.427616,-0.022110,0.393704,0.204805,-0.896132,0.182016,0.000000,0.000000,0.000000,1.000000
525,0.713919,-0.646199,0.269716,0.059058,-0.517086,-0.746248,-0.419209,-0.003395,0.472168,0.159815,-0.866901,0.171737,0.000000,0.000000,0.000000,1.000000
525,0.893975,-0.440955,0.079796,0.085560,-0.339198,-0.782238,-0.522540,0.004398,0.292836,0.440071,-0.848872,0.192060,0.000000,0.000000,0.000000,1.000000
525,0.944659,-0.327289,0.022376,0.095428,-0.288834,-0.862127,-0.416307,-0.015962,0.155543,0.386806,-0.908949,0.196137,0.000000,0.000000,0.000000,1.000000
525,0.953584,-0.295307,0.058924,0.088101,-0.280704,-0.942559,-0.181073,-0.026900,0.109011,0.156128,-0.981703,0.189787,0.000000,0.000000,0.000000,1.000000
525,0.959674,-0.267447,0.086596,0.072525,-0.253420,-0.956384,-0.145288,-0.019398,0.121676,0.117484,-0.985593,0.198422,0.000000,0.000000,0.000000,1.000000
525,0.967973,-0.246513,0.047537,0.060121,-0.221572,-0.927874,-0.299925,-0.021323,0.118044,0.279786,-0.952778,0.206921,0.000000,0.000000,0.000000,1.000000
525,0.964162,-0.254298,0.075659,0.053456,-0.217162,-0.920233,-0.325595,-0.023381,0.152422,0.297496,-0.942477,0.202433,0.000000,0.000000,0.000000,1.000000
525,0.984101,-0.177144,0.012828,0.051742,-0.163884,-0.933529,-0.318851,-0.020467,0.068458,0.311679,-0.947718,0.207212,0.000000,0.000000,0.000000,1.000000
525,0.993558,-0.109480,-0.029273,0.045639,-0.112373,-0.918327,-0.379537,-0.025015,0.014670,0.380381,-0.924713,0.213292,0.000000,0.000000,0.000000,1.000000
525,0.995448,-0.068204,-0.066567,0.033130,-0.087404,-0.931775,-0.352357,-0.028755,-0.037993,0.356571,-0.933495,0.216035,0.000000,0.000000,0.000000,1.000000
525,0.998182,-0.043927,-0.041259,0.023193,-0.056101,-0.927368,-0.369921,-0.028781,-0.022012,0.371563,-0.928147,0.223347,0.000000,0.000000,0.000000,1.000000
525,0.999979,-0.000860,-0.006451,0.016461,-0.003290,-0.922015,-0.387141,-0.030896,-0.005615,0.387154,-0.921998,0.230311,0.000000,0.000000,0.000000,1.000000
525,0.997973,0.049864,0.039538,0.015837,0.061101,-0.924463,-0.376344,-0.030196,0.017785,0.377997,-0.925636,0.237155,0.000000,0.000000,0.000000,1.000000
525,0.990928,0.134017,-0.010012,0.012741,0.116209,-0.891907,-0.437032,-0.030743,-0.067500,0.431904,-0.899390,0.247285,0.000000,0.000000,0.000000,1.000000
525,0.992391,0.122255,0.014626,0.004482,0.115904,-0.887479,-0.446036,-0.038436,-0.041549,0.444337,-0.894896,0.254460,0.000000,0.000000,0.000000,1.000000
525,0.992237,0.124318,0.003286,0.003576,0.114122,-0.899721,-0.421283,-0.040514,-0.049417,0.418387,-0.906923,0.261740,0.000000,0.000000,0.000000,1.000000
525,0.991483,0.130040,-0.007125,0.000986,0.113402,-0.888940,-0.443763,-0.039064,-0.064041,0.439176,-0.896116,0.270541,0.000000,0.000000,0.000000,1.000000
525,0.991350,0.129357,-0.022191,0.001682,0.104201,-0.878532,-0.466180,-0.036130,-0.079800,0.459835,-0.884412,0.278037,0.000000,0.000000,0.000000,1.000000
525,0.991393,0.130838,0.004610,0.004336,0.117404,-0.872912,-0.473541,-0.035164,-0.057933,0.470006,-0.880760,0.283635,0.000000,0.000000,0.000000,1.000000
525,0.984280,0.176410,0.008486,0.014602,0.158943,-0.863825,-0.478063,-0.028530,-0.077004,0.471897,-0.878284,0.288152,0.000000,0.000000,0.000000,1.000000
525,0.964510,0.262727,-0.026366,0.020080,0.213596,-0.835028,-0.507055,-0.020978,-0.155234,0.483428,-0.861510,0.291248,0.000000,0.000000,0.000000,1.000000
525,0.949763,0.312653,-0.014053,0.020910,0.257882,-0.807246,-0.530896,-0.020223,-0.177330,0.500602,-0.847320,0.290909,0.000000,0.000000,0.000000,1.000000
525,0.930362,0.365065,-0.033966,0.018334,0.296352,-0.803312,-0.516589,-0.018806,-0.215874,0.470550,-0.855559,0.290109,0.000000,0.000000,0.000000,1.000000
525,0.918885,0.392545,-0.039487,0.008368,0.313059,-0.786389,-0.532528,-0.016010,-0.240093,0.476970,-0.845491,0.288058,0.000000,0.000000,0.000000,1.000000
525,0.917629,0.397236,-0.012674,-0.002812,0.329685,-0.778618,-0.533912,-0.012932,-0.221957,0.485754,-0.845445,0.289209,0.000000,0.000000,0.000000,1.000000
525,0.910409,0.413602,0.009407,-0.012761,0.354891,-0.769085,-0.531565,-0.012344,-0.212622,0.487280,-0.846965,0.289601,0.000000,0.000000,0.000000,1.000000
525,0.906878,0.411986,0.088546,-0.013002,0.401310,-0.780276,-0.479708,-0.007569,-0.128542,0.470571,-0.872949,0.291615,0.000000,0.000000,0.000000,1.000000
525,0.882553,0.469140,0.031755,-0.009726,0.409334,-0.733300,-0.542878,-0.002363,-0.231400,0.492117,-0.839211,0.293391,0.000000,0.000000,0.000000,1.000000
525,0.880521,0.473100,0.029309,-0.011079,0.413483,-0.736389,-0.535502,-0.008816,-0.231764,0.483640,-0.844025,0.292924,0.000000,0.000000,0.000000,1.000000
525,0.873572,0.486592,0.010039,-0.011196,0.429626,-0.761281,-0.485667,-0.004618,-0.228679,0.428578,-0.874086,0.293788,0.000000,0.000000,0.000000,1.000000
525,0.867432,0.497254,0.017334,-0.011214,0.431198,-0.733905,-0.524835,-0.001854,-0.248255,0.462733,-0.851028,0.293705,0.000000,0.000000,0.000000,1.000000
525,0.854108,0.520090,0.002346,-0.010811,0.449245,-0.735477,-0.507201,-0.000835,-0.262064,0.434259,-0.861825,0.292071,0.000000,0.000000,0.000000,1.000000
525,0.843764,0.536633,0.009368,-0.009755,0.466170,-0.724099,-0.508297,0.001885,-0.265985,0.433249,-0.861131,0.289868,0.000000,0.000000,0.000000,1.000000
525,0.840092,0.542426,0.004389,-0.011074,0.469364,-0.722833,-0.507159,0.005599,-0.271924,0.428120,-0.861841,0.289368,0.000000,0.000000,0.000000,1.000000
525,0.834305,0.550892,0.021301,-0.010136,0.482578,-0.711075,-0.511361,0.009869,-0.266558,0.436910,-0.859102,0.290010,0.000000,0.000000,0.000000,1.000000
525,0.810634,0.585529,0.005293,-0.006351,0.497147,-0.683442,-0.534557,0.011875,-0.309382,0.435961,-0.845116,0.289663,0.000000,0.000000,0.000000,1.000000
525,0.809379,0.587094,0.015055,-0.007295,0.495886,-0.669454,-0.553108,0.008208,-0.314648,0.455139,-0.832974,0.288907,0.000000,0.000000,0.000000,1.000000
525,0.803443,0.595365,-0.004516,-0.007039,0.508342,-0.689915,-0.515369,0.005659,-0.309948,0.411774,-0.856957,0.287983,0.000000,0.000000,0.000000,1.000000
525,0.805173,0.593022,0.004638,-0.007854,0.503980,-0.680113,-0.532401,0.004902,-0.312571,0.431013,-0.846479,0.288113,0.000000,0.000000,0.000000,1.000000
525,0.802394,0.596789,0.002709,-0.009049,0.509863,-0.683147,-0.522829,0.003090,-0.310168,0.420896,-0.852433,0.287847,0.000000,0.000000,0.000000,1.000000
525,0.802288,0.596891,0.007357,-0.010688,0.514933,-0.685788,-0.514334,0.002205,-0.301956,0.416432,-0.857558,0.288142,0.000000,0.000000,0.000000,1.000000
525,0.803738,0.594788,0.015227,-0.011806,0.514768,-0.682317,-0.519093,0.002149,-0.298360,0.425053,-0.854582,0.288915,0.000000,0.000000,0.000000,1.000000
525,0.800943,0.598612,0.012396,-0.012980,0.518569,-0.683199,-0.514126,0.001846,-0.299292,0.418214,-0.857625,0.289594,0.000000,0.000000,0.000000,1.000000
525,0.804622,0.593721,0.008868,-0.014047,0.514185,-0.689209,-0.510495,0.000996,-0.296980,0.415315,-0.859835,0.289401,0.000000,0.000000,0.000000,1.000000
525,0.807920,0.589055,0.016681,-0.014397,0.514532,-0.691343,-0.507250,0.001986,-0.287266,0.418400,-0.861638,0.289255,0.000000,0.000000,0.000000,1.000000
525,0.820241,0.571884,0.012392,-0.013416,0.496627,-0.701217,-0.511524,0.005429,-0.283843,0.425728,-0.859179,0.290606,0.000000,0.000000,0.000000,1.000000
525,0.830480,0.556950,-0.010434,-0.011987,0.461556,-0.698481,-0.546891,0.005270,-0.311879,0.449366,-0.837139,0.292093,0.000000,0.000000,0.000000,1.000000
525,0.839812,0.541892,-0.032692,-0.011286,0.437072,-0.710628,-0.551340,0.001755,-0.321999,0.448733,-0.833640,0.291845,0.000000,0.000000,0.000000,1.000000
525,0.846392,0.531116,-0.039211,-0.010529,0.426558,-0.720165,-0.547184,-0.001604,-0.318856,0.446406,-0.836094,0.292017,0.000000,0.000000,0.000000,1.000000
525,0.851863,0.522258,-0.039694,-0.009678,0.420817,-0.727579,-0.541795,-0.004904,-0.311837,0.444831,-0.839573,0.292251,0.000000,0.000000,0.000000,1.000000
525,0.857337,0.512465,-0.048508,-0.009785,0.410733,-0.737841,-0.535620,-0.006958,-0.310278,0.439283,-0.843065,0.294038,0.000000,0.000000,0.000000,1.000000
525,0.866805,0.497231,-0.037557,-0.010537,0.402325,-0.741876,-0.536428,-0.008112,-0.294592,0.449868,-0.843110,0.295445,0.000000,0.000000,0.000000,1.000000
525,0.879528,0.473465,-0.047548,-0.011700,0.373519,-0.748845,-0.547462,-0.010060,-0.294810,0.463749,-0.835478,0.297908,0.000000,0.000000,0.000000,1.000000
525,0.906795,0.416978,-0.062065,-0.013323,0.318708,-0.774434,-0.546513,-0.018467,-0.275950,0.475795,-0.835147,0.300266,0.000000,0.000000,0.000000,1.000000
525,0.942993,0.329523,-0.046684,-0.006730,0.260055,-0.817089,-0.514526,-0.022781,-0.207693,0.473054,-0.856203,0.302143,0.000000,0.000000,0.000000,1.000000
525,0.949600,0.302905,-0.080672,0.002285,0.215100,-0.816873,-0.535211,-0.029077,-0.228017,0.490884,-0.840858,0.302835,0.000000,0.000000,0.000000,1.000000
525,0.965494,0.246676,-0.083504,0.006526,0.174369,-0.850480,-0.496265,-0.041507,-0.193435,0.464580,-0.864146,0.303487,0.000000,0.000000,0.000000,1.000000
525,0.972441,0.219356,-0.079008,0.016953,0.157384,-0.867605,-0.471691,-0.045271,-0.172016,0.446257,-0.878217,0.304056,0.000000,0.000000,0.000000,1.000000
525,0.976537,0.201190,-0.076798,0.021866,0.140962,-0.866792,-0.478332,-0.054460,-0.162803,0.456283,-0.874815,0.305035,0.000000,0.000000,0.000000,1.000000
525,0.983405,0.174306,-0.050326,0.023068,0.133304,-0.882371,-0.451277,-0.061256,-0.123066,0.437079,-0.890964,0.304808,0.000000,0.000000,0.000000,1.000000
525,0.988685,0.148924,-0.017973,0.028762,0.125075,-0.884580,-0.449304,-0.069600,-0.082811,0.441972,-0.893198,0.306905,0.000000,0.000000,0.000000,1.000000
525,0.987752,0.155974,-0.004159,0.026985,0.138501,-0.888752,-0.436964,-0.080519,-0.071852,0.431036,-0.899469,0.309785,0.000000,0.000000,0.000000,1.000000
525,0.993512,0.096571,0.060059,0.027864,0.112449,-0.913063,-0.392010,-0.086792,0.016981,0.396220,-0.917999,0.312482,0.000000,0.000000,0.000000,1.000000
525,0.990848,0.120014,0.061781,0.032129,0.134551,-0.914719,-0.381031,-0.082250,0.010783,0.385857,-0.922496,0.326632,0.000000,0.000000,0.000000,1.000000
525,0.991716,0.094902,0.086562,0.032975,0.122021,-0.906555,-0.404065,-0.086727,0.040126,0.411281,-0.910625,0.333392,0.000000,0.000000,0.000000,1.000000
525,0.990136,0.085642,0.110891,0.034773,0.122124,-0.915463,-0.383424,-0.085708,0.068679,0.393184,-0.916891,0.340166,0.000000,0.000000,0.000000,1.000000
525,0.989978,0.068793,0.123335,0.038817,0.113804,-0.905736,-0.408278,-0.082835,0.083623,0.418222,-0.904487,0.344999,0.000000,0.000000,0.000000,1.000000
525,0.990972,0.082822,0.105428,0.047430,0.119255,-0.903845,-0.410904,-0.081305,0.061258,0.419767,-0.905562,0.347565,0.000000,0.000000,0.000000,1.000000
525,0.991302,0.100973,0.084405,0.050171,0.126779,-0.904758,-0.406619,-0.081783,0.035309,0.413784,-0.909690,0.350391,0.000000,0.000000,0.000000,1.000000
17,-0.928402,0.137252,-0.345299,2.274332,-0.338861,0.068542,0.938337,-1.597240,0.152456,0.988162,-0.017125,4.044134,0.000000,0.000000,0.000000,1.000000
525,0.990674,0.099266,0.093336,0.050729,0.128598,-0.907576,-0.399711,-0.079097,0.045032,0.407986,-0.911877,0.350042,0.000000,0.000000,0.000000,1.000000
525,0.990946,0.101766,0.087572,0.051766,0.128975,-0.902741,-0.410395,-0.076282,0.037291,0.417974,-0.907693,0.350713,0.000000,0.000000,0.000000,1.000000
525,0.990184,0.119477,0.072534,0.050258,0.138949,-0.897629,-0.418277,-0.074992,0.015134,0.424250,-0.905419,0.353811,0.000000,0.000000,0.000000,1.000000
525,0.990583,0.105649,0.087084,0.047242,0.132649,-0.898087,-0.419337,-0.077623,0.033907,0.426940,-0.903644,0.353536,0.000000,0.000000,0.000000,1.000000
525,0.990227,0.100398,0.096806,0.049499,0.132031,-0.898452,-0.418750,-0.077410,0.044934,0.427439,-0.902927,0.352915,0.000000,0.000000,0.000000,1.000000
525,0.990184,0.111032,0.084902,0.051915,0.136560,-0.897994,-0.418281,-0.076752,0.029798,0.425769,-0.904341,0.355198,0.000000,0.000000,0.000000,1.000000
517,0.229152,-0.527709,0.817932,-2.422486,-0.877410,0.251862,0.408311,-2.014110,-0.421475,-0.811227,-0.405302,5.427342,0.000000,0.000000,0.000000,1.000000
525,0.989761,0.113814,0.086141,0.052009,0.139789,-0.894924,-0.423756,-0.077503,0.028860,0.431459,-0.901671,0.357543,0.000000,0.000000,0.000000,1.000000
525,0.989696,0.115332,0.084859,0.053723,0.140445,-0.897326,-0.418427,-0.078623,0.027888,0.426034,-0.904277,0.358987,0.000000,0.000000,0.000000,1.000000
525,0.990131,0.116165,0.078404,0.054823,0.138755,-0.891212,-0.431843,-0.079627,0.019709,0.438460,-0.898535,0.360405,0.000000,0.000000,0.000000,1.000000
525,0.990788,0.111905,0.076265,0.052838,0.133747,-0.896902,-0.421520,-0.084075,0.021233,0.427837,-0.903606,0.365182,0.000000,0.000000,0.000000,1.000000
525,0.991644,0.072517,0.106696,0.053591,0.111372,-0.898631,-0.424334,-0.084470,0.065109,0.432671,-0.899198,0.365447,0.000000,0.000000,0.000000,1.000000
525,0.992799,0.063618,0.101503,0.067819,0.101648,-0.895738,-0.432805,-0.081773,0.063385,0.440006,-0.895755,0.364101,0.000000,0.000000,0.000000,1.000000
525,0.992417,0.085286,0.088511,0.081845,0.115315,-0.895302,-0.430275,-0.073643,0.042548,0.437219,-0.898348,0.370293,0.000000,0.000000,0.000000,1.000000
525,0.991830,0.110757,0.063297,0.092952,0.127423,-0.883743,-0.450290,-0.070384,0.006065,0.454677,-0.890636,0.373610,0.000000,0.000000,0.000000,1.000000
525,0.989839,0.132265,0.052202,0.100124,0.141650,-0.885142,-0.443238,-0.068864,-0.012418,0.446128,-0.894883,0.375255,0.000000,0.000000,0.000000,1.000000
525,0.989185,0.138047,0.049557,0.103883,0.145760,-0.887576,-0.436994,-0.070236,-0.016340,0.439491,-0.898098,0.377664,0.000000,0.000000,0.000000,1.000000
525,0.988243,0.141703,0.057407,0.106677,0.152514,-0.887345,-0.435153,-0.069745,-0.010723,0.438792,-0.898525,0.375858,0.000000,0.000000,0.000000,1.000000
190,0.341099,0.641028,0.687557,-2.183999,0.897419,-0.439774,-0.035199,-2.005483,0.279806,0.629033,-0.725277,4.081507,0.000000,0.000000,0.000000,1.000000
525,0.986651,0.154711,0.050842,0.108659,0.161285,-0.885127,-0.436505,-0.070034,-0.022530,0.438879,-0.898264,0.375981,0.000000,0.000000,0.000000,1.000000
525,0.986451,0.154697,0.054626,0.109043,0.163100,-0.888791,-0.428310,-0.071894,-0.017707,0.431417,-0.901979,0.376317,0.000000,0.000000,0.000000,1.000000
437,-0.321296,-0.946979,0.000408,3.177685,-0.870117,0.295048,-0.394770,-1.065124,0.373718,-0.127194,-0.918780,5.468890,0.000000,0.000000,0.000000,1.000000
525,0.986576,0.152777,0.057673,0.109424,0.162688,-0.888999,-0.428034,-0.071616,-0.014123,0.431670,-0.901921,0.376700,0.000000,0.000000,0.000000,1.000000
190,0.317048,0.551275,0.771736,-2.072325,0.859719,-0.510637,0.011570,-1.993660,0.400455,0.659807,-0.635838,3.940357,0.000000,0.000000,0.000000,1.000000
525,0.987242,0.150739,0.051293,0.109299,0.158022,-0.887989,-0.431862,-0.072724,-0.019551,0.434457,-0.900480,0.378427,0.000000,0.000000,0.000000,1.000000
525,0.988615,0.143124,0.046430,0.109079,0.148858,-0.885312,-0.440528,-0.074660,-0.021945,0.442424,-0.896538,0.380740,0.000000,0.000000,0.000000,1.000000
525,0.991079,0.128784,0.034320,0.110355,0.130864,-0.891515,-0.433677,-0.080980,-0.025254,0.434299,-0.900415,0.380460,0.000000,0.000000,0.000000,1.000000
525,0.992036,0.120370,0.037080,0.112565,0.124550,-0.893703,-0.431025,-0.080177,-0.018744,0.432211,-0.901578,0.379968,0.000000,0.000000,0.000000,1.000000
525,0.992196,0.122882,0.021166,0.118012,0.119503,-0.888649,-0.442743,-0.081068,-0.035596,0.441817,-0.896399,0.380748,0.000000,0.000000,0.000000,1.000000
37,-0.988643,0.103892,-0.108587,-2.068057,-0.009698,0.676945,0.735970,-1.666577,0.149968,0.728664,-0.668250,3.620477,0.000000,0.000000,0.000000,1.000000
525,0.991732,0.127574,0.013897,0.121538,0.121297,-0.896527,-0.426058,-0.083235,-0.041895,0.424221,-0.904589,0.381238,0.000000,0.000000,0.000000,1.000000
525,0.991582,0.129179,0.008825,0.121736,0.120412,-0.894935,-0.429642,-0.085056,-0.047603,0.427088,-0.902956,0.380314,0.000000,0.000000,0.000000,1.000000
525,0.992052,0.124785,0.016148,0.123313,0.120186,-0.901765,-0.415180,-0.086550,-0.037247,0.413821,-0.909596,0.378924,0.000000,0.000000,0.000000,1.000000
37,-0.987760,0.155718,-0.009104,-2.080507,0.095348,0.648948,0.754834,-1.760574,0.123449,0.744727,-0.655852,3.717760,0.000000,0.000000,0.000000,1.000000
525,0.991393,0.130347,0.012222,0.123547,0.123765,-0.902697,-0.412093,-0.087720,-0.042682,0.410059,-0.911060,0.378364,0.000000,0.000000,0.000000,1.000000
525,0.992151,0.123259,0.021083,0.123886,0.121098,-0.905006,-0.407798,-0.087447,-0.031185,0.407150,-0.912829,0.377968,0.000000,0.000000,0.000000,1.000000
525,0.991716,0.126978,0.019363,0.124750,0.123548,-0.901764,-0.414196,-0.086989,-0.035133,0.413157,-0.909982,0.377006,0.000000,0.000000,0.000000,1.000000
525,0.991547,0.128613,0.017133,0.126563,0.123911,-0.899484,-0.419016,-0.086517,-0.038480,0.417597,-0.907817,0.375594,0.000000,0.000000,0.000000,1.000000
525,0.992011,0.125707,0.010577,0.129582,0.118525,-0.900054,-0.419350,-0.088138,-0.043195,0.417253,-0.907763,0.376269,0.000000,0.000000,0.000000,1.000000
319,-0.461251,0.386829,0.798506,-2.015306,0.487662,0.862363,-0.136070,-1.684749,-0.741238,0.326639,-0.586408,3.519057,0.000000,0.000000,0.000000,1.000000
525,0.990870,0.134636,0.007003,0.132807,0.125239,-0.899996,-0.417520,-0.089012,-0.049910,0.414585,-0.908641,0.372949,0.000000,0.000000,0.000000,1.000000
525,0.989976,0.141127,-0.005494,0.136874,0.126006,-0.900141,-0.416976,-0.090652,-0.063792,0.412104,-0.908901,0.371533,0.000000,0.000000,0.000000,1.000000
525,0.990406,0.138120,-0.004232,0.140811,0.124548,-0.905515,-0.405624,-0.092730,-0.059856,0.401206,-0.914030,0.370341,0.000000,0.000000,0.000000,1.000000
525,0.989247,0.146059,-0.007551,0.144064,0.131036,-0.908063,-0.397807,-0.093674,-0.064961,0.392540,-0.917438,0.369028,0.000000,0.000000,0.000000,1.000000
525,0.988634,0.149512,-0.015801,0.147013,0.130582,-0.906010,-0.402610,-0.094464,-0.074511,0.395971,-0.915235,0.368360,0.000000,0.000000,0.000000,1.000000
525,0.988535,0.149509,-0.021133,0.149667,0.129116,-0.909541,-0.395049,-0.095686,-0.078285,0.387791,-0.918417,0.367522,0.000000,0.000000,0.000000,1.000000
525,0.988020,0.152418,-0.024179,0.152347,0.131174,-0.911971,-0.388719,-0.096506,-0.081298,0.380891,-0.921039,0.367762,0.000000,0.000000,0.000000,1.000000
525,0.987903,0.152452,-0.028377,0.152850,0.129485,-0.911667,-0.389997,-0.097498,-0.085326,0.381605,-0.920379,0.366007,0.000000,0.000000,0.000000,1.000000
441,0.985992,-0.090501,-0.140102,-1.869667,-0.122763,-0.962405,-0.242291,-1.966887,-0.112907,0.256097,-0.960035,6.019062,0.000000,0.000000,0.000000,1.000000
525,0.987643,0.153058,-0.033671,0.154026,0.128258,-0.912876,-0.387565,-0.098572,-0.090057,0.378457,-0.921227,0.365275,0.000000,0.000000,0.000000,1.000000
525,0.987379,0.153569,-0.038712,0.154434,0.126978,-0.913716,-0.386005,-0.099740,-0.094650,0.376218,-0.921684,0.364301,0.000000,0.000000,0.000000,1.000000
319,-0.983074,0.181008,-0.028296,-1.874457,0.101693,0.667605,0.737538,-1.912574,0.152391,0.722177,-0.674713,3.756819,0.000000,0.000000,0.000000,1.000000
525,0.988189,0.148139,-0.039207,0.155615,0.122335,-0.916721,-0.380338,-0.100649,-0.092285,0.371049,-0.924016,0.365875,0.000000,0.000000,0.000000,1.000000
525,0.986832,0.154978,-0.046299,0.155004,0.125492,-0.914199,-0.385347,-0.101495,-0.102046,0.374463,-0.921609,0.365871,0.000000,0.000000,0.000000,1.000000
525,0.988252,0.146540,-0.043415,0.154240,0.118857,-0.915462,-0.384450,-0.102136,-0.096082,0.374773,-0.922125,0.367369,0.000000,0.000000,0.000000,1.000000
525,0.988697,0.142195,-0.047525,0.155068,0.113305,-0.916252,-0.384245,-0.101408,-0.098183,0.374517,-0.922007,0.369390,0.000000,0.000000,0.000000,1.000000
525,0.989114,0.140299,-0.044385,0.156343,0.112381,-0.914933,-0.387645,-0.100611,-0.094995,0.378437,-0.920739,0.370819,0.000000,0.000000,0.000000,1.000000
525,0.988577,0.142862,-0.048014,0.159173,0.112616,-0.911913,-0.394630,-0.100717,-0.100162,0.384715,-0.917585,0.370411,0.000000,0.000000,0.000000,1.000000
37,-0.650330,0.321198,0.688406,-1.910923,0.546581,0.827192,0.130396,-2.096405,-0.527561,0.461069,-0.713508,4.271140,0.000000,0.000000,0.000000,1.000000
525,0.988110,0.143390,-0.055484,0.162980,0.110801,-0.914292,-0.389606,-0.101288,-0.106594,0.378825,-0.919309,0.370875,0.000000,0.000000,0.000000,1.000000
190,0.435708,0.570860,0.695900,-0.622467,0.440089,0.539317,-0.717955,-0.359714,-0.785162,0.619077,-0.016244,0.810349,0.000000,0.000000,0.000000,1.000000
525,0.985947,0.155093,-0.062094,0.166496,0.118395,-0.910906,-0.395263,-0.102296,-0.117865,0.382357,-0.916467,0.368981,0.000000,0.000000,0.000000,1.000000
525,0.984402,0.160608,-0.071817,0.170343,0.120940,-0.914213,-0.386766,-0.102319,-0.127774,0.372048,-0.919377,0.368593,0.000000,0.000000,0.000000,1.000000
525,0.981631,0.171318,-0.083965,0.172532,0.126184,-0.913073,-0.387781,-0.102971,-0.143100,0.370063,-0.917919,0.368654,0.000000,0.000000,0.000000,1.000000
525,0.981975,0.170935,-0.080660,0.173891,0.128110,-0.915696,-0.380905,-0.103211,-0.138970,0.363706,-0.921089,0.368248,0.000000,0.000000,0.000000,1.000000
525,0.981380,0.172064,-0.085362,0.174856,0.126804,-0.914197,-0.384921,-0.103428,-0.144269,0.366930,-0.918994,0.368001,0.000000,0.000000,0.000000,1.000000
525,0.980366,0.175287,-0.090312,0.175620,0.127880,-0.913821,-0.385458,-0.103699,-0.150095,0.366341,-0.918295,0.367672,0.000000,0.000000,0.000000,1.000000
190,-0.946255,0.234375,-0.222869,-1.846497,-0.051717,0.570579,0.819613,-1.185354,0.319261,0.787089,-0.527792,2.763923,0.000000,0.000000,0.000000,1.000000
525,0.979630,0.177978,-0.093002,0.176513,0.129762,-0.914494,-0.383227,-0.103519,-0.153256,0.363352,-0.918960,0.367256,0.000000,0.000000,0.000000,1.000000
896,-0.330319,-0.913738,-0.236582,-0.618857,-0.330014,0.346638,-0.878028,-0.161768,0.884296,-0.211954,-0.416048,1.583645,0.000000,0.000000,0.000000,1.000000
525,0.978037,0.183416,-0.099007,0.177413,0.131600,-0.911758,-0.389075,-0.103719,-0.161633,0.367500,-0.915870,0.367244,0.000000,0.000000,0.000000,1.000000
525,0.978227,0.183986,-0.096026,0.178203,0.134714,-0.914884,-0.380578,-0.103275,-0.157874,0.359355,-0.919750,0.368149,0.000000,0.000000,0.000000,1.000000
525,0.977814,0.185724,-0.096880,0.178285,0.135306,-0.913060,-0.384726,-0.103259,-0.159910,0.363082,-0.917933,0.368704,0.000000,0.000000,0.000000,1.000000
525,0.977906,0.185753,-0.095896,0.177547,0.135929,-0.913531,-0.383385,-0.103679,-0.158819,0.361879,-0.918597,0.369083,0.000000,0.000000,0.000000,1.000000
525,0.978605,0.183594,-0.092871,0.177113,0.136035,-0.916008,-0.377391,-0.104441,-0.154357,0.356683,-0.921386,0.370785,0.000000,0.000000,0.000000,1.000000
525,0.978616,0.186346,-0.087093,0.174200,0.141545,-0.917295,-0.372203,-0.104441,-0.149249,0.351916,-0.924056,0.372336,0.000000,0.000000,0.000000,1.000000
525,0.980441,0.182126,-0.074595,0.169903,0.141318,-0.915268,-0.377246,-0.103542,-0.136981,0.359326,-0.923104,0.373705,0.000000,0.000000,0.000000,1.000000
525,0.982655,0.173722,-0.064885,0.165735,0.136514,-0.914467,-0.380939,-0.102907,-0.125513,0.365474,-0.922321,0.375403,0.000000,0.000000,0.000000,1.000000
525,0.983880,0.168922,-0.058701,0.162027,0.133891,-0.913417,-0.384372,-0.102928,-0.118547,0.370317,-0.921310,0.375271,0.000000,0.000000,0.000000,1.000000
525,0.985474,0.162600,-0.049021,0.160036,0.131714,-0.913985,-0.383775,-0.103259,-0.107206,0.371743,-0.922125,0.375303,0.000000,0.000000,0.000000,1.000000
525,0.986107,0.160158,-0.044084,0.158200,0.131423,-0.914507,-0.382628,-0.102889,-0.101596,0.371519,-0.922850,0.372349,0.000000,0.000000,0.000000,1.000000
525,0.986145,0.160773,-0.040859,0.156687,0.134262,-0.918228,-0.372600,-0.100679,-0.097421,0.361952,-0.927092,0.370549,0.000000,0.000000,0.000000,1.000000
525,0.981843,0.187455,-0.029058,0.150571,0.163621,-0.914403,-0.370265,-0.093928,-0.095979,0.358787,-0.928472,0.367106,0.000000,0.000000,0.000000,1.000000
525,0.979649,0.200709,0.001635,0.139088,0.187260,-0.911013,-0.367409,-0.093271,-0.072253,0.360238,-0.930058,0.353495,0.000000,0.000000,0.000000,1.000000
525,0.980912,0.193009,0.023639,0.124310,0.189573,-0.922153,-0.337188,-0.086907,-0.043281,0.335233,-0.941141,0.332015,0.000000,0.000000,0.000000,1.000000
525,0.981076,0.192249,0.023010,0.113895,0.188059,-0.917859,-0.349526,-0.085076,-0.046076,0.347239,-0.936644,0.303091,0.000000,0.000000,0.000000,1.000000
525,0.976797,0.214140,0.003316,0.105469,0.203581,-0.923604,-0.324824,-0.085336,-0.066495,0.317962,-0.945769,0.275087,0.000000,0.000000,0.000000,1.000000
525,0.967770,0.240892,-0.073428,0.099447,0.208465,-0.929883,-0.303084,-0.097468,-0.141290,0.278008,-0.950131,0.251150,0.000000,0.000000,0.000000,1.000000
525,0.983743,0.173674,-0.045674,0.000295,0.171649,-0.984126,-0.045075,-0.049237,-0.052777,0.036503,-0.997939,0.182446,0.000000,0.000000,0.000000,1.000000
525,0.987670,0.148183,-0.050506,-0.000552,0.147968,-0.988960,-0.007983,-0.038142,-0.051131,0.000411,-0.998692,0.191605,0.000000,0.000000,0.000000,1.000000
525,0.986602,0.148705,-0.067108,0.002053,0.140676,-0.983735,-0.111698,-0.028602,-0.082626,0.100761,-0.991474,0.203065,0.000000,0.000000,0.000000,1.000000
525,0.987834,0.145446,-0.055038,0.003930,0.136459,-0.980447,-0.141782,-0.020413,-0.074583,0.132547,-0.988367,0.212103,0.000000,0.000000,0.000000,1.000000
525,0.984737,0.151513,-0.085651,0.006110,0.134191,-0.974332,-0.180749,-0.014704,-0.110838,0.166497,-0.979793,0.218324,0.000000,0.000000,0.000000,1.000000
525,0.984294,0.154475,-0.085457,0.007436,0.131517,-0.964560,-0.228750,-0.010926,-0.117764,0.213918,-0.969727,0.223273,0.000000,0.000000,0.000000,1.000000
525,0.984235,0.154695,-0.085734,0.008827,0.130348,-0.962093,-0.239553,-0.009934,-0.119542,0.224601,-0.967091,0.223478,0.000000,0.000000,0.000000,1.000000
525,0.983178,0.159251,-0.089443,0.011070,0.132803,-0.959478,-0.248525,-0.009546,-0.125397,0.232466,-0.964487,0.223704,0.000000,0.000000,0.000000,1.000000
525,0.978413,0.178350,-0.104401,0.012487,0.147404,-0.956349,-0.252326,-0.008580,-0.144846,0.231490,-0.961994,0.221964,0.000000,0.000000,0.000000,1.000000
525,0.975914,0.188602,-0.109642,0.012617,0.153881,-0.951376,-0.266840,-0.009750,-0.154638,0.243541,-0.957484,0.220578,0.000000,0.000000,0.000000,1.000000
525,0.975195,0.192335,-0.109552,0.011186,0.160440,-0.955180,-0.248778,-0.010744,-0.152491,0.225030,-0.962345,0.217668,0.000000,0.000000,0.000000,1.000000
525,0.973724,0.198020,-0.112474,0.010049,0.168374,-0.958535,-0.229915,-0.009947,-0.153338,0.204935,-0.966690,0.214595,0.000000,0.000000,0.000000,1.000000
525,0.973223,0.205368,-0.103256,0.007282,0.171858,-0.948398,-0.266468,-0.008051,-0.152652,0.241588,-0.958297,0.211501,0.000000,0.000000,0.000000,1.000000
525,0.968647,0.223864,-0.107737,0.001469,0.179373,-0.930223,-0.320172,-0.010914,-0.171895,0.290809,-0.941213,0.203849,0.000000,0.000000,0.000000,1.000000
525,0.974087,0.213116,-0.075740,-0.005698,0.183349,-0.940130,-0.287295,-0.016059,-0.132433,0.265964,-0.954843,0.192883,0.000000,0.000000,0.000000,1.000000
525,0.978529,0.201565,-0.043050,-0.009416,0.185892,-0.953289,-0.238084,-0.020281,-0.089029,0.224969,-0.970290,0.182392,0.000000,0.000000,0.000000,1.000000
525,0.978654,0.201820,-0.038788,-0.011290,0.192445,-0.966181,-0.171636,-0.021501,-0.072116,0.160508,-0.984397,0.173992,0.000000,0.000000,0.000000,1.000000
525,0.980635,0.195596,-0.009857,-0.009127,0.193672,-0.976005,-0.099521,-0.018213,-0.029086,0.095685,-0.994987,0.170238,0.000000,0.000000,0.000000,1.000000
525,0.977415,0.210854,-0.014147,-0.004520,0.208401,-0.972821,-0.100941,-0.011915,-0.035046,0.095713,-0.994792,0.170466,0.000000,0.000000,0.000000,1.000000
525,0.977154,0.212477,-0.004930,-0.001348,0.209501,-0.966855,-0.145945,-0.007864,-0.035777,0.141577,-0.989280,0.171136,0.000000,0.000000,0.000000,1.000000
525,0.977322,0.211172,-0.015755,0.001918,0.206045,-0.965483,-0.159337,-0.004904,-0.048859,0.152477,-0.987099,0.169531,0.000000,0.000000,0.000000,1.000000
525,0.977295,0.209501,-0.031666,0.004700,0.201102,-0.964222,-0.172726,-0.003548,-0.066720,0.162436,-0.984461,0.167061,0.000000,0.000000,0.000000,1.000000
525,0.979549,0.199164,-0.028605,0.008680,0.191072,-0.965308,-0.177969,-0.001154,-0.063058,0.168864,-0.983620,0.162483,0.000000,0.000000,0.000000,1.000000
525,0.978744,0.200282,-0.044126,0.015380,0.187922,-0.961994,-0.198121,0.004983,-0.082129,0.185617,-0.979184,0.156759,0.000000,0.000000,0.000000,1.000000
525,0.969610,0.214483,-0.117700,0.018912,0.184217,-0.956628,-0.225672,0.005386,-0.160998,0.197131,-0.967067,0.156334,0.000000,0.000000,0.000000,1.000000
525,0.968386,0.198013,-0.151721,0.014412,0.161159,-0.960847,-0.225391,-0.000260,-0.190411,0.193814,-0.962382,0.150238,0.000000,0.000000,0.000000,1.000000
525,0.974791,0.165184,-0.149991,0.013323,0.141286,-0.977271,-0.158049,-0.002412,-0.172689,0.132873,-0.975973,0.144823,0.000000,0.000000,0.000000,1.000000
525,0.970375,0.167244,-0.174362,0.012027,0.141424,-0.978317,-0.151311,-0.002952,-0.195887,0.122169,-0.972987,0.143004,0.000000,0.000000,0.000000,1.000000
525,0.970500,0.158552,-0.181632,0.009882,0.132997,-0.980422,-0.145206,-0.003419,-0.201099,0.116766,-0.972587,0.141974,0.000000,0.000000,0.000000,1.000000
525,0.970476,0.152548,-0.186832,0.007456,0.127337,-0.981890,-0.140275,-0.003178,-0.204847,0.112343,-0.972325,0.140436,0.000000,0.000000,0.000000,1.000000
525,0.971765,0.149400,-0.182624,0.005537,0.122687,-0.981080,-0.149765,-0.003067,-0.201544,0.123130,-0.971709,0.138741,0.000000,0.000000,0.000000,1.000000
525,0.974206,0.144011,-0.173731,0.004418,0.119641,-0.982400,-0.143448,-0.003659,-0.191332,0.118962,-0.974290,0.136428,0.000000,0.000000,0.000000,1.000000
525,0.974093,0.139122,-0.178293,0.002987,0.118106,-0.985285,-0.123552,-0.003988,-0.192858,0.099294,-0.976190,0.133011,0.000000,0.000000,0.000000,1.000000
525,0.972904,0.142178,-0.182327,0.001763,0.123213,-0.986098,-0.111487,-0.003776,-0.195643,0.086001,-0.976897,0.130182,0.000000,0.000000,0.000000,1.000000
525,0.974815,0.142180,-0.171815,0.001416,0.125907,-0.986762,-0.102213,-0.002762,-0.184073,0.078006,-0.979812,0.128103,0.000000,0.000000,0.000000,1.000000
525,0.975134,0.150314,-0.162847,0.001402,0.135297,-0.985772,-0.099741,-0.001911,-0.175522,0.075228,-0.981597,0.127013,0.000000,0.000000,0.000000,1.000000
525,0.976540,0.154182,-0.150326,0.001427,0.141197,-0.985547,-0.093593,-0.000979,-0.162583,0.070172,-0.984196,0.126378,0.000000,0.000000,0.000000,1.000000
525,0.977721,0.155660,-0.140826,0.001438,0.143806,-0.985430,-0.090819,-0.000627,-0.152911,0.068544,-0.985860,0.126459,0.000000,0.000000,0.000000,1.000000
525,0.979796,0.154731,-0.126722,0.001349,0.144125,-0.985547,-0.089024,-0.001195,-0.138665,0.068961,-0.987935,0.125874,0.000000,0.000000,0.000000,1.000000
525,0.980099,0.153686,-0.125644,0.001022,0.144138,-0.986163,-0.081894,-0.001217,-0.136491,0.062154,-0.988690,0.125552,0.000000,0.000000,0.000000,1.000000
525,0.980940,0.153029,-0.119747,0.000906,0.143747,-0.986153,-0.082697,-0.001525,-0.130744,0.063908,-0.989354,0.125547,0.000000,0.000000,0.000000,1.000000
525,0.981571,0.149508,-0.119019,0.000948,0.141283,-0.987137,-0.074828,-0.001172,-0.128675,0.056634,-0.990068,0.125573,0.000000,0.000000,0.000000,1.000000
525,0.981962,0.151807,-0.112717,0.001300,0.143286,-0.986423,-0.080241,-0.001032,-0.123368,0.062642,-0.990382,0.125588,0.000000,0.000000,0.000000,1.000000
525,0.982184,0.155317,-0.105784,0.000660,0.145637,-0.984878,-0.093840,-0.001558,-0.118760,0.076762,-0.989951,0.125049,0.000000,0.000000,0.000000,1.000000
525,0.984692,0.146268,-0.094801,-0.000046,0.138047,-0.986494,-0.088167,-0.002468,-0.106416,0.073730,-0.991584,0.124006,0.000000,0.000000,0.000000,1.000000
525,0.984257,0.143935,-0.102570,-0.000080,0.137020,-0.987979,-0.071572,-0.002683,-0.111639,0.056392,-0.992148,0.122747,0.000000,0.000000,0.000000,1.000000
525,0.984482,0.143955,-0.100363,0.000051,0.137596,-0.988174,-0.067668,-0.003146,-0.108917,0.052808,-0.992647,0.122433,0.000000,0.000000,0.000000,1.000000
525,0.985347,0.140515,-0.096681,-0.000012,0.133700,-0.988277,-0.073708,-0.003886,-0.105905,0.059701,-0.992582,0.121648,0.000000,0.000000,0.000000,1.000000
525,0.984648,0.140257,-0.103906,-0.000091,0.133377,-0.988556,-0.070478,-0.004523,-0.112602,0.055537,-0.992087,0.120734,0.000000,0.000000,0.000000,1.000000
525,0.984580,0.138813,-0.106457,-0.000058,0.131863,-0.988808,-0.069791,-0.004972,-0.114953,0.054677,-0.991865,0.120113,0.000000,0.000000,0.000000,1.000000
525,0.985692,0.138467,-0.096114,0.000466,0.133189,-0.989313,-0.059341,-0.004854,-0.103304,0.045691,-0.993600,0.119431,0.000000,0.000000,0.000000,1.000000
525,0.985390,0.137548,-0.100433,0.000737,0.132095,-0.989474,-0.059088,-0.004696,-0.107503,0.044958,-0.993188,0.118809,0.000000,0.000000,0.000000,1.000000
525,0.986299,0.137994,-0.090396,0.001481,0.132748,-0.989227,-0.061712,-0.004575,-0.097938,0.048866,-0.993992,0.118173,0.000000,0.000000,0.000000,1.000000
525,0.986425,0.141148,-0.083923,0.002063,0.136461,-0.988875,-0.059208,-0.004314,-0.091347,0.046952,-0.994712,0.117550,0.000000,0.000000,0.000000,1.000000
525,0.986049,0.141980,-0.086888,0.002307,0.136839,-0.988617,-0.062534,-0.004391,-0.094778,0.049772,-0.994253,0.116537,0.000000,0.000000,0.000000,1.000000
525,0.985989,0.146298,-0.080146,0.003013,0.141267,-0.987820,-0.065237,-0.004525,-0.088714,0.053001,-0.994646,0.115247,0.000000,0.000000,0.000000,1.000000
525,0.985697,0.149020,-0.078710,0.003546,0.146007,-0.988359,-0.042772,-0.004301,-0.084167,0.030668,-0.995980,0.114413,0.000000,0.000000,0.000000,1.000000
525,0.986800,0.146188,-0.069676,0.003930,0.143492,-0.988748,-0.042274,-0.004327,-0.075072,0.031718,-0.996674,0.114574,0.000000,0.000000,0.000000,1.000000
525,0.986715,0.145513,-0.072246,0.003938,0.142806,-0.988887,-0.041347,-0.004389,-0.077460,0.030481,-0.996529,0.114997,0.000000,0.000000,0.000000,1.000000
525,0.986025,0.147489,-0.077466,0.003560,0.144802,-0.988682,-0.039247,-0.004447,-0.082378,0.027481,-0.996222,0.116279,0.000000,0.000000,0.000000,1.000000
525,0.987504,0.143417,-0.065324,0.003393,0.140883,-0.989139,-0.041892,-0.004692,-0.070622,0.032166,-0.996984,0.117530,0.000000,0.000000,0.000000,1.000000
525,0.987852,0.140186,-0.067058,0.003056,0.137755,-0.989674,-0.039614,-0.004953,-0.071919,0.029895,-0.996962,0.118935,0.000000,0.000000,0.000000,1.000000
525,0.987016,0.141906,-0.075245,0.002424,0.138804,-0.989297,-0.044998,-0.005023,-0.080825,0.033969,-0.996149,0.120840,0.000000,0.000000,0.000000,1.000000
525,0.988231,0.139019,-0.063816,0.002237,0.135994,-0.989470,-0.049553,-0.005030,-0.070033,0.040292,-0.996731,0.123204,0.000000,0.000000,0.000000,1.000000
525,0.988553,0.137350,-0.062434,0.001936,0.134203,-0.989583,-0.052101,-0.004933,-0.068939,0.043126,-0.996688,0.126068,0.000000,0.000000,0.000000,1.000000
525,0.988456,0.138753,-0.060849,0.001653,0.134732,-0.988691,-0.065861,-0.005007,-0.069300,0.056903,-0.995972,0.129515,0.000000,0.000000,0.000000,1.000000
525,0.987913,0.137336,-0.071880,0.001290,0.132749,-0.989007,-0.065132,-0.004565,-0.080035,0.054803,-0.995284,0.133570,0.000000,0.000000,0.000000,1.000000
525,0.988334,0.141269,-0.056914,0.000988,0.135977,-0.986790,-0.088062,-0.004729,-0.068602,0.079295,-0.994488,0.139017,0.000000,0.000000,0.000000,1.000000
525,0.988811,0.137114,-0.058765,0.000450,0.131083,-0.986666,-0.096479,-0.004679,-0.071210,0.087696,-0.993599,0.143772,0.000000,0.000000,0.000000,1.000000
525,0.988773,0.140223,-0.051621,0.000077,0.133292,-0.983857,-0.119406,-0.004196,-0.067532,0.111185,-0.991503,0.149232,0.000000,0.000000,0.000000,1.000000
525,0.989817,0.135137,-0.044715,-0.000904,0.128162,-0.982777,-0.133131,-0.003817,-0.061936,0.126044,-0.990089,0.153715,0.000000,0.000000,0.000000,1.000000
525,0.990005,0.132228,-0.049043,-0.001243,0.123376,-0.980488,-0.153039,-0.003541,-0.068322,0.145459,-0.987002,0.157151,0.000000,0.000000,0.000000,1.000000
525,0.989827,0.135332,-0.043907,-0.001534,0.125529,-0.975950,-0.178223,-0.003661,-0.066971,0.170899,-0.983010,0.159609,0.000000,0.000000,0.000000,1.000000
525,0.990457,0.130847,-0.043285,-0.001822,0.121194,-0.976442,-0.178529,-0.004035,-0.065625,0.171580,-0.982982,0.160395,0.000000,0.000000,0.000000,1.000000
525,0.989812,0.131294,-0.055089,-0.001678,0.118639,-0.974443,-0.190749,-0.004430,-0.078725,0.182270,-0.980092,0.160335,0.000000,0.000000,0.000000,1.000000
525,0.990523,0.128620,-0.048188,-0.001185,0.117364,-0.974840,-0.189505,-0.004348,-0.071349,0.182053,-0.980697,0.161011,0.000000,0.000000,0.000000,1.000000
525,0.989657,0.132279,-0.055506,-0.000613,0.120579,-0.976677,-0.177662,-0.003942,-0.077712,0.169131,-0.982525,0.161398,0.000000,0.000000,0.000000,1.000000
525,0.989796,0.131840,-0.054051,0.000271,0.120919,-0.977849,-0.170849,-0.003167,-0.075378,0.162570,-0.983814,0.163871,0.000000,0.000000,0.000000,1.000000
525,0.989575,0.135511,-0.048770,0.001465,0.125777,-0.978124,-0.165694,-0.001840,-0.070157,0.157832,-0.984971,0.168278,0.000000,0.000000,0.000000,1.000000
525,0.989663,0.138694,-0.036488,0.002495,0.130495,-0.976413,-0.172012,-0.000336,-0.059484,0.165472,-0.984419,0.175031,0.000000,0.000000,0.000000,1.000000
525,0.989721,0.138926,-0.033944,0.002604,0.130406,-0.974123,-0.184605,0.001259,-0.058712,0.178281,-0.982227,0.184906,0.000000,0.000000,0.000000,1.000000
525,0.990866,0.133387,-0.019799,0.002672,0.127413,-0.974166,-0.186456,0.004121,-0.044158,0.182230,-0.982264,0.197774,0.000000,0.000000,0.000000,1.000000
525,0.990867,0.134839,-0.000807,0.003307,0.132228,-0.972813,-0.190132,0.010673,-0.026423,0.188289,-0.981758,0.214776,0.000000,0.000000,0.000000,1.000000
525,0.991095,0.128135,0.036226,0.003915,0.133132,-0.958918,-0.250505,0.018767,0.002639,0.253097,-0.967437,0.234114,0.000000,0.000000,0.000000,1.000000
525,0.990538,0.128815,0.047336,0.005143,0.137188,-0.938655,-0.316395,0.029212,0.003676,0.319895,-0.947446,0.253085,0.000000,0.000000,0.000000,1.000000
525,0.991274,0.123842,0.045146,0.006900,0.131376,-0.900290,-0.414992,0.037805,-0.010749,0.417302,-0.908704,0.269337,0.000000,0.000000,0.000000,1.000000
525,0.993300,0.113150,0.023480,0.009413,0.111220,-0.880881,-0.460085,0.041941,-0.031375,0.459615,-0.887564,0.281245,0.000000,0.000000,0.000000,1.000000
525,0.994225,0.105613,0.019061,0.010957,0.100937,-0.859895,-0.500392,0.044566,-0.036458,0.499426,-0.865589,0.291218,0.000000,0.000000,0.000000,1.000000
525,0.993669,0.104902,0.040213,0.014702,0.110892,-0.858450,-0.500766,0.049056,-0.018011,0.502055,-0.864648,0.299555,0.000000,0.000000,0.000000,1.000000
525,0.992871,0.114907,0.031668,0.018245,0.113977,-0.837585,-0.534286,0.054811,-0.034869,0.534086,-0.844711,0.307659,0.000000,0.000000,0.000000,1.000000
525,0.991585,0.129245,0.007471,0.020034,0.112545,-0.832064,-0.543142,0.059900,-0.063981,0.539412,-0.839608,0.315750,0.000000,0.000000,0.000000,1.000000
525,0.990731,0.135182,0.013318,0.020685,0.119445,-0.820290,-0.559336,0.063392,-0.064688,0.555742,-0.828834,0.320045,0.000000,0.000000,0.000000,1.000000
525,0.988411,0.150852,-0.016970,0.018320,0.114711,-0.815433,-0.567371,0.067244,-0.099427,0.558849,-0.823287,0.324294,0.000000,0.000000,0.000000,1.000000
525,0.991163,0.124633,0.045410,0.016438,0.128922,-0.824544,-0.550915,0.069682,-0.031220,0.551901,-0.833325,0.322654,0.000000,0.000000,0.000000,1.000000
525,0.965570,0.052072,0.254880,0.020795,0.189510,-0.811999,-0.552036,0.081591,0.178217,0.581331,-0.793910,0.306239,0.000000,0.000000,0.000000,1.000000
257,0.867461,-0.009663,0.497411,-0.149921,-0.087209,-0.987284,0.132909,-0.198705,0.489802,-0.158672,-0.857273,0.494252,0.000000,0.000000,0.000000,1.000000
257,0.919020,-0.062224,-0.389270,-0.098386,0.192298,-0.791247,0.580474,-0.144554,-0.344128,-0.608323,-0.715206,0.422250,0.000000,0.000000,0.000000,1.000000
257,0.882138,-0.032672,-0.469856,-0.048502,0.128776,-0.942848,0.307334,-0.066800,-0.453044,-0.331618,-0.827515,0.440117,0.000000,0.000000,0.000000,1.000000
539,0.992226,0.048024,-0.114814,-0.176003,0.051249,-0.998365,0.025307,-0.180451,-0.113411,-0.030995,-0.993065,0.507580,0.000000,0.000000,0.000000,1.000000
453,0.992694,0.042768,-0.112828,0.086651,0.055689,-0.991921,0.113980,-0.183591,-0.107042,-0.119430,-0.987055,0.517519,0.000000,0.000000,0.000000,1.000000
257,0.997919,0.047685,-0.043404,-0.051100,0.045399,-0.997604,-0.052207,-0.050432,-0.045789,0.050128,-0.997693,0.521072,0.000000,0.000000,0.000000,1.000000
539,0.999254,0.015071,-0.035550,-0.191736,0.013910,-0.999369,-0.032672,-0.175667,-0.036020,0.032153,-0.998834,0.491778,0.000000,0.000000,0.000000,1.000000
453,0.991315,0.059491,-0.117282,0.068857,0.057787,-0.998169,-0.017875,-0.183314,-0.118131,0.010942,-0.992938,0.502040,0.000000,0.000000,0.000000,1.000000
257,0.999649,0.018941,-0.018522,-0.066223,0.017133,-0.995490,-0.093307,-0.049618,-0.020206,0.092957,-0.995465,0.505385,0.000000,0.000000,0.000000,1.000000
539,0.998994,-0.017238,0.041396,-0.216176,-0.021138,-0.995184,0.095713,-0.177819,0.039546,-0.096492,-0.994548,0.495123,0.000000,0.000000,0.000000,1.000000
453,0.999638,-0.008820,-0.025436,0.053425,-0.007963,-0.999404,0.033577,-0.187924,-0.025717,-0.033363,-0.999112,0.497822,0.000000,0.000000,0.000000,1.000000
257,0.986407,-0.044115,0.158285,-0.074431,-0.035436,-0.997731,-0.057240,-0.052240,0.160451,0.050853,-0.985733,0.503822,0.000000,0.000000,0.000000,1.000000
539,0.995341,-0.031262,0.091206,-0.209874,-0.046281,-0.984781,0.167526,-0.194441,0.084580,-0.170966,-0.981640,0.485626,0.000000,0.000000,0.000000,1.000000
453,0.998705,-0.022130,-0.045812,0.063571,-0.021194,-0.999558,0.020833,-0.202216,-0.046253,-0.019835,-0.998733,0.477836,0.000000,0.000000,0.000000,1.000000
257,0.991241,-0.060066,0.117614,-0.061161,-0.045651,-0.991524,-0.121635,-0.068540,0.123923,0.115201,-0.985582,0.486275,0.000000,0.000000,0.000000,1.000000
257,0.996762,-0.011358,0.079601,-0.049159,-0.043147,-0.910923,0.410314,-0.079983,0.067850,-0.412420,-0.908464,0.469450,0.000000,0.000000,0.000000,1.000000
257,0.992429,-0.041493,-0.115600,-0.026956,0.017951,-0.882097,0.470725,-0.082372,-0.121503,-0.469236,-0.874674,0.437064,0.000000,0.000000,0.000000,1.000000
257,0.985228,-0.031258,-0.168368,-0.001850,0.042482,-0.907852,0.417132,-0.075211,-0.165892,-0.418123,-0.893114,0.433149,0.000000,0.000000,0.000000,1.000000
257,0.998779,0.029720,0.039458,0.016144,0.029984,-0.999532,-0.006111,-0.077408,0.039258,0.007286,-0.999203,0.436935,0.000000,0.000000,0.000000,1.000000
257,0.994414,0.028532,0.101616,0.032952,0.035303,-0.997230,-0.065474,-0.073211,0.099466,0.068695,-0.992667,0.419365,0.000000,0.000000,0.000000,1.000000
257,0.995892,0.044611,0.078798,0.050550,0.040838,-0.997970,0.048860,-0.061636,0.080817,-0.045441,-0.995693,0.418800,0.000000,0.000000,0.000000,1.000000
257,0.997721,0.059064,-0.032629,0.054399,0.064566,-0.976144,0.207301,-0.053255,-0.019606,-0.208935,-0.977733,0.422596,0.000000,0.000000,0.000000,1.000000
257,0.997750,0.066700,-0.006775,0.051943,0.066945,-0.985694,0.154679,-0.048885,0.003639,-0.154785,-0.987942,0.416502,0.000000,0.000000,0.000000,1.000000
453,0.684403,0.025378,-0.728663,0.174374,0.254088,-0.945045,0.205740,-0.154258,-0.683398,-0.325953,-0.653240,0.370856,0.000000,0.000000,0.000000,1.000000
539,0.978419,0.070390,-0.194271,-0.074979,0.102391,-0.981802,0.159941,-0.169501,-0.179478,-0.176381,-0.967821,0.405758,0.000000,0.000000,0.000000,1.000000
257,0.979571,0.068655,0.189016,0.049287,0.050347,-0.993711,0.100017,-0.029983,0.194694,-0.088457,-0.976867,0.399432,0.000000,0.000000,0.000000,1.000000
453,0.999794,-0.000827,0.020284,0.178005,-0.007091,-0.950467,0.310743,-0.131972,0.019022,-0.310823,-0.950277,0.385913,0.000000,0.000000,0.000000,1.000000
539,0.972269,0.081149,-0.219337,-0.075091,0.106236,-0.988771,0.105097,-0.144970,-0.208345,-0.125484,-0.969972,0.407930,0.000000,0.000000,0.000000,1.000000
257,0.973593,0.099197,0.205613,0.045552,0.064812,-0.983706,0.167694,-0.006253,0.218898,-0.149940,-0.964159,0.400889,0.000000,0.000000,0.000000,1.000000
453,0.999010,0.034542,0.028046,0.172906,0.025399,-0.960253,0.277973,-0.114967,0.036533,-0.276986,-0.960179,0.409277,0.000000,0.000000,0.000000,1.000000
539,0.972976,0.112251,-0.201785,-0.085687,0.108731,-0.993663,-0.028482,-0.127300,-0.203704,0.005772,-0.979016,0.413721,0.000000,0.000000,0.000000,1.000000
257,0.974984,0.117263,0.188825,0.032125,0.090886,-0.985574,0.142771,0.011379,0.202842,-0.122038,-0.971577,0.409667,0.000000,0.000000,0.000000,1.000000
453,0.996983,0.053503,0.056230,0.163294,0.048071,-0.994423,0.093875,-0.095979,0.060939,-0.090889,-0.993995,0.412108,0.000000,0.000000,0.000000,1.000000
257,0.985007,0.107741,0.134732,0.025293,0.109582,-0.993958,-0.006306,0.027961,0.133239,0.020976,-0.990862,0.411524,0.000000,0.000000,0.000000,1.000000
539,0.986103,0.104980,-0.128760,-0.095831,0.108212,-0.993959,0.018346,-0.114199,-0.126056,-0.032024,-0.991506,0.422264,0.000000,0.000000,0.000000,1.000000
257,0.988330,0.139276,0.061690,0.020132,0.136929,-0.989741,0.040788,0.041551,0.066738,-0.031865,-0.997262,0.414160,0.000000,0.000000,0.000000,1.000000
453,0.995650,0.093082,0.004051,0.165449,0.092984,-0.995470,0.019858,-0.079766,0.005881,-0.019395,-0.999795,0.423315,0.000000,0.000000,0.000000,1.000000
539,0.990583,0.115221,-0.073950,-0.098283,0.111031,-0.992095,-0.058478,-0.102520,-0.080104,0.049717,-0.995546,0.426819,0.000000,0.000000,0.000000,1.000000
257,0.989451,0.138317,-0.043079,0.016340,0.134463,-0.987499,-0.082258,0.045939,-0.053918,0.075598,-0.995680,0.408929,0.000000,0.000000,0.000000,1.000000
453,0.992849,0.117686,-0.020044,0.164003,0.116862,-0.992412,-0.038235,-0.072968,-0.024392,0.035619,-0.999068,0.423143,0.000000,0.000000,0.000000,1.000000
539,0.990198,0.132067,-0.045455,-0.101866,0.128440,-0.988866,-0.075151,-0.100299,-0.054874,0.068576,-0.996136,0.423984,0.000000,0.000000,0.000000,1.000000
257,0.946018,0.088880,-0.311688,0.027919,0.124018,-0.987746,0.094748,0.058469,-0.299447,-0.128289,-0.945449,0.382900,0.000000,0.000000,0.000000,1.000000
453,0.990503,0.118941,0.068976,0.164425,0.129471,-0.975709,-0.176717,-0.055760,0.046282,0.183969,-0.981842,0.389586,0.000000,0.000000,0.000000,1.000000
539,0.985951,0.116377,0.119819,-0.093229,0.111541,-0.992679,0.046331,-0.091650,0.124334,-0.032316,-0.991714,0.425471,0.000000,0.000000,0.000000,1.000000
257,0.982022,0.162472,-0.096103,0.042652,0.156033,-0.985187,-0.071138,0.071245,-0.106237,0.054864,-0.992826,0.391661,0.000000,0.000000,0.000000,1.000000
453,0.988084,0.144488,-0.053038,0.190111,0.136213,-0.981332,-0.135770,-0.043375,-0.071666,0.126928,-0.989320,0.397585,0.000000,0.000000,0.000000,1.000000
539,0.989388,0.143718,-0.021390,-0.073046,0.142821,-0.988989,-0.038776,-0.078318,-0.026727,0.035309,-0.999019,0.423112,0.000000,0.000000,0.000000,1.000000
257,0.984707,0.167058,-0.049439,0.043226,0.164928,-0.985304,-0.044450,0.075680,-0.056138,0.035616,-0.997788,0.385977,0.000000,0.000000,0.000000,1.000000
453,0.986881,0.138630,-0.082752,0.195166,0.131972,-0.987925,-0.081162,-0.038120,-0.093004,0.069176,-0.993260,0.398651,0.000000,0.000000,0.000000,1.000000
539,0.982654,0.161390,-0.091343,-0.069885,0.149173,-0.980533,-0.127677,-0.072040,-0.110171,0.111836,-0.987601,0.414541,0.000000,0.000000,0.000000,1.000000
257,0.964626,0.213037,0.155277,0.034704,0.211595,-0.977013,0.025950,0.080481,0.157236,0.007823,-0.987530,0.367963,0.000000,0.000000,0.000000,1.000000
453,0.990106,0.130464,-0.051670,0.190820,0.131520,-0.991157,0.017590,-0.031939,-0.048918,-0.024211,-0.998509,0.394740,0.000000,0.000000,0.000000,1.000000
539,0.975980,0.180519,-0.121967,-0.071425,0.159964,-0.973850,-0.161329,-0.066990,-0.147901,0.137943,-0.979335,0.403442,0.000000,0.000000,0.000000,1.000000
257,0.950499,0.252645,0.180894,0.008203,0.232173,-0.964358,0.126924,0.089672,0.206513,-0.078642,-0.975278,0.362026,0.000000,0.000000,0.000000,1.000000
453,0.989357,0.138438,-0.044817,0.168789,0.143517,-0.979183,0.143542,-0.015448,-0.024012,-0.148446,-0.988629,0.403498,0.000000,0.000000,0.000000,1.000000
539,0.972381,0.209801,-0.102270,-0.087724,0.171130,-0.938830,-0.298853,-0.055486,-0.158714,0.273098,-0.948803,0.385680,0.000000,0.000000,0.000000,1.000000
257,0.964509,0.240826,0.108281,-0.015724,0.240290,-0.970531,0.018167,0.091626,0.109465,0.008497,-0.993954,0.379258,0.000000,0.000000,0.000000,1.000000
539,0.976687,0.211026,0.039365,-0.115803,0.213548,-0.936425,-0.278399,-0.059436,-0.021887,0.280315,-0.959659,0.394181,0.000000,0.000000,0.000000,1.000000
453,0.979708,0.200425,0.001446,0.145876,0.200429,-0.979661,-0.009588,-0.009577,-0.000505,0.009683,-0.999953,0.424968,0.000000,0.000000,0.000000,1.000000
257,0.970066,0.198966,0.139226,-0.010973,0.219360,-0.963903,-0.150907,0.091116,0.104175,0.176930,-0.978695,0.379781,0.000000,0.000000,0.000000,1.000000
539,0.973287,0.201859,0.109387,-0.121172,0.214408,-0.969515,-0.118620,-0.064182,0.082108,0.138905,-0.986896,0.404489,0.000000,0.000000,0.000000,1.000000
453,0.979837,0.188802,0.065364,0.143676,0.196959,-0.967712,-0.157291,-0.012013,0.033557,0.166993,-0.985387,0.423981,0.000000,0.000000,0.000000,1.000000
257,0.864220,0.299214,0.404468,-0.033931,0.270053,-0.954184,0.128860,0.104295,0.424493,-0.002136,-0.905429,0.351802,0.000000,0.000000,0.000000,1.000000
539,0.965232,0.233125,-0.118240,-0.125353,0.187155,-0.932131,-0.310007,-0.040382,-0.182486,0.277099,-0.943353,0.373676,0.000000,0.000000,0.000000,1.000000
453,0.969461,0.176352,0.170429,0.117649,0.152184,-0.977534,0.145830,0.003773,0.192318,-0.115440,-0.974519,0.415517,0.000000,0.000000,0.000000,1.000000
257,0.927873,0.242299,0.283447,-0.076396,0.238065,-0.969969,0.049844,0.120091,0.287012,0.021230,-0.957692,0.386385,0.000000,0.000000,0.000000,1.000000
539,0.984149,0.165246,0.064383,-0.173834,0.177219,-0.902656,-0.392180,-0.024735,-0.006691,0.397373,-0.917633,0.391626,0.000000,0.000000,0.000000,1.000000
453,0.972341,0.194551,-0.129243,0.073945,0.162189,-0.960583,-0.225777,0.019137,-0.168074,0.198571,-0.965568,0.467174,0.000000,0.000000,0.000000,1.000000
257,0.978898,0.176670,0.102695,-0.081351,0.160045,-0.975294,0.152275,0.103804,0.127060,-0.132626,-0.982988,0.410694,0.000000,0.000000,0.000000,1.000000
539,0.956158,0.088020,0.279310,-0.209154,0.176282,-0.934603,-0.308938,-0.035014,0.233851,0.344631,-0.909144,0.436850,0.000000,0.000000,0.000000,1.000000
453,0.985099,0.119130,0.124045,0.059398,0.156004,-0.922570,-0.352885,0.006975,0.072401,0.366979,-0.927407,0.483945,0.000000,0.000000,0.000000,1.000000
257,0.972635,-0.044958,0.227946,-0.058522,0.077665,-0.861749,-0.501355,0.063475,0.218972,0.505339,-0.834676,0.423044,0.000000,0.000000,0.000000,1.000000
539,0.978655,0.044301,0.200679,-0.199167,0.095893,-0.962108,-0.255250,-0.068291,0.181767,0.269045,-0.945820,0.453802,0.000000,0.000000,0.000000,1.000000
453,0.995133,0.074478,0.064521,0.072983,0.091010,-0.945699,-0.312041,-0.045715,0.037778,0.316395,-0.947875,0.485906,0.000000,0.000000,0.000000,1.000000
257,0.726886,0.130154,0.674312,-0.038406,0.134246,-0.989864,0.046348,0.076947,0.673510,0.056834,-0.736990,0.348252,0.000000,0.000000,0.000000,1.000000
539,0.980532,0.048033,-0.190397,-0.162948,0.039448,-0.998038,-0.048624,-0.044940,-0.192358,0.040167,-0.980502,0.410295,0.000000,0.000000,0.000000,1.000000
453,0.958429,-0.030422,0.283705,0.078574,-0.035558,-0.999283,0.012968,-0.049525,0.283108,-0.022517,-0.958824,0.447424,0.000000,0.000000,0.000000,1.000000
539,0.997597,-0.012100,0.068215,-0.116705,0.039312,-0.711891,-0.701189,0.121920,0.057046,0.702186,-0.709705,0.402046,0.000000,0.000000,0.000000,1.000000
453,0.952433,0.094649,-0.289679,0.164902,-0.102955,-0.794725,-0.598174,0.117900,-0.286832,0.599544,-0.747178,0.416505,0.000000,0.000000,0.000000,1.000000
539,0.996870,-0.014282,0.077764,-0.114549,0.020912,-0.900892,-0.433538,0.117173,0.076248,0.433807,-0.897774,0.398987,0.000000,0.000000,0.000000,1.000000
453,0.995064,-0.019968,-0.097206,0.158612,-0.068103,-0.849871,-0.522572,0.104500,-0.072178,0.526612,-0.847036,0.391331,0.000000,0.000000,0.000000,1.000000
539,0.993654,-0.044165,0.103444,-0.113652,0.019370,-0.838756,-0.544163,0.106918,0.110797,0.542713,-0.832578,0.405667,0.000000,0.000000,0.000000,1.000000
453,0.984431,0.006869,-0.175639,0.164970,-0.091113,-0.834571,-0.543314,0.092158,-0.150316,0.550858,-0.820951,0.399145,0.000000,0.000000,0.000000,1.000000
539,0.996674,-0.030014,0.075768,-0.120945,0.013659,-0.855043,-0.518377,0.080586,0.080344,0.517687,-0.851789,0.402784,0.000000,0.000000,0.000000,1.000000
453,0.983948,0.011779,-0.178065,0.158254,-0.075908,-0.875422,-0.477361,0.070297,-0.161504,0.483216,-0.860476,0.404754,0.000000,0.000000,0.000000,1.000000
539,0.992905,-0.068457,0.097224,-0.119209,-0.018716,-0.897430,-0.440759,0.061462,0.117424,0.435812,-0.892345,0.403515,0.000000,0.000000,0.000000,1.000000
453,0.987651,-0.015885,-0.155862,0.159055,-0.091175,-0.867307,-0.489352,0.043364,-0.127406,0.497520,-0.858045,0.401151,0.000000,0.000000,0.000000,1.000000
539,0.997181,-0.056536,-0.049329,-0.118183,-0.073339,-0.873294,-0.481642,0.046441,-0.015848,0.483902,-0.874978,0.379495,0.000000,0.000000,0.000000,1.000000
453,0.978911,-0.055729,-0.196540,0.154892,-0.123430,-0.927960,-0.351647,0.018645,-0.162784,0.368490,-0.915269,0.394949,0.000000,0.000000,0.000000,1.000000
539,0.994748,-0.091150,0.046569,-0.155274,-0.049634,-0.827445,-0.559349,0.024587,0.089518,0.554100,-0.827623,0.373497,0.000000,0.000000,0.000000,1.000000
453,0.984978,-0.019381,-0.171590,0.121456,-0.091364,-0.901695,-0.422610,-0.001234,-0.146531,0.431939,-0.889920,0.401760,0.000000,0.000000,0.000000,1.000000
257,0.998265,-0.041897,0.041374,-0.010477,-0.048995,-0.980757,0.188987,0.094545,0.032660,-0.190686,-0.981108,0.327575,0.000000,0.000000,0.000000,1.000000
539,0.978120,-0.140406,0.153515,-0.168285,-0.071076,-0.919039,-0.387704,-0.011363,0.195523,0.368310,-0.908910,0.379816,0.000000,0.000000,0.000000,1.000000
453,0.995516,-0.091557,-0.023767,0.109778,-0.093636,-0.918231,-0.384818,-0.034744,0.013409,0.385318,-0.922686,0.383128,0.000000,0.000000,0.000000,1.000000
257,0.996571,0.021229,0.079977,-0.019513,-0.004792,-0.950101,0.311904,0.050562,0.082607,-0.311218,-0.946742,0.326863,0.000000,0.000000,0.000000,1.000000
539,0.983031,-0.103487,0.151465,-0.168476,-0.039655,-0.926038,-0.375340,-0.062677,0.179105,0.362965,-0.914428,0.363017,0.000000,0.000000,0.000000,1.000000
453,0.998815,-0.011095,-0.047377,0.111762,-0.025340,-0.949811,-0.311796,-0.074599,-0.041540,0.312627,-0.948967,0.377282,0.000000,0.000000,0.000000,1.000000
539,0.966545,-0.094322,0.238526,-0.159718,-0.030695,-0.965784,-0.257525,-0.119021,0.254655,0.241588,-0.936369,0.338786,0.000000,0.000000,0.000000,1.000000
257,0.997039,0.063974,0.042670,-0.015188,0.041437,-0.914396,0.402695,0.005788,0.064780,-0.399735,-0.914339,0.320518,0.000000,0.000000,0.000000,1.000000
453,0.999541,0.028622,-0.009954,0.119980,0.025736,-0.975204,-0.219808,-0.117232,-0.015999,0.219450,-0.975492,0.356106,0.000000,0.000000,0.000000,1.000000
257,0.997123,0.051026,0.056057,-0.006261,0.061457,-0.977086,-0.203778,-0.031506,0.044375,0.206637,-0.977411,0.309378,0.000000,0.000000,0.000000,1.000000
257,0.987634,-0.006337,0.156651,0.005307,0.004155,-0.997774,-0.066560,-0.039366,0.156724,0.066388,-0.985409,0.290230,0.000000,0.000000,0.000000,1.000000
257,0.957249,-0.108485,0.268150,0.036306,-0.039577,-0.967411,-0.250101,-0.024067,0.286543,0.228797,-0.930347,0.263641,0.000000,0.000000,0.000000,1.000000
257,0.972811,-0.041438,0.227863,0.058677,-0.014702,-0.992928,-0.117802,-0.011242,0.231133,0.111249,-0.966541,0.256793,0.000000,0.000000,0.000000,1.000000
257,0.991247,-0.046658,0.123502,0.067545,-0.042323,-0.998400,-0.037499,0.029797,0.125054,0.031944,-0.991636,0.267623,0.000000,0.000000,0.000000,1.000000
539,0.900154,-0.002999,-0.435562,-0.057554,0.009570,-0.999599,0.026659,-0.087820,-0.435468,-0.028165,-0.899764,0.286883,0.000000,0.000000,0.000000,1.000000
453,0.960978,-0.050469,-0.271982,0.186432,-0.120498,-0.961404,-0.247351,-0.101594,-0.249001,0.270472,-0.929969,0.291985,0.000000,0.000000,0.000000,1.000000
257,0.989756,-0.049214,-0.134022,0.063982,-0.041768,-0.997453,0.057815,0.041995,-0.136526,-0.051625,-0.989290,0.295773,0.000000,0.000000,0.000000,1.000000
539,0.982240,-0.048003,-0.181382,-0.073470,-0.092973,-0.964212,-0.248296,-0.073410,-0.162972,0.260750,-0.951551,0.348070,0.000000,0.000000,0.000000,1.000000
257,0.991869,0.018786,-0.125866,0.055794,0.015468,-0.999508,-0.027286,0.038144,-0.126317,0.025118,-0.991672,0.297791,0.000000,0.000000,0.000000,1.000000
453,0.954465,0.036841,-0.296039,0.180452,-0.056071,-0.952505,-0.299315,-0.095958,-0.293006,0.302285,-0.907067,0.285057,0.000000,0.000000,0.000000,1.000000
539,0.985655,0.007578,-0.168604,-0.075610,-0.033672,-0.970078,-0.240447,-0.085690,-0.165381,0.242675,-0.955907,0.346662,0.000000,0.000000,0.000000,1.000000
257,0.995322,0.083054,0.049355,0.042243,0.080516,-0.995429,0.051364,0.037840,0.053396,-0.047150,-0.997460,0.288297,0.000000,0.000000,0.000000,1.000000
453,0.919373,0.084947,-0.384107,0.183524,0.013569,-0.982674,-0.184846,-0.093306,-0.393154,0.164730,-0.904596,0.297661,0.000000,0.000000,0.000000,1.000000
539,0.984965,0.068097,-0.158765,-0.078656,0.024065,-0.964155,-0.264246,-0.092805,-0.171069,0.256453,-0.951298,0.342215,0.000000,0.000000,0.000000,1.000000
257,0.955684,0.171154,-0.239530,0.013480,0.036387,-0.876071,-0.480807,0.036932,-0.292138,0.450784,-0.843475,0.284260,0.000000,0.000000,0.000000,1.000000
453,0.921044,-0.172646,-0.349101,0.167212,0.050751,-0.835526,0.547103,-0.084960,-0.386138,-0.521623,-0.760794,0.314527,0.000000,0.000000,0.000000,1.000000
539,0.979874,0.120489,-0.159150,-0.096706,0.060198,-0.938531,-0.339907,-0.087200,-0.190322,0.323486,-0.926895,0.322688,0.000000,0.000000,0.000000,1.000000
257,0.962667,0.193120,-0.189677,-0.011400,0.131514,-0.946141,-0.295839,0.032515,-0.236594,0.259850,-0.936217,0.274172,0.000000,0.000000,0.000000,1.000000
453,0.990744,0.098191,-0.093731,0.143360,0.095165,-0.994802,-0.036237,-0.086669,-0.096802,0.026982,-0.994938,0.322202,0.000000,0.000000,0.000000,1.000000
539,0.993352,0.112808,-0.022922,-0.125507,0.099820,-0.943307,-0.316555,-0.109004,-0.057333,0.312163,-0.948297,0.328242,0.000000,0.000000,0.000000,1.000000
257,0.971845,0.130694,0.196051,-0.019426,0.210282,-0.856460,-0.471443,0.038466,0.106295,0.499396,-0.859829,0.279331,0.000000,0.000000,0.000000,1.000000
539,0.976827,0.213755,0.010832,-0.126927,0.208963,-0.941541,-0.264264,-0.109011,-0.046289,0.260404,-0.964390,0.320368,0.000000,0.000000,0.000000,1.000000
453,0.982169,0.184595,0.035611,0.134808,0.187998,-0.964956,-0.183076,-0.060055,0.000568,0.186507,-0.982453,0.321488,0.000000,0.000000,0.000000,1.000000
257,0.994248,0.080753,0.070351,-0.019866,0.099297,-0.941177,-0.322995,0.001789,0.040130,0.328123,-0.943782,0.276469,0.000000,0.000000,0.000000,1.000000
539,0.989530,0.127099,0.068378,-0.140463,0.143999,-0.901263,-0.408644,-0.128519,0.009689,0.414212,-0.910129,0.316652,0.000000,0.000000,0.000000,1.000000
453,0.978708,0.181597,-0.095674,0.132133,0.133934,-0.918215,-0.372752,-0.108906,-0.155539,0.352001,-0.922986,0.328243,0.000000,0.000000,0.000000,1.000000
257,0.991126,0.042650,0.125894,-0.007998,0.068654,-0.975269,-0.210087,0.007754,0.113821,0.216866,-0.969543,0.272800,0.000000,0.000000,0.000000,1.000000
453,0.999176,0.038266,-0.013559,0.124810,0.035784,-0.987881,-0.151032,-0.116643,-0.019174,0.150422,-0.988436,0.298121,0.000000,0.000000,0.000000,1.000000
257,0.998861,0.046764,-0.009495,-0.008027,0.044174,-0.981431,-0.186660,-0.004803,-0.018047,0.186028,-0.982379,0.273630,0.000000,0.000000,0.000000,1.000000
257,0.996163,0.052808,-0.069786,-0.009031,0.046222,-0.994607,-0.092844,0.001134,-0.074312,0.089262,-0.993232,0.266914,0.000000,0.000000,0.000000,1.000000
257,0.991565,0.052969,-0.118290,-0.009411,0.036442,-0.989797,-0.137747,0.020930,-0.124379,0.132274,-0.983379,0.264706,0.000000,0.000000,0.000000,1.000000
453,0.998584,-0.003870,-0.053065,0.125404,-0.005018,-0.999756,-0.021512,-0.113808,-0.052969,0.021748,-0.998359,0.299879,0.000000,0.000000,0.000000,1.000000
539,0.996040,0.075731,-0.046565,-0.138320,0.072557,-0.995148,-0.066455,-0.117674,-0.051371,0.062813,-0.996702,0.304258,0.000000,0.000000,0.000000,1.000000
257,0.998715,0.050564,-0.003265,-0.008813,0.047526,-0.957157,-0.285642,0.033666,-0.017569,0.285120,-0.958331,0.273465,0.000000,0.000000,0.000000,1.000000
539,0.996858,0.061823,-0.049517,-0.139075,0.050198,-0.976667,-0.208812,-0.098160,-0.061270,0.205670,-0.976702,0.316878,0.000000,0.000000,0.000000,1.000000
453,0.999487,0.015790,-0.027874,0.126558,0.010306,-0.982326,-0.186897,-0.093945,-0.030333,0.186513,-0.981984,0.311067,0.000000,0.000000,0.000000,1.000000
257,0.998618,0.052436,0.003425,-0.009207,0.050980,-0.950954,-0.305103,0.035083,-0.012741,0.304856,-0.952313,0.273618,0.000000,0.000000,0.000000,1.000000
539,0.998302,0.052484,-0.025271,-0.141117,0.043222,-0.958239,-0.282682,-0.095187,-0.039052,0.281109,-0.958881,0.323752,0.000000,0.000000,0.000000,1.000000
453,0.998202,0.031400,-0.051064,0.127947,0.016590,-0.963272,-0.268016,-0.090868,-0.057604,0.266687,-0.962060,0.317471,0.000000,0.000000,0.000000,1.000000
257,0.998675,0.050169,0.011459,-0.009295,0.051249,-0.949343,-0.310034,0.034731,-0.004676,0.310211,-0.950656,0.273861,0.000000,0.000000,0.000000,1.000000
539,0.998556,0.049207,-0.021570,-0.141879,0.040997,-0.957340,-0.286041,-0.094950,-0.034725,0.284743,-0.957975,0.323646,0.000000,0.000000,0.000000,1.000000
453,0.998230,0.031535,-0.050424,0.127419,0.016513,-0.961475,-0.274396,-0.090681,-0.057134,0.273078,-0.960294,0.317801,0.000000,0.000000,0.000000,1.000000
257,0.998674,0.050565,0.009705,-0.008806,0.051075,-0.949103,-0.310797,0.034721,-0.006505,0.310881,-0.950427,0.273795,0.000000,0.000000,0.000000,1.000000
539,0.998606,0.049174,-0.019206,-0.141738,0.041665,-0.957533,-0.285296,-0.095250,-0.032420,0.284098,-0.958247,0.324449,0.000000,0.000000,0.000000,1.000000
453,0.998243,0.031158,-0.050395,0.127774,0.016088,-0.961145,-0.275575,-0.090587,-0.057024,0.274280,-0.959958,0.317428,0.000000,0.000000,0.000000,1.000000
257,0.998771,0.049266,0.005479,-0.009138,0.048504,-0.948533,-0.312943,0.034768,-0.010221,0.312824,-0.949756,0.273832,0.000000,0.000000,0.000000,1.000000
539,0.998539,0.049145,-0.022466,-0.141238,0.040711,-0.957581,-0.285274,-0.095022,-0.035533,0.283942,-0.958183,0.323908,0.000000,0.000000,0.000000,1.000000
453,0.997758,0.037066,-0.055723,0.127859,0.020150,-0.960365,-0.278016,-0.090844,-0.063820,0.276269,-0.958959,0.317523,0.000000,0.000000,0.000000,1.000000
257,0.998829,0.047597,0.008698,-0.009324,0.048027,-0.953457,-0.297681,0.034716,-0.005876,0.297750,-0.954626,0.274161,0.000000,0.000000,0.000000,1.000000
539,0.998404,0.050880,-0.024501,-0.142006,0.041860,-0.958004,-0.283683,-0.095100,-0.037906,0.282204,-0.958605,0.324209,0.000000,0.000000,0.000000,1.000000
453,0.997967,0.034415,-0.053646,0.127343,0.017930,-0.959287,-0.281862,-0.090868,-0.061162,0.280327,-0.957954,0.317309,0.000000,0.000000,0.000000,1.000000
257,0.998827,0.047778,0.007896,-0.009078,0.047958,-0.953329,-0.298102,0.034711,-0.006715,0.298131,-0.954501,0.274129,0.000000,0.000000,0.000000,1.000000
539,0.998550,0.049081,-0.022113,-0.141528,0.040773,-0.957766,-0.284642,-0.095320,-0.035150,0.283328,-0.958379,0.323939,0.000000,0.000000,0.000000,1.000000
453,0.998250,0.031486,-0.050050,0.127518,0.016390,-0.960610,-0.277415,-0.090807,-0.056813,0.276109,-0.959446,0.317146,0.000000,0.000000,0.000000,1.000000
257,0.998765,0.049642,0.002154,-0.009235,0.048006,-0.952855,-0.299603,0.034692,-0.012821,0.299336,-0.954062,0.274060,0.000000,0.000000,0.000000,1.000000
539,0.998382,0.052686,-0.021390,-0.141332,0.044436,-0.957606,-0.284634,-0.095430,-0.035479,0.283223,-0.958398,0.323816,0.000000,0.000000,0.000000,1.000000
453,0.998412,0.031206,-0.046907,0.127884,0.017293,-0.962143,-0.271997,-0.090949,-0.053620,0.270754,-0.961154,0.317455,0.000000,0.000000,0.000000,1.000000
257,0.998746,0.050064,0.000754,-0.009440,0.048217,-0.957637,-0.283914,0.034887,-0.013492,0.283595,-0.958849,0.274418,0.000000,0.000000,0.000000,1.000000
539,0.998567,0.048935,-0.021670,-0.141843,0.040773,-0.957884,-0.284245,-0.095344,-0.034667,0.282954,-0.958507,0.324029,0.000000,0.000000,0.000000,1.000000
453,0.997712,0.036296,-0.057043,0.127384,0.018807,-0.959379,-0.281492,-0.090857,-0.064942,0.279775,-0.957867,0.317271,0.000000,0.000000,0.000000,1.000000
257,0.998798,0.048821,0.004414,-0.009040,0.047879,-0.952253,-0.301531,0.034708,-0.010517,0.301380,-0.953446,0.274209,0.000000,0.000000,0.000000,1.000000
539,0.998642,0.048836,-0.018160,-0.141757,0.041638,-0.957538,-0.285285,-0.095410,-0.031321,0.284142,-0.958271,0.324503,0.000000,0.000000,0.000000,1.000000
453,0.998478,0.030912,-0.045667,0.127357,0.017122,-0.960971,-0.276117,-0.090749,-0.052420,0.274915,-0.960038,0.316692,0.000000,0.000000,0.000000,1.000000
257,0.998610,0.052356,0.006002,-0.009009,0.051605,-0.948434,-0.312746,0.034636,-0.010682,0.312621,-0.949818,0.273736,0.000000,0.000000,0.000000,1.000000
539,0.998626,0.048982,-0.018602,-0.141441,0.041639,-0.957419,-0.285684,-0.095386,-0.031803,0.284517,-0.958143,0.324413,0.000000,0.000000,0.000000,1.000000
453,0.997900,0.032884,-0.055809,0.127729,0.015997,-0.959984,-0.279599,-0.090859,-0.062770,0.278119,-0.958494,0.317026,0.000000,0.000000,0.000000,1.000000
257,0.998775,0.049112,0.006021,-0.009384,0.048543,-0.949001,-0.311514,0.034529,-0.009585,0.311424,-0.950223,0.273798,0.000000,0.000000,0.000000,1.000000
539,0.998624,0.049193,-0.018167,-0.141767,0.041928,-0.957059,-0.286844,-0.095288,-0.031498,0.285688,-0.957805,0.324058,0.000000,0.000000,0.000000,1.000000
453,0.998041,0.034663,-0.052079,0.127739,0.018928,-0.960759,-0.276738,-0.090890,-0.059628,0.275210,-0.959533,0.317717,0.000000,0.000000,0.000000,1.000000
257,0.998827,0.047778,0.007896,-0.009078,0.047958,-0.953329,-0.298102,0.034711,-0.006715,0.298131,-0.954501,0.274129,0.000000,0.000000,0.000000,1.000000
539,0.998691,0.047407,-0.019204,-0.141400,0.039913,-0.957094,-0.287016,-0.095168,-0.031986,0.285874,-0.957733,0.323371,0.000000,0.000000,0.000000,1.000000
453,0.997934,0.034571,-0.054147,0.127664,0.017966,-0.959412,-0.281437,-0.090892,-0.061678,0.279883,-0.958051,0.317389,0.000000,0.000000,0.000000,1.000000
257,0.998686,0.049816,0.011997,-0.008988,0.051136,-0.954032,-0.295310,0.034827,-0.003266,0.295536,-0.955326,0.274022,0.000000,0.000000,0.000000,1.000000
539,0.998708,0.047047,-0.019201,-0.141389,0.039621,-0.957570,-0.285466,-0.095289,-0.031817,0.284336,-0.958197,0.323813,0.000000,0.000000,0.000000,1.000000
453,0.998078,0.032973,-0.052461,0.127856,0.017225,-0.960930,-0.276255,-0.090944,-0.059520,0.274820,-0.959652,0.317108,0.000000,0.000000,0.000000,1.000000
257,0.998697,0.049471,0.012518,-0.009185,0.050938,-0.951738,-0.302654,0.034764,-0.003059,0.302897,-0.953018,0.274255,0.000000,0.000000,0.000000,1.000000
539,0.998642,0.048822,-0.018166,-0.141540,0.041518,-0.956581,-0.288495,-0.095239,-0.031463,0.287349,-0.957309,0.323861,0.000000,0.000000,0.000000,1.000000
453,0.998110,0.032821,-0.051960,0.127536,0.017191,-0.960807,-0.276684,-0.090921,-0.059005,0.275267,-0.959555,0.317029,0.000000,0.000000,0.000000,1.000000
257,0.998680,0.050681,-0.008385,-0.009200,0.045736,-0.951546,-0.304086,0.034519,-0.023390,0.303301,-0.952608,0.273453,0.000000,0.000000,0.000000,1.000000
539,0.998567,0.048935,-0.021670,-0.141843,0.040773,-0.957884,-0.284245,-0.095344,-0.034667,0.282954,-0.958507,0.324029,0.000000,0.000000,0.000000,1.000000
453,0.998110,0.032821,-0.051960,0.127536,0.017191,-0.960807,-0.276684,-0.090921,-0.059005,0.275267,-0.959555,0.317029,0.000000,0.000000,0.000000,1.000000
257,0.998798,0.048821,0.004414,-0.009040,0.047879,-0.952253,-0.301531,0.034708,-0.010517,0.301380,-0.953446,0.274209,0.000000,0.000000,0.000000,1.000000
539,0.998600,0.049256,-0.019295,-0.141713,0.041726,-0.957601,-0.285062,-0.095524,-0.032518,0.283857,-0.958315,0.324389,0.000000,0.000000,0.000000,1.000000
453,0.998412,0.031206,-0.046907,0.127884,0.017293,-0.962143,-0.271997,-0.090949,-0.053620,0.270754,-0.961154,0.317455,0.000000,0.000000,0.000000,1.000000
257,0.998697,0.049471,0.012518,-0.009185,0.050938,-0.951738,-0.302654,0.034764,-0.003059,0.302897,-0.953018,0.274255,0.000000,0.000000,0.000000,1.000000
539,0.998550,0.049081,-0.022113,-0.141528,0.040773,-0.957766,-0.284642,-0.095320,-0.035150,0.283328,-0.958379,0.323939,0.000000,0.000000,0.000000,1.000000
453,0.998189,0.034611,-0.049197,0.127605,0.019732,-0.961031,-0.275735,-0.090711,-0.056824,0.274265,-0.959974,0.317351,0.000000,0.000000,0.000000,1.000000
257,0.998827,0.047778,0.007896,-0.009078,0.047958,-0.953329,-0.298102,0.034711,-0.006715,0.298131,-0.954501,0.274129,0.000000,0.000000,0.000000,1.000000
539,0.998803,0.047308,-0.012430,-0.141809,0.041728,-0.956682,-0.288129,-0.095459,-0.025522,0.287265,-0.957511,0.324374,0.000000,0.000000,0.000000,1.000000
453,0.998439,0.031057,-0.046415,0.127564,0.017260,-0.962022,-0.272424,-0.090925,-0.053113,0.271198,-0.961057,0.317377,0.000000,0.000000,0.000000,1.000000
257,0.998798,0.048821,0.004414,-0.009040,0.047879,-0.952253,-0.301531,0.034708,-0.010517,0.301380,-0.953446,0.274209,0.000000,0.000000,0.000000,1.000000
539,0.998510,0.049419,-0.023157,-0.141509,0.040801,-0.957763,-0.284648,-0.095160,-0.036246,0.283279,-0.958352,0.323884,0.000000,0.000000,0.000000,1.000000
453,0.998249,0.031107,-0.050317,0.127760,0.016075,-0.961217,-0.275325,-0.090866,-0.056930,0.274034,-0.960033,0.317383,0.000000,0.000000,0.000000,1.000000
257,0.998700,0.048419,0.015914,-0.009232,0.050966,-0.951197,-0.304346,0.034784,0.000401,0.304761,-0.952429,0.274430,0.000000,0.000000,0.000000,1.000000
539,0.998606,0.049174,-0.019206,-0.141738,0.041665,-0.957533,-0.285296,-0.095250,-0.032420,0.284098,-0.958247,0.324449,0.000000,0.000000,0.000000,1.000000
453,0.997792,0.036914,-0.055221,0.127539,0.020115,-0.960242,-0.278445,-0.090821,-0.063304,0.276719,-0.958863,0.317443,0.000000,0.000000,0.000000,1.000000
257,0.998762,0.049593,0.003831,-0.009293,0.048401,-0.951225,-0.304676,0.034648,-0.011466,0.304485,-0.952448,0.274339,0.000000,0.000000,0.000000,1.000000
539,0.998484,0.050860,-0.021068,-0.141679,0.042665,-0.956776,-0.287678,-0.095270,-0.034789,0.286343,-0.957496,0.323987,0.000000,0.000000,0.000000,1.000000
453,0.997867,0.034947,-0.055138,0.127368,0.018000,-0.959193,-0.282178,-0.090744,-0.062750,0.280584,-0.957776,0.317394,0.000000,0.000000,0.000000,1.000000
257,0.998704,0.048610,0.015056,-0.008987,0.050886,-0.951083,-0.304715,0.034779,-0.000493,0.305086,-0.952325,0.274398,0.000000,0.000000,0.000000,1.000000
539,0.998568,0.048714,-0.022107,-0.141301,0.040362,-0.957292,-0.286290,-0.095270,-0.035109,0.284988,-0.957888,0.323743,0.000000,0.000000,0.000000,1.000000
453,0.998088,0.034507,-0.051273,0.127532,0.018775,-0.959697,-0.280410,-0.090714,-0.058883,0.278911,-0.958510,0.317028,0.000000,0.000000,0.000000,1.000000
257,0.998697,0.049471,0.012518,-0.009185,0.050938,-0.951738,-0.302654,0.034764,-0.003059,0.302897,-0.953018,0.274255,0.000000,0.000000,0.000000,1.000000
539,0.998606,0.049174,-0.019206,-0.141738,0.041665,-0.957533,-0.285296,-0.095250,-0.032420,0.284098,-0.958247,0.324449,0.000000,0.000000,0.000000,1.000000
453,0.998189,0.034611,-0.049197,0.127605,0.019732,-0.961031,-0.275735,-0.090711,-0.056824,0.274265,-0.959974,0.317351,0.000000,0.000000,0.000000,1.000000
257,0.998803,0.048635,0.005239,-0.009285,0.047955,-0.952382,-0.301113,0.034714,-0.009655,0.301004,-0.953574,0.274242,0.000000,0.000000,0.000000,1.000000
539,0.998585,0.048566,-0.021665,-0.141617,0.040361,-0.957411,-0.285893,-0.095295,-0.034627,0.284614,-0.958017,0.323834,0.000000,0.000000,0.000000,1.000000
453,0.997818,0.038232,-0.053838,0.127716,0.021785,-0.960282,-0.278179,-0.090913,-0.062335,0.276399,-0.959019,0.318046,0.000000,0.000000,0.000000,1.000000
257,0.998704,0.048610,0.015056,-0.008987,0.050886,-0.951083,-0.304715,0.034779,-0.000493,0.305086,-0.952325,0.274398,0.000000,0.000000,0.000000,1.000000
539,0.998826,0.045527,-0.016526,-0.141601,0.038808,-0.956436,-0.289353,-0.095306,-0.028979,0.288372,-0.957080,0.324337,0.000000,0.000000,0.000000,1.000000
453,0.998041,0.034663,-0.052079,0.127739,0.018928,-0.960759,-0.276738,-0.090890,-0.059628,0.275210,-0.959533,0.317717,0.000000,0.000000,0.000000,1.000000
257,0.998668,0.050416,0.011017,-0.009193,0.051364,-0.950459,-0.306577,0.034696,-0.004986,0.306735,-0.951782,0.274344,0.000000,0.000000,0.000000,1.000000
539,0.998355,0.051078,-0.026051,-0.141419,0.041537,-0.957481,-0.285490,-0.095141,-0.039525,0.283938,-0.958028,0.323811,0.000000,0.000000,0.000000,1.000000
453,0.998208,0.032964,-0.049936,0.127624,0.018152,-0.962062,-0.272227,-0.090639,-0.057015,0.270833,-0.960937,0.317395,0.000000,0.000000,0.000000,1.000000
257,0.998803,0.048635,0.005239,-0.009285,0.047955,-0.952382,-0.301113,0.034714,-0.009655,0.301004,-0.953574,0.274242,0.000000,0.000000,0.000000,1.000000
539,0.998642,0.048822,-0.018166,-0.141540,0.041518,-0.956581,-0.288495,-0.095239,-0.031463,0.287349,-0.957309,0.323861,0.000000,0.000000,0.000000,1.000000
453,0.997867,0.034947,-0.055138,0.127368,0.018000,-0.959193,-0.282178,-0.090744,-0.062750,0.280584,-0.957776,0.317394,0.000000,0.000000,0.000000,1.000000
257,0.998704,0.048610,0.015056,-0.008987,0.050886,-0.951083,-0.304715,0.034779,-0.000493,0.305086,-0.952325,0.274398,0.000000,0.000000,0.000000,1.000000
539,0.998556,0.048999,-0.022026,-0.141553,0.040710,-0.957699,-0.284877,-0.095046,-0.035053,0.283569,-0.958311,0.323998,0.000000,0.000000,0.000000,1.000000
453,0.998111,0.032695,-0.052014,0.127569,0.016820,-0.959710,-0.280489,-0.090814,-0.059089,0.279084,-0.958447,0.317668,0.000000,0.000000,0.000000,1.000000
257,0.998678,0.049063,0.015337,-0.009089,0.051396,-0.947516,-0.315550,0.034590,-0.000950,0.315921,-0.948785,0.273936,0.000000,0.000000,0.000000,1.000000
539,0.998510,0.049419,-0.023157,-0.141509,0.040801,-0.957763,-0.284648,-0.095160,-0.036246,0.283279,-0.958352,0.323884,0.000000,0.000000,0.000000,1.000000
453,0.998088,0.034507,-0.051273,0.127532,0.018775,-0.959697,-0.280410,-0.090714,-0.058883,0.278911,-0.958510,0.317028,0.000000,0.000000,0.000000,1.000000
257,0.998803,0.048635,0.005239,-0.009285,0.047955,-0.952382,-0.301113,0.034714,-0.009655,0.301004,-0.953574,0.274242,0.000000,0.000000,0.000000,1.000000
539,0.998551,0.049071,-0.022097,-0.141312,0.040650,-0.956815,-0.287840,-0.095150,-0.035267,0.286525,-0.957423,0.323301,0.000000,0.000000,0.000000,1.000000
453,0.997792,0.036914,-0.055221,0.127539,0.020115,-0.960242,-0.278445,-0.090821,-0.063304,0.276719,-0.958863,0.317443,0.000000,0.000000,0.000000,1.000000
257,0.998701,0.048917,0.014234,-0.009130,0.050941,-0.955040,-0.292067,0.034887,-0.000693,0.292413,-0.956292,0.274711,0.000000,0.000000,0.000000,1.000000
539,0.998403,0.052484,-0.020892,-0.141890,0.044506,-0.958605,-0.281238,-0.095351,-0.034787,0.279860,-0.959410,0.324605,0.000000,0.000000,0.000000,1.000000
453,0.997867,0.034947,-0.055138,0.127368,0.018000,-0.959193,-0.282178,-0.090744,-0.062750,0.280584,-0.957776,0.317394,0.000000,0.000000,0.000000,1.000000
257,0.998770,0.049311,0.005153,-0.009139,0.048457,-0.948867,-0.311936,0.034523,-0.010492,0.311802,-0.950089,0.273764,0.000000,0.000000,0.000000,1.000000
539,0.998741,0.045788,-0.020466,-0.141375,0.037944,-0.956676,-0.288671,-0.095217,-0.032797,0.287531,-0.957210,0.323778,0.000000,0.000000,0.000000,1.000000
453,0.998088,0.034507,-0.051273,0.127532,0.018775,-0.959697,-0.280410,-0.090714,-0.058883,0.278911,-0.958510,0.317028,0.000000,0.000000,0.000000,1.000000
257,0.998803,0.048635,0.005239,-0.009285,0.047955,-0.952382,-0.301113,0.034714,-0.009655,0.301004,-0.953574,0.274242,0.000000,0.000000,0.000000,1.000000
539,0.998350,0.052294,-0.023713,-0.141704,0.043549,-0.958763,-0.280850,-0.095146,-0.037422,0.279353,-0.959459,0.324151,0.000000,0.000000,0.000000,1.000000
453,0.997792,0.036914,-0.055221,0.127539,0.020115,-0.960242,-0.278445,-0.090821,-0.063304,0.276719,-0.958863,0.317443,0.000000,0.000000,0.000000,1.000000
257,0.998763,0.049711,0.001510,-0.009247,0.047810,-0.951325,-0.304459,0.034711,-0.013699,0.304155,-0.952524,0.274320,0.000000,0.000000,0.000000,1.000000
539,0.998556,0.048999,-0.022026,-0.141553,0.040710,-0.957699,-0.284877,-0.095046,-0.035053,0.283569,-0.958311,0.323998,0.000000,0.000000,0.000000,1.000000
453,0.997867,0.034947,-0.055138,0.127368,0.018000,-0.959193,-0.282178,-0.090744,-0.062750,0.280584,-0.957776,0.317394,0.000000,0.000000,0.000000,1.000000
257,0.998678,0.049063,0.015337,-0.009089,0.051396,-0.947516,-0.315550,0.034590,-0.000950,0.315921,-0.948785,0.273936,0.000000,0.000000,0.000000,1.000000
539,0.998741,0.045788,-0.020466,-0.141375,0.037944,-0.956676,-0.288671,-0.095217,-0.032797,0.287531,-0.957210,0.323778,0.000000,0.000000,0.000000,1.000000
453,0.998088,0.034507,-0.051273,0.127532,0.018775,-0.959697,-0.280410,-0.090714,-0.058883,0.278911,-0.958510,0.317028,0.000000,0.000000,0.000000,1.000000
257,0.998697,0.049471,0.012518,-0.009185,0.050938,-0.951738,-0.302654,0.034764,-0.003059,0.302897,-0.953018,0.274255,0.000000,0.000000,0.000000,1.000000
539,0.998550,0.049081,-0.022113,-0.141528,0.040773,-0.957766,-0.284642,-0.095320,-0.035150,0.283328,-0.958379,0.323939,0.000000,0.000000,0.000000,1.000000
453,0.997792,0.036914,-0.055221,0.127539,0.020115,-0.960242,-0.278445,-0.090821,-0.063304,0.276719,-0.958863,0.317443,0.000000,0.000000,0.000000,1.000000
257,0.998678,0.049063,0.015337,-0.009089,0.051396,-0.947516,-0.315550,0.034590,-0.000950,0.315921,-0.948785,0.273936,0.000000,0.000000,0.000000,1.000000
539,0.998556,0.048999,-0.022026,-0.141553,0.040710,-0.957699,-0.284877,-0.095046,-0.035053,0.283569,-0.958311,0.323998,0.000000,0.000000,0.000000,1.000000
453,0.997867,0.034947,-0.055138,0.127368,0.018000,-0.959193,-0.282178,-0.090744,-0.062750,0.280584,-0.957776,0.317394,0.000000,0.000000,0.000000,1.000000
257,0.998655,0.050732,0.010701,-0.009004,0.051580,-0.951152,-0.304383,0.034777,-0.005264,0.304525,-0.952490,0.274374,0.000000,0.000000,0.000000,1.000000
539,0.998826,0.045527,-0.016526,-0.141601,0.038808,-0.956436,-0.289353,-0.095306,-0.028979,0.288372,-0.957080,0.324337,0.000000,0.000000,0.000000,1.000000
453,0.997934,0.034571,-0.054147,0.127664,0.017966,-0.959412,-0.281437,-0.090892,-0.061678,0.279883,-0.958051,0.317389,0.000000,0.000000,0.000000,1.000000
257,0.998697,0.049471,0.012518,-0.009185,0.050938,-0.951738,-0.302654,0.034764,-0.003059,0.302897,-0.953018,0.274255,0.000000,0.000000,0.000000,1.000000
539,0.998741,0.045788,-0.020466,-0.141375,0.037944,-0.956676,-0.288671,-0.095217,-0.032797,0.287531,-0.957210,0.323778,0.000000,0.000000,0.000000,1.000000
453,0.997792,0.036914,-0.055221,0.127539,0.020115,-0.960242,-0.278445,-0.090821,-0.063304,0.276719,-0.958863,0.317443,0.000000,0.000000,0.000000,1.000000
257,0.998803,0.048635,0.005239,-0.009285,0.047955,-0.952382,-0.301113,0.034714,-0.009655,0.301004,-0.953574,0.274242,0.000000,0.000000,0.000000,1.000000
539,0.998588,0.049530,-0.019204,-0.141748,0.041953,-0.957055,-0.286856,-0.095129,-0.032588,0.285645,-0.957781,0.324004,0.000000,0.000000,0.000000,1.000000
453,0.997867,0.034947,-0.055138,0.127368,0.018000,-0.959193,-0.282178,-0.090744,-0.062750,0.280584,-0.957776,0.317394,0.000000,0.000000,0.000000,1.000000
257,0.998656,0.050233,0.012777,-0.009096,0.051713,-0.948889,-0.311346,0.034656,-0.003516,0.311588,-0.950211,0.273828,0.000000,0.000000,0.000000,1.000000
539,0.998679,0.047572,-0.019429,-0.141743,0.039957,-0.956643,-0.288510,-0.095338,-0.032311,0.287352,-0.957280,0.324468,0.000000,0.000000,0.000000,1.000000
453,0.998041,0.034663,-0.052079,0.127739,0.018928,-0.960759,-0.276738,-0.090890,-0.059628,0.275210,-0.959533,0.317717,0.000000,0.000000,0.000000,1.000000
257,0.998636,0.051924,0.005416,-0.009296,0.051270,-0.955914,-0.289136,0.034935,-0.009836,0.289020,-0.957273,0.274524,0.000000,0.000000,0.000000,1.000000
539,0.998679,0.047566,-0.019437,-0.141525,0.039841,-0.955681,-0.291696,-0.095167,-0.032450,0.290537,-0.956313,0.323826,0.000000,0.000000,0.000000,1.000000
453,0.998041,0.034663,-0.052079,0.127739,0.018928,-0.960759,-0.276738,-0.090890,-0.059628,0.275210,-0.959533,0.317717,0.000000,0.000000,0.000000,1.000000
257,0.998668,0.050416,0.011017,-0.009193,0.051364,-0.950459,-0.306577,0.034696,-0.004986,0.306735,-0.951782,0.274344,0.000000,0.000000,0.000000,1.000000
539,0.998556,0.048999,-0.022026,-0.141553,0.040710,-0.957699,-0.284877,-0.095046,-0.035053,0.283569,-0.958311,0.323998,0.000000,0.000000,0.000000,1.000000
453,0.997605,0.036828,-0.058543,0.127409,0.018876,-0.959285,-0.281807,-0.090734,-0.066538,0.280028,-0.957683,0.317355,0.000000,0.000000,0.000000,1.000000
257,0.998668,0.050416,0.011017,-0.009193,0.051364,-0.950459,-0.306577,0.034696,-0.004986,0.306735,-0.951782,0.274344,0.000000,0.000000,0.000000,1.000000
539,0.998826,0.045527,-0.016526,-0.141601,0.038808,-0.956436,-0.289353,-0.095306,-0.028979,0.288372,-0.957080,0.324337,0.000000,0.000000,0.000000,1.000000
453,0.998058,0.033014,-0.052829,0.127758,0.017352,-0.961793,-0.273228,-0.090818,-0.059831,0.271781,-0.960498,0.317762,0.000000,0.000000,0.000000,1.000000
257,0.998697,0.049471,0.012518,-0.009185,0.050938,-0.951738,-0.302654,0.034764,-0.003059,0.302897,-0.953018,0.274255,0.000000,0.000000,0.000000,1.000000
539,0.998642,0.048836,-0.018160,-0.141757,0.041638,-0.957538,-0.285285,-0.095410,-0.031321,0.284142,-0.958271,0.324503,0.000000,0.000000,0.000000,1.000000
453,0.998041,0.034663,-0.052079,0.127739,0.018928,-0.960759,-0.276738,-0.090890,-0.059628,0.275210,-0.959533,0.317717,0.000000,0.000000,0.000000,1.000000
257,0.998545,0.053925,0.000249,-0.009267,0.051570,-0.953563,-0.296746,0.034862,-0.015764,0.296327,-0.954956,0.274695,0.000000,0.000000,0.000000,1.000000
539,0.998556,0.048999,-0.022026,-0.141553,0.040710,-0.957699,-0.284877,-0.095046,-0.035053,0.283569,-0.958311,0.323998,0.000000,0.000000,0.000000,1.000000
453,0.998123,0.031058,-0.052787,0.127587,0.015246,-0.960749,-0.277001,-0.090743,-0.059318,0.275676,-0.959419,0.317714,0.000000,0.000000,0.000000,1.000000
257,0.998668,0.050416,0.011017,-0.009193,0.051364,-0.950459,-0.306577,0.034696,-0.004986,0.306735,-0.951782,0.274344,0.000000,0.000000,0.000000,1.000000
539,0.998606,0.049174,-0.019206,-0.141738,0.041665,-0.957533,-0.285296,-0.095250,-0.032420,0.284098,-0.958247,0.324449,0.000000,0.000000,0.000000,1.000000
453,0.998088,0.034507,-0.051273,0.127532,0.018775,-0.959697,-0.280410,-0.090714,-0.058883,0.278911,-0.958510,0.317028,0.000000,0.000000,0.000000,1.000000
257,0.998718,0.050606,0.000714,-0.009244,0.048439,-0.951684,-0.303234,0.034625,-0.014666,0.302880,-0.952916,0.274155,0.000000,0.000000,0.000000,1.000000
539,0.998550,0.049081,-0.022113,-0.141528,0.040773,-0.957766,-0.284642,-0.095320,-0.035150,0.283328,-0.958379,0.323939,0.000000,0.000000,0.000000,1.000000
453,0.997851,0.033415,-0.056355,0.127694,0.016460,-0.960434,-0.278022,-0.090976,-0.063415,0.276497,-0.958920,0.317476,0.000000,0.000000,0.000000,1.000000
257,0.998645,0.051678,0.006202,-0.009154,0.051138,-0.951984,-0.301846,0.034827,-0.009694,0.301754,-0.953336,0.274218,0.000000,0.000000,0.000000,1.000000
539,0.998606,0.049159,-0.019198,-0.141521,0.041544,-0.956577,-0.288506,-0.095080,-0.032547,0.287306,-0.957286,0.323808,0.000000,0.000000,0.000000,1.000000
453,0.998434,0.031108,-0.046487,0.127578,0.017276,-0.961952,-0.272673,-0.090647,-0.053200,0.271443,-0.960983,0.317421,0.000000,0.000000,0.000000,1.000000
257,0.998718,0.050606,0.000714,-0.009244,0.048439,-0.951684,-0.303234,0.034625,-0.014666,0.302880,-0.952916,0.274155,0.000000,0.000000,0.000000,1.000000
539,0.998741,0.045788,-0.020466,-0.141375,0.037944,-0.956676,-0.288671,-0.095217,-0.032797,0.287531,-0.957210,0.323778,0.000000,0.000000,0.000000,1.000000
453,0.998041,0.034663,-0.052079,0.127739,0.018928,-0.960759,-0.276738,-0.090890,-0.059628,0.275210,-0.959533,0.317717,0.000000,0.000000,0.000000,1.000000
257,0.998770,0.049311,0.005153,-0.009139,0.048457,-0.948867,-0.311936,0.034523,-0.010492,0.311802,-0.950089,0.273764,0.000000,0.000000,0.000000,1.000000
539,0.998550,0.049081,-0.022113,-0.141528,0.040773,-0.957766,-0.284642,-0.095320,-0.035150,0.283328,-0.958379,0.323939,0.000000,0.000000,0.000000,1.000000
453,0.997917,0.037528,-0.052474,0.127544,0.021153,-0.958766,-0.283409,-0.090620,-0.060946,0.281709,-0.957562,0.316906,0.000000,0.000000,0.000000,1.000000
257,0.998671,0.050147,0.011893,-0.009051,0.051323,-0.946644,-0.318167,0.034594,-0.004697,0.318355,-0.947960,0.274028,0.000000,0.000000,0.000000,1.000000
539,0.998826,0.045527,-0.016526,-0.141601,0.038808,-0.956436,-0.289353,-0.095306,-0.028979,0.288372,-0.957080,0.324337,0.000000,0.000000,0.000000,1.000000
453,0.998041,0.034663,-0.052079,0.127739,0.018928,-0.960759,-0.276738,-0.090890,-0.059628,0.275210,-0.959533,0.317717,0.000000,0.000000,0.000000,1.000000
257,0.998770,0.049311,0.005153,-0.009139,0.048457,-0.948867,-0.311936,0.034523,-0.010492,0.311802,-0.950089,0.273764,0.000000,0.000000,0.000000,1.000000
539,0.998679,0.047572,-0.019429,-0.141743,0.039957,-0.956643,-0.288510,-0.095338,-0.032311,0.287352,-0.957280,0.324468,0.000000,0.000000,0.000000,1.000000
453,0.998088,0.034507,-0.051273,0.127532,0.018775,-0.959697,-0.280410,-0.090714,-0.058883,0.278911,-0.958510,0.317028,0.000000,0.000000,0.000000,1.000000
257,0.998671,0.050641,0.009627,-0.009193,0.051204,-0.953058,-0.298426,0.034830,-0.005937,0.298523,-0.954384,0.274137,0.000000,0.000000,0.000000,1.000000
539,0.998550,0.049081,-0.022113,-0.141528,0.040773,-0.957766,-0.284642,-0.095320,-0.035150,0.283328,-0.958379,0.323939,0.000000,0.000000,0.000000,1.000000
453,0.998041,0.034663,-0.052079,0.127739,0.018928,-0.960759,-0.276738,-0.090890,-0.059628,0.275210,-0.959533,0.317717,0.000000,0.000000,0.000000,1.000000
257,0.998702,0.049215,0.013086,-0.009044,0.050832,-0.947923,-0.314418,0.034661,-0.003070,0.314675,-0.949195,0.273941,0.000000,0.000000,0.000000,1.000000
539,0.998556,0.048999,-0.022026,-0.141553,0.040710,-0.957699,-0.284877,-0.095046,-0.035053,0.283569,-0.958311,0.323998,0.000000,0.000000,0.000000,1.000000
453,0.998035,0.034714,-0.052160,0.127754,0.018939,-0.960687,-0.276987,-0.090612,-0.059725,0.275455,-0.959457,0.317762,0.000000,0.000000,0.000000,1.000000
257,0.998827,0.047778,0.007896,-0.009078,0.047958,-0.953329,-0.298102,0.034711,-0.006715,0.298131,-0.954501,0.274129,0.000000,0.000000,0.000000,1.000000
539,0.998399,0.050742,-0.025013,-0.141439,0.041511,-0.957484,-0.285484,-0.095301,-0.038435,0.283989,-0.958057,0.323867,0.000000,0.000000,0.000000,1.000000
453,0.998341,0.030956,-0.048548,0.127492,0.016314,-0.960703,-0.277098,-0.090929,-0.055218,0.275847,-0.959614,0.317059,0.000000,0.000000,0.000000,1.000000
257,0.998722,0.047652,0.016853,-0.008977,0.050515,-0.952347,-0.300806,0.034848,0.001716,0.301273,-0.953536,0.274306,0.000000,0.000000,0.000000,1.000000
539,0.998741,0.045788,-0.020466,-0.141375,0.037944,-0.956676,-0.288671,-0.095217,-0.032797,0.287531,-0.957210,0.323778,0.000000,0.000000,0.000000,1.000000
453,0.998088,0.034507,-0.051273,0.127532,0.018775,-0.959697,-0.280410,-0.090714,-0.058883,0.278911,-0.958510,0.317028,0.000000,0.000000,0.000000,1.000000
257,0.998803,0.048635,0.005239,-0.009285,0.047955,-0.952382,-0.301113,0.034714,-0.009655,0.301004,-0.953574,0.274242,0.000000,0.000000,0.000000,1.000000
539,0.998556,0.048999,-0.022026,-0.141553,0.040710,-0.957699,-0.284877,-0.095046,-0.035053,0.283569,-0.958311,0.323998,0.000000,0.000000,0.000000,1.000000
453,0.998046,0.031735,-0.053816,0.127874,0.015740,-0.961323,-0.274973,-0.090884,-0.060461,0.273588,-0.959945,0.318247,0.000000,0.000000,0.000000,1.000000
257,0.998678,0.049063,0.015337,-0.009089,0.051396,-0.947516,-0.315550,0.034590,-0.000950,0.315921,-0.948785,0.273936,0.000000,0.000000,0.000000,1.000000
539,0.998642,0.048836,-0.018160,-0.141757,0.041638,-0.957538,-0.285285,-0.095410,-0.031321,0.284142,-0.958271,0.324503,0.000000,0.000000,0.000000,1.000000
453,0.998041,0.034663,-0.052079,0.127739,0.018928,-0.960759,-0.276738,-0.090890,-0.059628,0.275210,-0.959533,0.317717,0.000000,0.000000,0.000000,1.000000
257,0.998826,0.047736,0.008209,-0.009077,0.048005,-0.953024,-0.299066,0.034957,-0.006453,0.299109,-0.954197,0.274198,0.000000,0.000000,0.000000,1.000000
539,0.998565,0.050445,-0.017951,-0.141752,0.043347,-0.958419,-0.282055,-0.095321,-0.031433,0.280872,-0.959230,0.324482,0.000000,0.000000,0.000000,1.000000
453,0.998041,0.034663,-0.052079,0.127739,0.018928,-0.960759,-0.276738,-0.090890,-0.059628,0.275210,-0.959533,0.317717,0.000000,0.000000,0.000000,1.000000
257,0.998699,0.047584,0.018326,-0.009027,0.050897,-0.952059,-0.301650,0.034778,0.003094,0.302191,-0.953242,0.274306,0.000000,0.000000,0.000000,1.000000
539,0.998606,0.049174,-0.019206,-0.141738,0.041665,-0.957533,-0.285296,-0.095250,-0.032420,0.284098,-0.958247,0.324449,0.000000,0.000000,0.000000,1.000000
453,0.998041,0.034663,-0.052079,0.127739,0.018928,-0.960759,-0.276738,-0.090890,-0.059628,0.275210,-0.959533,0.317717,0.000000,0.000000,0.000000,1.000000
257,0.998668,0.050416,0.011017,-0.009193,0.051364,-0.950459,-0.306577,0.034696,-0.004986,0.306735,-0.951782,0.274344,0.000000,0.000000,0.000000,1.000000
539,0.998826,0.045527,-0.016526,-0.141601,0.038808,-0.956436,-0.289353,-0.095306,-0.028979,0.288372,-0.957080,0.324337,0.000000,0.000000,0.000000,1.000000
453,0.998088,0.034507,-0.051273,0.127532,0.018775,-0.959697,-0.280410,-0.090714,-0.058883,0.278911,-0.958510,0.317028,0.000000,0.000000,0.000000,1.000000
257,0.998702,0.049215,0.013086,-0.009044,0.050832,-0.947923,-0.314418,0.034661,-0.003070,0.314675,-0.949195,0.273941,0.000000,0.000000,0.000000,1.000000
539,0.998606,0.049174,-0.019206,-0.141738,0.041665,-0.957533,-0.285296,-0.095250,-0.032420,0.284098,-0.958247,0.324449,0.000000,0.000000,0.000000,1.000000
453,0.998294,0.031150,-0.049383,0.127713,0.016471,-0.961687,-0.273654,-0.090827,-0.056016,0.272374,-0.960559,0.317792,0.000000,0.000000,0.000000,1.000000
257,0.998668,0.050416,0.011017,-0.009193,0.051364,-0.950459,-0.306577,0.034696,-0.004986,0.306735,-0.951782,0.274344,0.000000,0.000000,0.000000,1.000000
539,0.998679,0.047572,-0.019429,-0.141743,0.039957,-0.956643,-0.288510,-0.095338,-0.032311,0.287352,-0.957280,0.324468,0.000000,0.000000,0.000000,1.000000
453,0.998415,0.032750,-0.045768,0.127560,0.018861,-0.960924,-0.276169,-0.090719,-0.053024,0.274868,-0.960019,0.317379,0.000000,0.000000,0.000000,1.000000
257,0.998668,0.050416,0.011017,-0.009193,0.051364,-0.950459,-0.306577,0.034696,-0.004986,0.306735,-0.951782,0.274344,0.000000,0.000000,0.000000,1.000000
539,0.998642,0.048836,-0.018160,-0.141757,0.041638,-0.957538,-0.285285,-0.095410,-0.031321,0.284142,-0.958271,0.324503,0.000000,0.000000,0.000000,1.000000
453,0.998041,0.034663,-0.052079,0.127739,0.018928,-0.960759,-0.276738,-0.090890,-0.059628,0.275210,-0.959533,0.317717,0.000000,0.000000,0.000000,1.000000
257,0.998645,0.051678,0.006202,-0.009154,0.051138,-0.951984,-0.301846,0.034827,-0.009694,0.301754,-0.953336,0.274218,0.000000,0.000000,0.000000,1.000000
539,0.998606,0.049174,-0.019206,-0.141738,0.041665,-0.957533,-0.285296,-0.095250,-0.032420,0.284098,-0.958247,0.324449,0.000000,0.000000,0.000000,1.000000
453,0.997792,0.036914,-0.055221,0.127539,0.020115,-0.960242,-0.278445,-0.090821,-0.063304,0.276719,-0.958863,0.317443,0.000000,0.000000,0.000000,1.000000
257,0.998668,0.050416,0.011017,-0.009193,0.051364,-0.950459,-0.306577,0.034696,-0.004986,0.306735,-0.951782,0.274344,0.000000,0.000000,0.000000,1.000000
539,0.998606,0.049174,-0.019206,-0.141738,0.041665,-0.957533,-0.285296,-0.095250,-0.032420,0.284098,-0.958247,0.324449,0.000000,0.000000,0.000000,1.000000
453,0.998189,0.034611,-0.049197,0.127605,0.019732,-0.961031,-0.275735,-0.090711,-0.056824,0.274265,-0.959974,0.317351,0.000000,0.000000,0.000000,1.000000
257,0.998692,0.051071,-0.002629,-0.009400,0.048149,-0.956387,-0.288108,0.034879,-0.017229,0.287604,-0.957594,0.274488,0.000000,0.000000,0.000000,1.000000
539,0.998642,0.048836,-0.018160,-0.141757,0.041638,-0.957538,-0.285285,-0.095410,-0.031321,0.284142,-0.958271,0.324503,0.000000,0.000000,0.000000,1.000000
453,0.997792,0.036914,-0.055221,0.127539,0.020115,-0.960242,-0.278445,-0.090821,-0.063304,0.276719,-0.958863,0.317443,0.000000,0.000000,0.000000,1.000000
257,0.998678,0.049063,0.015337,-0.009089,0.051396,-0.947516,-0.315550,0.034590,-0.000950,0.315921,-0.948785,0.273936,0.000000,0.000000,0.000000,1.000000
539,0.998462,0.050841,-0.022114,-0.141649,0.042405,-0.957252,-0.286130,-0.095232,-0.035715,0.284752,-0.957936,0.324377,0.000000,0.000000,0.000000,1.000000
453,0.997845,0.033466,-0.056438,0.127708,0.016470,-0.960360,-0.278274,-0.090697,-0.063514,0.276745,-0.958842,0.317522,0.000000,0.000000,0.000000,1.000000
257,0.998770,0.049311,0.005153,-0.009139,0.048457,-0.948867,-0.311936,0.034523,-0.010492,0.311802,-0.950089,0.273764,0.000000,0.000000,0.000000,1.000000
539,0.998550,0.049081,-0.022113,-0.141528,0.040773,-0.957766,-0.284642,-0.095320,-0.035150,0.283328,-0.958379,0.323939,0.000000,0.000000,0.000000,1.000000
453,0.997851,0.033415,-0.056355,0.127694,0.016460,-0.960434,-0.278022,-0.090976,-0.063415,0.276497,-0.958920,0.317476,0.000000,0.000000,0.000000,1.000000
257,0.998699,0.047584,0.018326,-0.009027,0.050897,-0.952059,-0.301650,0.034778,0.003094,0.302191,-0.953242,0.274306,0.000000,0.000000,0.000000,1.000000
539,0.998826,0.045527,-0.016526,-0.141601,0.038808,-0.956436,-0.289353,-0.095306,-0.028979,0.288372,-0.957080,0.324337,0.000000,0.000000,0.000000,1.000000
453,0.998041,0.034663,-0.052079,0.127739,0.018928,-0.960759,-0.276738,-0.090890,-0.059628,0.275210,-0.959533,0.317717,0.000000,0.000000,0.000000,1.000000
257,0.998671,0.050147,0.011893,-0.009051,0.051323,-0.946644,-0.318167,0.034594,-0.004697,0.318355,-0.947960,0.274028,0.000000,0.000000,0.000000,1.000000
539,0.998462,0.050841,-0.022114,-0.141649,0.042405,-0.957252,-0.286130,-0.095232,-0.035715,0.284752,-0.957936,0.324377,0.000000,0.000000,0.000000,1.000000
453,0.998434,0.031108,-0.046487,0.127578,0.017276,-0.961952,-0.272673,-0.090647,-0.053200,0.271443,-0.960983,0.317421,0.000000,0.000000,0.000000,1.000000
257,0.998718,0.050606,0.000714,-0.009244,0.048439,-0.951684,-0.303234,0.034625,-0.014666,0.302880,-0.952916,0.274155,0.000000,0.000000,0.000000,1.000000
539,0.998637,0.047987,-0.020544,-0.141481,0.039930,-0.955749,-0.291462,-0.095282,-0.033621,0.290244,-0.956362,0.323715,0.000000,0.000000,0.000000,1.000000
453,0.998041,0.034663,-0.052079,0.127739,0.018928,-0.960759,-0.276738,-0.090890,-0.059628,0.275210,-0.959533,0.317717,0.000000,0.000000,0.000000,1.000000
257,0.998675,0.050367,0.010584,-0.009050,0.051162,-0.949222,-0.310418,0.034726,-0.005588,0.310548,-0.950541,0.273828,0.000000,0.000000,0.000000,1.000000
539,0.998403,0.052484,-0.020892,-0.141890,0.044506,-0.958605,-0.281238,-0.095351,-0.034787,0.279860,-0.959410,0.324605,0.000000,0.000000,0.000000,1.000000
453,0.998041,0.034663,-0.052079,0.127739,0.018928,-0.960759,-0.276738,-0.090890,-0.059628,0.275210,-0.959533,0.317717,0.000000,0.000000,0.000000,1.000000
257,0.998686,0.049786,0.012163,-0.008995,0.051138,-0.952366,-0.300640,0.034844,-0.003384,0.300867,-0.953660,0.274279,0.000000,0.000000,0.000000,1.000000
539,0.998606,0.049174,-0.019206,-0.141738,0.041665,-0.957533,-0.285296,-0.095250,-0.032420,0.284098,-0.958247,0.324449,0.000000,0.000000,0.000000,1.000000
453,0.998088,0.034507,-0.051273,0.127532,0.018775,-0.959697,-0.280410,-0.090714,-0.058883,0.278911,-0.958510,0.317028,0.000000,0.000000,0.000000,1.000000
257,0.998718,0.050606,0.000714,-0.009244,0.048439,-0.951684,-0.303234,0.034625,-0.014666,0.302880,-0.952916,0.274155,0.000000,0.000000,0.000000,1.000000
539,0.998583,0.047821,-0.023359,-0.141514,0.039091,-0.956878,-0.287847,-0.095249,-0.036117,0.286526,-0.957391,0.323906,0.000000,0.000000,0.000000,1.000000
453,0.997867,0.037695,-0.053299,0.127751,0.021315,-0.959833,-0.279761,-0.090796,-0.061703,0.278028,-0.958589,0.317595,0.000000,0.000000,0.000000,1.000000
257,0.998671,0.050641,0.009627,-0.009193,0.051204,-0.953058,-0.298426,0.034830,-0.005937,0.298523,-0.954384,0.274137,0.000000,0.000000,0.000000,1.000000
539,0.998550,0.049081,-0.022113,-0.141528,0.040773,-0.957766,-0.284642,-0.095320,-0.035150,0.283328,-0.958379,0.323939,0.000000,0.000000,0.000000,1.000000
453,0.997792,0.036914,-0.055221,0.127539,0.020115,-0.960242,-0.278445,-0.090821,-0.063304,0.276719,-0.958863,0.317443,0.000000,0.000000,0.000000,1.000000
257,0.998703,0.048143,0.016567,-0.009082,0.050909,-0.948837,-0.311636,0.034659,0.000717,0.312076,-0.950057,0.273850,0.000000,0.000000,0.000000,1.000000
539,0.998606,0.049174,-0.019206,-0.141738,0.041665,-0.957533,-0.285296,-0.095250,-0.032420,0.284098,-0.958247,0.324449,0.000000,0.000000,0.000000,1.000000
453,0.998043,0.035040,-0.051800,0.127497,0.019238,-0.960148,-0.278831,-0.090831,-0.059506,0.277289,-0.958942,0.317478,0.000000,0.000000,0.000000,1.000000
257,0.998827,0.047778,0.007896,-0.009078,0.047958,-0.953329,-0.298102,0.034711,-0.006715,0.298131,-0.954501,0.274129,0.000000,0.000000,0.000000,1.000000
539,0.998741,0.045788,-0.020466,-0.141375,0.037944,-0.956676,-0.288671,-0.095217,-0.032797,0.287531,-0.957210,0.323778,0.000000,0.000000,0.000000,1.000000
453,0.998012,0.033353,-0.053471,0.127562,0.017265,-0.960715,-0.276999,-0.090798,-0.060609,0.275525,-0.959381,0.317115,0.000000,0.000000,0.000000,1.000000
257,0.998692,0.051071,-0.002629,-0.009400,0.048149,-0.956387,-0.288108,0.034879,-0.017229,0.287604,-0.957594,0.274488,0.000000,0.000000,0.000000,1.000000
539,0.998606,0.049174,-0.019206,-0.141738,0.041665,-0.957533,-0.285296,-0.095250,-0.032420,0.284098,-0.958247,0.324449,0.000000,0.000000,0.000000,1.000000
453,0.998041,0.034663,-0.052079,0.127739,0.018928,-0.960759,-0.276738,-0.090890,-0.059628,0.275210,-0.959533,0.317717,0.000000,0.000000,0.000000,1.000000
257,0.998678,0.049063,0.015337,-0.009089,0.051396,-0.947516,-0.315550,0.034590,-0.000950,0.315921,-0.948785,0.273936,0.000000,0.000000,0.000000,1.000000
539,0.998556,0.048999,-0.022026,-0.141553,0.040710,-0.957699,-0.284877,-0.095046,-0.035053,0.283569,-0.958311,0.323998,0.000000,0.000000,0.000000,1.000000
453,0.998043,0.035040,-0.051800,0.127497,0.019238,-0.960148,-0.278831,-0.090831,-0.059506,0.277289,-0.958942,0.317478,0.000000,0.000000,0.000000,1.000000
257,0.998770,0.049311,0.005153,-0.009139,0.048457,-0.948867,-0.311936,0.034523,-0.010492,0.311802,-0.950089,0.273764,0.000000,0.000000,0.000000,1.000000
539,0.998550,0.049081,-0.022113,-0.141528,0.040773,-0.957766,-0.284642,-0.095320,-0.035150,0.283328,-0.958379,0.323939,0.000000,0.000000,0.000000,1.000000
453,0.998088,0.034507,-0.051273,0.127532,0.018775,-0.959697,-0.280410,-0.090714,-0.058883,0.278911,-0.958510,0.317028,0.000000,0.000000,0.000000,1.000000
257,0.998596,0.052942,0.001958,-0.009257,0.051190,-0.954699,-0.293139,0.034929,-0.013651,0.292827,-0.956068,0.274597,0.000000,0.000000,0.000000,1.000000
539,0.998606,0.049159,-0.019198,-0.141521,0.041544,-0.956577,-0.288506,-0.095080,-0.032547,0.287306,-0.957286,0.323808,0.000000,0.000000,0.000000,1.000000
453,0.997792,0.036914,-0.055221,0.127539,0.020115,-0.960242,-0.278445,-0.090821,-0.063304,0.276719,-0.958863,0.317443,0.000000,0.000000,0.000000,1.000000
257,0.998699,0.047584,0.018326,-0.009027,0.050897,-0.952059,-0.301650,0.034778,0.003094,0.302191,-0.953242,0.274306,0.000000,0.000000,0.000000,1.000000
539,0.998405,0.050659,-0.024928,-0.141464,0.041445,-0.957416,-0.285720,-0.095027,-0.038341,0.284231,-0.957989,0.323925,0.000000,0.000000,0.000000,1.000000
453,0.998111,0.032695,-0.052014,0.127569,0.016820,-0.959710,-0.280489,-0.090814,-0.059089,0.279084,-0.958447,0.317668,0.000000,0.000000,0.000000,1.000000
257,0.998827,0.047778,0.007896,-0.009078,0.047958,-0.953329,-0.298102,0.034711,-0.006715,0.298131,-0.954501,0.274129,0.000000,0.000000,0.000000,1.000000
539,0.998568,0.048714,-0.022107,-0.141301,0.040362,-0.957292,-0.286290,-0.095270,-0.035109,0.284988,-0.957888,0.323743,0.000000,0.000000,0.000000,1.000000
453,0.997841,0.036378,-0.054677,0.127574,0.019648,-0.959794,-0.280018,-0.090704,-0.062665,0.278339,-0.958436,0.316994,0.000000,0.000000,0.000000,1.000000
257,0.998525,0.052791,0.012712,-0.009204,0.054187,-0.953667,-0.295945,0.035004,-0.003500,0.296197,-0.955120,0.274802,0.000000,0.000000,0.000000,1.000000
539,0.998556,0.048999,-0.022026,-0.141553,0.040710,-0.957699,-0.284877,-0.095046,-0.035053,0.283569,-0.958311,0.323998,0.000000,0.000000,0.000000,1.000000
453,0.997949,0.036850,-0.052342,0.127406,0.020918,-0.960522,-0.277416,-0.090643,-0.060499,0.275752,-0.959323,0.317081,0.000000,0.000000,0.000000,1.000000
257,0.998678,0.049063,0.015337,-0.009089,0.051396,-0.947516,-0.315550,0.034590,-0.000950,0.315921,-0.948785,0.273936,0.000000,0.000000,0.000000,1.000000
539,0.998826,0.045527,-0.016526,-0.141601,0.038808,-0.956436,-0.289353,-0.095306,-0.028979,0.288372,-0.957080,0.324337,0.000000,0.000000,0.000000,1.000000
453,0.997691,0.037974,-0.056305,0.127378,0.020377,-0.958250,-0.285206,-0.090649,-0.064785,0.283400,-0.956811,0.317267,0.000000,0.000000,0.000000,1.000000
257,0.998699,0.047584,0.018326,-0.009027,0.050897,-0.952059,-0.301650,0.034778,0.003094,0.302191,-0.953242,0.274306,0.000000,0.000000,0.000000,1.000000
539,0.998826,0.045527,-0.016526,-0.141601,0.038808,-0.956436,-0.289353,-0.095306,-0.028979,0.288372,-0.957080,0.324337,0.000000,0.000000,0.000000,1.000000
453,0.998088,0.034507,-0.051273,0.127532,0.018775,-0.959697,-0.280410,-0.090714,-0.058883,0.278911,-0.958510,0.317028,0.000000,0.000000,0.000000,1.000000
257,0.998697,0.049471,0.012518,-0.009185,0.050938,-0.951738,-0.302654,0.034764,-0.003059,0.302897,-0.953018,0.274255,0.000000,0.000000,0.000000,1.000000
539,0.998556,0.048999,-0.022026,-0.141553,0.040710,-0.957699,-0.284877,-0.095046,-0.035053,0.283569,-0.958311,0.323998,0.000000,0.000000,0.000000,1.000000
453,0.998041,0.034663,-0.052079,0.127739,0.018928,-0.960759,-0.276738,-0.090890,-0.059628,0.275210,-0.959533,0.317717,0.000000,0.000000,0.000000,1.000000
257,0.998761,0.049438,0.005606,-0.009195,0.048749,-0.949799,-0.309038,0.034612,-0.009953,0.308929,-0.951033,0.273835,0.000000,0.000000,0.000000,1.000000
539,0.998679,0.047572,-0.019429,-0.141743,0.039957,-0.956643,-0.288510,-0.095338,-0.032311,0.287352,-0.957280,0.324468,0.000000,0.000000,0.000000,1.000000
453,0.997864,0.034570,-0.055425,0.127611,0.017695,-0.959811,-0.280090,-0.090805,-0.062880,0.278511,-0.958373,0.317634,0.000000,0.000000,0.000000,1.000000
257,0.998704,0.048610,0.015056,-0.008987,0.050886,-0.951083,-0.304715,0.034779,-0.000493,0.305086,-0.952325,0.274398,0.000000,0.000000,0.000000,1.000000
539,0.998606,0.049174,-0.019206,-0.141738,0.041665,-0.957533,-0.285296,-0.095250,-0.032420,0.284098,-0.958247,0.324449,0.000000,0.000000,0.000000,1.000000
453,0.998434,0.031108,-0.046487,0.127578,0.017276,-0.961952,-0.272673,-0.090647,-0.053200,0.271443,-0.960983,0.317421,0.000000,0.000000,0.000000,1.000000
257,0.998697,0.049471,0.012518,-0.009185,0.050938,-0.951738,-0.302654,0.034764,-0.003059,0.302897,-0.953018,0.274255,0.000000,0.000000,0.000000,1.000000
539,0.998606,0.049174,-0.019206,-0.141738,0.041665,-0.957533,-0.285296,-0.095250,-0.032420,0.284098,-0.958247,0.324449,0.000000,0.000000,0.000000,1.000000
453,0.998041,0.034663,-0.052079,0.127739,0.018928,-0.960759,-0.276738,-0.090890,-0.059628,0.275210,-0.959533,0.317717,0.000000,0.000000,0.000000,1.000000
257,0.998636,0.051924,0.005416,-0.009296,0.051270,-0.955914,-0.289136,0.034935,-0.009836,0.289020,-0.957273,0.274524,0.000000,0.000000,0.000000,1.000000
539,0.998403,0.052484,-0.020892,-0.141890,0.044506,-0.958605,-0.281238,-0.095351,-0.034787,0.279860,-0.959410,0.324605,0.000000,0.000000,0.000000,1.000000
453,0.998041,0.034663,-0.052079,0.127739,0.018928,-0.960759,-0.276738,-0.090890,-0.059628,0.275210,-0.959533,0.317717,0.000000,0.000000,0.000000,1.000000
257,0.998704,0.048610,0.015056,-0.008987,0.050886,-0.951083,-0.304715,0.034779,-0.000493,0.305086,-0.952325,0.274398,0.000000,0.000000,0.000000,1.000000
539,0.998606,0.049174,-0.019206,-0.141738,0.041665,-0.957533,-0.285296,-0.095250,-0.032420,0.284098,-0.958247,0.324449,0.000000,0.000000,0.000000,1.000000
453,0.998041,0.034663,-0.052079,0.127739,0.018928,-0.960759,-0.276738,-0.090890,-0.059628,0.275210,-0.959533,0.317717,0.000000,0.000000,0.000000,1.000000
257,0.998770,0.049311,0.005153,-0.009139,0.048457,-0.948867,-0.311936,0.034523,-0.010492,0.311802,-0.950089,0.273764,0.000000,0.000000,0.000000,1.000000
539,0.998826,0.045527,-0.016526,-0.141601,0.038808,-0.956436,-0.289353,-0.095306,-0.028979,0.288372,-0.957080,0.324337,0.000000,0.000000,0.000000,1.000000
453,0.998088,0.034507,-0.051273,0.127532,0.018775,-0.959697,-0.280410,-0.090714,-0.058883,0.278911,-0.958510,0.317028,0.000000,0.000000,0.000000,1.000000
257,0.998697,0.049471,0.012518,-0.009185,0.050938,-0.951738,-0.302654,0.034764,-0.003059,0.302897,-0.953018,0.274255,0.000000,0.000000,0.000000,1.000000
539,0.998550,0.049081,-0.022113,-0.141528,0.040773,-0.957766,-0.284642,-0.095320,-0.035150,0.283328,-0.958379,0.323939,0.000000,0.000000,0.000000,1.000000
453,0.997792,0.036914,-0.055221,0.127539,0.020115,-0.960242,-0.278445,-0.090821,-0.063304,0.276719,-0.958863,0.317443,0.000000,0.000000,0.000000,1.000000
257,0.998671,0.050147,0.011893,-0.009051,0.051323,-0.946644,-0.318167,0.034594,-0.004697,0.318355,-0.947960,0.274028,0.000000,0.000000,0.000000,1.000000
539,0.998606,0.049174,-0.019206,-0.141738,0.041665,-0.957533,-0.285296,-0.095250,-0.032420,0.284098,-0.958247,0.324449,0.000000,0.000000,0.000000,1.000000
453,0.998415,0.032750,-0.045768,0.127560,0.018861,-0.960924,-0.276169,-0.090719,-0.053024,0.274868,-0.960019,0.317379,0.000000,0.000000,0.000000,1.000000
257,0.998703,0.048143,0.016567,-0.009082,0.050909,-0.948837,-0.311636,0.034659,0.000717,0.312076,-0.950057,0.273850,0.000000,0.000000,0.000000,1.000000
539,0.998826,0.045527,-0.016526,-0.141601,0.038808,-0.956436,-0.289353,-0.095306,-0.028979,0.288372,-0.957080,0.324337,0.000000,0.000000,0.000000,1.000000
453,0.998088,0.034507,-0.051273,0.127532,0.018775,-0.959697,-0.280410,-0.090714,-0.058883,0.278911,-0.958510,0.317028,0.000000,0.000000,0.000000,1.000000
257,0.998703,0.048143,0.016567,-0.009082,0.050909,-0.948837,-0.311636,0.034659,0.000717,0.312076,-0.950057,0.273850,0.000000,0.000000,0.000000,1.000000
539,0.998443,0.051212,-0.022128,-0.141876,0.042818,-0.957725,-0.284479,-0.095281,-0.035761,0.283089,-0.958427,0.324573,0.000000,0.000000,0.000000,1.000000
453,0.997934,0.034571,-0.054147,0.127664,0.017966,-0.959412,-0.281437,-0.090892,-0.061678,0.279883,-0.958051,0.317389,0.000000,0.000000,0.000000,1.000000
257,0.998678,0.049063,0.015337,-0.009089,0.051396,-0.947516,-0.315550,0.034590,-0.000950,0.315921,-0.948785,0.273936,0.000000,0.000000,0.000000,1.000000
539,0.998826,0.045527,-0.016526,-0.141601,0.038808,-0.956436,-0.289353,-0.095306,-0.028979,0.288372,-0.957080,0.324337,0.000000,0.000000,0.000000,1.000000
453,0.998434,0.031108,-0.046487,0.127578,0.017276,-0.961952,-0.272673,-0.090647,-0.053200,0.271443,-0.960983,0.317421,0.000000,0.000000,0.000000,1.000000
257,0.998656,0.050233,0.012777,-0.009096,0.051713,-0.948889,-0.311346,0.034656,-0.003516,0.311588,-0.950211,0.273828,0.000000,0.000000,0.000000,1.000000
539,0.998679,0.047572,-0.019429,-0.141743,0.039957,-0.956643,-0.288510,-0.095338,-0.032311,0.287352,-0.957280,0.324468,0.000000,0.000000,0.000000,1.000000
453,0.998088,0.034507,-0.051273,0.127532,0.018775,-0.959697,-0.280410,-0.090714,-0.058883,0.278911,-0.958510,0.317028,0.000000,0.000000,0.000000,1.000000
257,0.998697,0.049471,0.012518,-0.009185,0.050938,-0.951738,-0.302654,0.034764,-0.003059,0.302897,-0.953018,0.274255,0.000000,0.000000,0.000000,1.000000
539,0.998826,0.045527,-0.016526,-0.141601,0.038808,-0.956436,-0.289353,-0.095306,-0.028979,0.288372,-0.957080,0.324337,0.000000,0.000000,0.000000,1.000000
453,0.998041,0.034663,-0.052079,0.127739,0.018928,-0.960759,-0.276738,-0.090890,-0.059628,0.275210,-0.959533,0.317717,0.000000,0.000000,0.000000,1.000000
257,0.998703,0.048143,0.016567,-0.009082,0.050909,-0.948837,-0.311636,0.034659,0.000717,0.312076,-0.950057,0.273850,0.000000,0.000000,0.000000,1.000000
539,0.998556,0.048999,-0.022026,-0.141553,0.040710,-0.957699,-0.284877,-0.095046,-0.035053,0.283569,-0.958311,0.323998,0.000000,0.000000,0.000000,1.000000
453,0.998041,0.034663,-0.052079,0.127739,0.018928,-0.960759,-0.276738,-0.090890,-0.059628,0.275210,-0.959533,0.317717,0.000000,0.000000,0.000000,1.000000
257,0.998635,0.051589,0.008139,-0.009201,0.051635,-0.951835,-0.302233,0.034762,-0.007845,0.302240,-0.953199,0.274230,0.000000,0.000000,0.000000,1.000000
539,0.998679,0.047572,-0.019429,-0.141743,0.039957,-0.956643,-0.288510,-0.095338,-0.032311,0.287352,-0.957280,0.324468,0.000000,0.000000,0.000000,1.000000
453,0.998088,0.034507,-0.051273,0.127532,0.018775,-0.959697,-0.280410,-0.090714,-0.058883,0.278911,-0.958510,0.317028,0.000000,0.000000,0.000000,1.000000
257,0.998703,0.048143,0.016567,-0.009082,0.050909,-0.948837,-0.311636,0.034659,0.000717,0.312076,-0.950057,0.273850,0.000000,0.000000,0.000000,1.000000
539,0.998679,0.047566,-0.019437,-0.141525,0.039841,-0.955681,-0.291696,-0.095167,-0.032450,0.290537,-0.956313,0.323826,0.000000,0.000000,0.000000,1.000000
453,0.998189,0.034611,-0.049197,0.127605,0.019732,-0.961031,-0.275735,-0.090711,-0.056824,0.274265,-0.959974,0.317351,0.000000,0.000000,0.000000,1.000000
257,0.998678,0.049063,0.015337,-0.009089,0.051396,-0.947516,-0.315550,0.034590,-0.000950,0.315921,-0.948785,0.273936,0.000000,0.000000,0.000000,1.000000
539,0.998826,0.045527,-0.016526,-0.141601,0.038808,-0.956436,-0.289353,-0.095306,-0.028979,0.288372,-0.957080,0.324337,0.000000,0.000000,0.000000,1.000000
453,0.998041,0.034663,-0.052079,0.127739,0.018928,-0.960759,-0.276738,-0.090890,-0.059628,0.275210,-0.959533,0.317717,0.000000,0.000000,0.000000,1.000000
257,0.998723,0.050475,0.002294,-0.009147,0.048733,-0.950276,-0.307571,0.034590,-0.013345,0.307290,-0.951522,0.273652,0.000000,0.000000,0.000000,1.000000
539,0.998679,0.047572,-0.019429,-0.141743,0.039957,-0.956643,-0.288510,-0.095338,-0.032311,0.287352,-0.957280,0.324468,0.000000,0.000000,0.000000,1.000000
453,0.998088,0.034507,-0.051273,0.127532,0.018775,-0.959697,-0.280410,-0.090714,-0.058883,0.278911,-0.958510,0.317028,0.000000,0.000000,0.000000,1.000000
257,0.998703,0.048143,0.016567,-0.009082,0.050909,-0.948837,-0.311636,0.034659,0.000717,0.312076,-0.950057,0.273850,0.000000,0.000000,0.000000,1.000000
539,0.998444,0.051195,-0.022100,-0.141659,0.042690,-0.956772,-0.287689,-0.095111,-0.035872,0.286298,-0.957469,0.323933,0.000000,0.000000,0.000000,1.000000
453,0.998088,0.034507,-0.051273,0.127532,0.018775,-0.959697,-0.280410,-0.090714,-0.058883,0.278911,-0.958510,0.317028,0.000000,0.000000,0.000000,1.000000
257,0.998809,0.048371,0.006337,-0.009133,0.047967,-0.950085,-0.308283,0.034590,-0.008891,0.308220,-0.951274,0.273672,0.000000,0.000000,0.000000,1.000000
539,0.998443,0.051212,-0.022128,-0.141876,0.042818,-0.957725,-0.284479,-0.095281,-0.035761,0.283089,-0.958427,0.324573,0.000000,0.000000,0.000000,1.000000
453,0.998041,0.034663,-0.052079,0.127739,0.018928,-0.960759,-0.276738,-0.090890,-0.059628,0.275210,-0.959533,0.317717,0.000000,0.000000,0.000000,1.000000
257,0.998678,0.049063,0.015337,-0.009089,0.051396,-0.947516,-0.315550,0.034590,-0.000950,0.315921,-0.948785,0.273936,0.000000,0.000000,0.000000,1.000000
539,0.998826,0.045527,-0.016526,-0.141601,0.038808,-0.956436,-0.289353,-0.095306,-0.028979,0.288372,-0.957080,0.324337,0.000000,0.000000,0.000000,1.000000
453,0.998088,0.034507,-0.051273,0.127532,0.018775,-0.959697,-0.280410,-0.090714,-0.058883,0.278911,-0.958510,0.317028,0.000000,0.000000,0.000000,1.000000
257,0.998671,0.050641,0.009627,-0.009193,0.051204,-0.953058,-0.298426,0.034830,-0.005937,0.298523,-0.954384,0.274137,0.000000,0.000000,0.000000,1.000000
539,0.998549,0.050662,-0.018242,-0.141635,0.043216,-0.956128,-0.289746,-0.095424,-0.032120,0.288537,-0.956930,0.324239,0.000000,0.000000,0.000000,1.000000
453,0.998041,0.034663,-0.052079,0.127739,0.018928,-0.960759,-0.276738,-0.090890,-0.059628,0.275210,-0.959533,0.317717,0.000000,0.000000,0.000000,1.000000
257,0.998827,0.047778,0.007896,-0.009078,0.047958,-0.953329,-0.298102,0.034711,-0.006715,0.298131,-0.954501,0.274129,0.000000,0.000000,0.000000,1.000000
539,0.998679,0.047572,-0.019429,-0.141743,0.039957,-0.956643,-0.288510,-0.095338,-0.032311,0.287352,-0.957280,0.324468,0.000000,0.000000,0.000000,1.000000
453,0.997934,0.034571,-0.054147,0.127664,0.017966,-0.959412,-0.281437,-0.090892,-0.061678,0.279883,-0.958051,0.317389,0.000000,0.000000,0.000000,1.000000
257,0.998703,0.048143,0.016567,-0.009082,0.050909,-0.948837,-0.311636,0.034659,0.000717,0.312076,-0.950057,0.273850,0.000000,0.000000,0.000000,1.000000
539,0.998556,0.048999,-0.022026,-0.141553,0.040710,-0.957699,-0.284877,-0.095046,-0.035053,0.283569,-0.958311,0.323998,0.000000,0.000000,0.000000,1.000000
453,0.998041,0.034663,-0.052079,0.127739,0.018928,-0.960759,-0.276738,-0.090890,-0.059628,0.275210,-0.959533,0.317717,0.000000,0.000000,0.000000,1.000000
257,0.998770,0.049311,0.005153,-0.009139,0.048457,-0.948867,-0.311936,0.034523,-0.010492,0.311802,-0.950089,0.273764,0.000000,0.000000,0.000000,1.000000
539,0.998583,0.047821,-0.023359,-0.141514,0.039091,-0.956878,-0.287847,-0.095249,-0.036117,0.286526,-0.957391,0.323906,0.000000,0.000000,0.000000,1.000000
453,0.998088,0.034507,-0.051273,0.127532,0.018775,-0.959697,-0.280410,-0.090714,-0.058883,0.278911,-0.958510,0.317028,0.000000,0.000000,0.000000,1.000000
257,0.998671,0.050641,0.009627,-0.009193,0.051204,-0.953058,-0.298426,0.034830,-0.005937,0.298523,-0.954384,0.274137,0.000000,0.000000,0.000000,1.000000
539,0.998550,0.049081,-0.022113,-0.141528,0.040773,-0.957766,-0.284642,-0.095320,-0.035150,0.283328,-0.958379,0.323939,0.000000,0.000000,0.000000,1.000000
453,0.998088,0.034507,-0.051273,0.127532,0.018775,-0.959697,-0.280410,-0.090714,-0.058883,0.278911,-0.958510,0.317028,0.000000,0.000000,0.000000,1.000000
257,0.998702,0.049215,0.013086,-0.009044,0.050832,-0.947923,-0.314418,0.034661,-0.003070,0.314675,-0.949195,0.273941,0.000000,0.000000,0.000000,1.000000
539,0.998606,0.049174,-0.019206,-0.141738,0.041665,-0.957533,-0.285296,-0.095250,-0.032420,0.284098,-0.958247,0.324449,0.000000,0.000000,0.000000,1.000000
453,0.998041,0.034663,-0.052079,0.127739,0.018928,-0.960759,-0.276738,-0.090890,-0.059628,0.275210,-0.959533,0.317717,0.000000,0.000000,0.000000,1.000000
257,0.998765,0.049642,0.002154,-0.009235,0.048006,-0.952855,-0.299603,0.034692,-0.012821,0.299336,-0.954062,0.274060,0.000000,0.000000,0.000000,1.000000
539,0.998810,0.045897,-0.016518,-0.141830,0.039214,-0.956919,-0.287694,-0.095356,-0.029011,0.286704,-0.957580,0.324537,0.000000,0.000000,0.000000,1.000000
453,0.998088,0.034507,-0.051273,0.127532,0.018775,-0.959697,-0.280410,-0.090714,-0.058883,0.278911,-0.958510,0.317028,0.000000,0.000000,0.000000,1.000000
257,0.998699,0.047584,0.018326,-0.009027,0.050897,-0.952059,-0.301650,0.034778,0.003094,0.302191,-0.953242,0.274306,0.000000,0.000000,0.000000,1.000000
539,0.998642,0.048836,-0.018160,-0.141757,0.041638,-0.957538,-0.285285,-0.095410,-0.031321,0.284142,-0.958271,0.324503,0.000000,0.000000,0.000000,1.000000
453,0.998041,0.034663,-0.052079,0.127739,0.018928,-0.960759,-0.276738,-0.090890,-0.059628,0.275210,-0.959533,0.317717,0.000000,0.000000,0.000000,1.000000
257,0.998703,0.048143,0.016567,-0.009082,0.050909,-0.948837,-0.311636,0.034659,0.000717,0.312076,-0.950057,0.273850,0.000000,0.000000,0.000000,1.000000
539,0.998826,0.045527,-0.016526,-0.141601,0.038808,-0.956436,-0.289353,-0.095306,-0.028979,0.288372,-0.957080,0.324337,0.000000,0.000000,0.000000,1.000000
453,0.998088,0.034507,-0.051273,0.127532,0.018775,-0.959697,-0.280410,-0.090714,-0.058883,0.278911,-0.958510,0.317028,0.000000,0.000000,0.000000,1.000000
257,0.998678,0.049063,0.015337,-0.009089,0.051396,-0.947516,-0.315550,0.034590,-0.000950,0.315921,-0.948785,0.273936,0.000000,0.000000,0.000000,1.000000
539,0.998679,0.047572,-0.019429,-0.141743,0.039957,-0.956643,-0.288510,-0.095338,-0.032311,0.287352,-0.957280,0.324468,0.000000,0.000000,0.000000,1.000000
453,0.998088,0.034507,-0.051273,0.127532,0.018775,-0.959697,-0.280410,-0.090714,-0.058883,0.278911,-0.958510,0.317028,0.000000,0.000000,0.000000,1.000000
257,0.998671,0.050641,0.009627,-0.009193,0.051204,-0.953058,-0.298426,0.034830,-0.005937,0.298523,-0.954384,0.274137,0.000000,0.000000,0.000000,1.000000
539,0.998679,0.047572,-0.019429,-0.141743,0.039957,-0.956643,-0.288510,-0.095338,-0.032311,0.287352,-0.957280,0.324468,0.000000,0.000000,0.000000,1.000000
453,0.998041,0.034663,-0.052079,0.127739,0.018928,-0.960759,-0.276738,-0.090890,-0.059628,0.275210,-0.959533,0.317717,0.000000,0.000000,0.000000,1.000000
257,0.998791,0.048686,0.006743,-0.009086,0.048441,-0.951813,-0.302828,0.034890,-0.008325,0.302789,-0.953021,0.274293,0.000000,0.000000,0.000000,1.000000
539,0.998606,0.049174,-0.019206,-0.141738,0.041665,-0.957533,-0.285296,-0.095250,-0.032420,0.284098,-0.958247,0.324449,0.000000,0.000000,0.000000,1.000000
453,0.998041,0.034663,-0.052079,0.127739,0.018928,-0.960759,-0.276738,-0.090890,-0.059628,0.275210,-0.959533,0.317717,0.000000,0.000000,0.000000,1.000000
257,0.998639,0.051301,0.009405,-0.009057,0.051658,-0.947989,-0.314082,0.034659,-0.007197,0.314140,-0.949349,0.273919,0.000000,0.000000,0.000000,1.000000
539,0.998826,0.045527,-0.016526,-0.141601,0.038808,-0.956436,-0.289353,-0.095306,-0.028979,0.288372,-0.957080,0.324337,0.000000,0.000000,0.000000,1.000000
453,0.998041,0.034663,-0.052079,0.127739,0.018928,-0.960759,-0.276738,-0.090890,-0.059628,0.275210,-0.959533,0.317717,0.000000,0.000000,0.000000,1.000000
257,0.998703,0.048143,0.016567,-0.009082,0.050909,-0.948837,-0.311636,0.034659,0.000717,0.312076,-0.950057,0.273850,0.000000,0.000000,0.000000,1.000000
539,0.998679,0.047572,-0.019429,-0.141743,0.039957,-0.956643,-0.288510,-0.095338,-0.032311,0.287352,-0.957280,0.324468,0.000000,0.000000,0.000000,1.000000
453,0.998041,0.034663,-0.052079,0.127739,0.018928,-0.960759,-0.276738,-0.090890,-0.059628,0.275210,-0.959533,0.317717,0.000000,0.000000,0.000000,1.000000
257,0.998703,0.048143,0.016567,-0.009082,0.050909,-0.948837,-0.311636,0.034659,0.000717,0.312076,-0.950057,0.273850,0.000000,0.000000,0.000000,1.000000
539,0.998826,0.045527,-0.016526,-0.141601,0.038808,-0.956436,-0.289353,-0.095306,-0.028979,0.288372,-0.957080,0.324337,0.000000,0.000000,0.000000,1.000000
453,0.998088,0.034507,-0.051273,0.127532,0.018775,-0.959697,-0.280410,-0.090714,-0.058883,0.278911,-0.958510,0.317028,0.000000,0.000000,0.000000,1.000000
257,0.998678,0.049063,0.015337,-0.009089,0.051396,-0.947516,-0.315550,0.034590,-0.000950,0.315921,-0.948785,0.273936,0.000000,0.000000,0.000000,1.000000
539,0.998443,0.051212,-0.022128,-0.141876,0.042818,-0.957725,-0.284479,-0.095281,-0.035761,0.283089,-0.958427,0.324573,0.000000,0.000000,0.000000,1.000000
453,0.998088,0.034507,-0.051273,0.127532,0.018775,-0.959697,-0.280410,-0.090714,-0.058883,0.278911,-0.958510,0.317028,0.000000,0.000000,0.000000,1.000000
257,0.998686,0.049309,0.013993,-0.009089,0.051222,-0.950162,-0.307521,0.034724,-0.001868,0.307834,-0.951438,0.273739,0.000000,0.000000,0.000000,1.000000
539,0.998443,0.051212,-0.022128,-0.141876,0.042818,-0.957725,-0.284479,-0.095281,-0.035761,0.283089,-0.958427,0.324573,0.000000,0.000000,0.000000,1.000000
453,0.998041,0.034663,-0.052079,0.127739,0.018928,-0.960759,-0.276738,-0.090890,-0.059628,0.275210,-0.959533,0.317717,0.000000,0.000000,0.000000,1.000000
257,0.998819,0.047943,0.007844,-0.009137,0.048117,-0.954081,-0.295658,0.034795,-0.006691,0.295686,-0.955262,0.274183,0.000000,0.000000,0.000000,1.000000
539,0.998403,0.052484,-0.020892,-0.141890,0.044506,-0.958605,-0.281238,-0.095351,-0.034787,0.279860,-0.959410,0.324605,0.000000,0.000000,0.000000,1.000000
453,0.998041,0.034663,-0.052079,0.127739,0.018928,-0.960759,-0.276738,-0.090890,-0.059628,0.275210,-0.959533,0.317717,0.000000,0.000000,0.000000,1.000000
257,0.998703,0.048143,0.016567,-0.009082,0.050909,-0.948837,-0.311636,0.034659,0.000717,0.312076,-0.950057,0.273850,0.000000,0.000000,0.000000,1.000000
539,0.998826,0.045527,-0.016526,-0.141601,0.038808,-0.956436,-0.289353,-0.095306,-0.028979,0.288372,-0.957080,0.324337,0.000000,0.000000,0.000000,1.000000
453,0.998088,0.034507,-0.051273,0.127532,0.018775,-0.959697,-0.280410,-0.090714,-0.058883,0.278911,-0.958510,0.317028,0.000000,0.000000,0.000000,1.000000
257,0.998703,0.048143,0.016567,-0.009082,0.050909,-0.948837,-0.311636,0.034659,0.000717,0.312076,-0.950057,0.273850,0.000000,0.000000,0.000000,1.000000
539,0.998606,0.049174,-0.019206,-0.141738,0.041665,-0.957533,-0.285296,-0.095250,-0.032420,0.284098,-0.958247,0.324449,0.000000,0.000000,0.000000,1.000000
453,0.998088,0.034507,-0.051273,0.127532,0.018775,-0.959697,-0.280410,-0.090714,-0.058883,0.278911,-0.958510,0.317028,0.000000,0.000000,0.000000,1.000000
257,0.998678,0.049063,0.015337,-0.009089,0.051396,-0.947516,-0.315550,0.034590,-0.000950,0.315921,-0.948785,0.273936,0.000000,0.000000,0.000000,1.000000
539,0.998679,0.047572,-0.019429,-0.141743,0.039957,-0.956643,-0.288510,-0.095338,-0.032311,0.287352,-0.957280,0.324468,0.000000,0.000000,0.000000,1.000000
453,0.997934,0.034571,-0.054147,0.127664,0.017966,-0.959412,-0.281437,-0.090892,-0.061678,0.279883,-0.958051,0.317389,0.000000,0.000000,0.000000,1.000000
257,0.998703,0.048143,0.016567,-0.009082,0.050909,-0.948837,-0.311636,0.034659,0.000717,0.312076,-0.950057,0.273850,0.000000,0.000000,0.000000,1.000000
539,0.998826,0.045527,-0.016526,-0.141601,0.038808,-0.956436,-0.289353,-0.095306,-0.028979,0.288372,-0.957080,0.324337,0.000000,0.000000,0.000000,1.000000
453,0.998088,0.034507,-0.051273,0.127532,0.018775,-0.959697,-0.280410,-0.090714,-0.058883,0.278911,-0.958510,0.317028,0.000000,0.000000,0.000000,1.000000
257,0.998678,0.049063,0.015337,-0.009089,0.051396,-0.947516,-0.315550,0.034590,-0.000950,0.315921,-0.948785,0.273936,0.000000,0.000000,0.000000,1.000000
539,0.998443,0.051212,-0.022128,-0.141876,0.042818,-0.957725,-0.284479,-0.095281,-0.035761,0.283089,-0.958427,0.324573,0.000000,0.000000,0.000000,1.000000
453,0.998088,0.034507,-0.051273,0.127532,0.018775,-0.959697,-0.280410,-0.090714,-0.058883,0.278911,-0.958510,0.317028,0.000000,0.000000,0.000000,1.000000
257,0.998770,0.049311,0.005153,-0.009139,0.048457,-0.948867,-0.311936,0.034523,-0.010492,0.311802,-0.950089,0.273764,0.000000,0.000000,0.000000,1.000000
539,0.998679,0.047572,-0.019429,-0.141743,0.039957,-0.956643,-0.288510,-0.095338,-0.032311,0.287352,-0.957280,0.324468,0.000000,0.000000,0.000000,1.000000
453,0.998189,0.034611,-0.049197,0.127605,0.019732,-0.961031,-0.275735,-0.090711,-0.056824,0.274265,-0.959974,0.317351,0.000000,0.000000,0.000000,1.000000
257,0.998699,0.047584,0.018326,-0.009027,0.050897,-0.952059,-0.301650,0.034778,0.003094,0.302191,-0.953242,0.274306,0.000000,0.000000,0.000000,1.000000
539,0.998741,0.045788,-0.020466,-0.141375,0.037944,-0.956676,-0.288671,-0.095217,-0.032797,0.287531,-0.957210,0.323778,0.000000,0.000000,0.000000,1.000000
453,0.998088,0.034507,-0.051273,0.127532,0.018775,-0.959697,-0.280410,-0.090714,-0.058883,0.278911,-0.958510,0.317028,0.000000,0.000000,0.000000,1.000000
257,0.998697,0.049471,0.012518,-0.009185,0.050938,-0.951738,-0.302654,0.034764,-0.003059,0.302897,-0.953018,0.274255,0.000000,0.000000,0.000000,1.000000
539,0.998826,0.045527,-0.016526,-0.141601,0.038808,-0.956436,-0.289353,-0.095306,-0.028979,0.288372,-0.957080,0.324337,0.000000,0.000000,0.000000,1.000000
453,0.998041,0.034663,-0.052079,0.127739,0.018928,-0.960759,-0.276738,-0.090890,-0.059628,0.275210,-0.959533,0.317717,0.000000,0.000000,0.000000,1.000000
257,0.998678,0.049063,0.015337,-0.009089,0.051396,-0.947516,-0.315550,0.034590,-0.000950,0.315921,-0.948785,0.273936,0.000000,0.000000,0.000000,1.000000
539,0.998443,0.051212,-0.022128,-0.141876,0.042818,-0.957725,-0.284479,-0.095281,-0.035761,0.283089,-0.958427,0.324573,0.000000,0.000000,0.000000,1.000000
453,0.998088,0.034507,-0.051273,0.127532,0.018775,-0.959697,-0.280410,-0.090714,-0.058883,0.278911,-0.958510,0.317028,0.000000,0.000000,0.000000,1.000000
257,0.998809,0.048371,0.006337,-0.009133,0.047967,-0.950085,-0.308283,0.034590,-0.008891,0.308220,-0.951274,0.273672,0.000000,0.000000,0.000000,1.000000
539,0.998826,0.045527,-0.016526,-0.141601,0.038808,-0.956436,-0.289353,-0.095306,-0.028979,0.288372,-0.957080,0.324337,0.000000,0.000000,0.000000,1.000000
453,0.998189,0.034611,-0.049197,0.127605,0.019732,-0.961031,-0.275735,-0.090711,-0.056824,0.274265,-0.959974,0.317351,0.000000,0.000000,0.000000,1.000000
257,0.998703,0.048143,0.016567,-0.009082,0.050909,-0.948837,-0.311636,0.034659,0.000717,0.312076,-0.950057,0.273850,0.000000,0.000000,0.000000,1.000000
539,0.998443,0.051212,-0.022128,-0.141876,0.042818,-0.957725,-0.284479,-0.095281,-0.035761,0.283089,-0.958427,0.324573,0.000000,0.000000,0.000000,1.000000
453,0.998088,0.034507,-0.051273,0.127532,0.018775,-0.959697,-0.280410,-0.090714,-0.058883,0.278911,-0.958510,0.317028,0.000000,0.000000,0.000000,1.000000
257,0.998791,0.048686,0.006743,-0.009086,0.048441,-0.951813,-0.302828,0.034890,-0.008325,0.302789,-0.953021,0.274293,0.000000,0.000000,0.000000,1.000000
539,0.998606,0.049174,-0.019206,-0.141738,0.041665,-0.957533,-0.285296,-0.095250,-0.032420,0.284098,-0.958247,0.324449,0.000000,0.000000,0.000000,1.000000
453,0.998088,0.034507,-0.051273,0.127532,0.018775,-0.959697,-0.280410,-0.090714,-0.058883,0.278911,-0.958510,0.317028,0.000000,0.000000,0.000000,1.000000
257,0.998678,0.049063,0.015337,-0.009089,0.051396,-0.947516,-0.315550,0.034590,-0.000950,0.315921,-0.948785,0.273936,0.000000,0.000000,0.000000,1.000000
539,0.998826,0.045527,-0.016526,-0.141601,0.038808,-0.956436,-0.289353,-0.095306,-0.028979,0.288372,-0.957080,0.324337,0.000000,0.000000,0.000000,1.000000
453,0.998088,0.034507,-0.051273,0.127532,0.018775,-0.959697,-0.280410,-0.090714,-0.058883,0.278911,-0.958510,0.317028,0.000000,0.000000,0.000000,1.000000
257,0.998678,0.049063,0.015337,-0.009089,0.051396,-0.947516,-0.315550,0.034590,-0.000950,0.315921,-0.948785,0.273936,0.000000,0.000000,0.000000,1.000000
539,0.998642,0.048836,-0.018160,-0.141757,0.041638,-0.957538,-0.285285,-0.095410,-0.031321,0.284142,-0.958271,0.324503,0.000000,0.000000,0.000000,1.000000
453,0.998041,0.034663,-0.052079,0.127739,0.018928,-0.960759,-0.276738,-0.090890,-0.059628,0.275210,-0.959533,0.317717,0.000000,0.000000,0.000000,1.000000
257,0.998702,0.049215,0.013086,-0.009044,0.050832,-0.947923,-0.314418,0.034661,-0.003070,0.314675,-0.949195,0.273941,0.000000,0.000000,0.000000,1.000000
539,0.998826,0.045527,-0.016526,-0.141601,0.038808,-0.956436,-0.289353,-0.095306,-0.028979,0.288372,-0.957080,0.324337,0.000000,0.000000,0.000000,1.000000
453,0.998088,0.034507,-0.051273,0.127532,0.018775,-0.959697,-0.280410,-0.090714,-0.058883,0.278911,-0.958510,0.317028,0.000000,0.000000,0.000000,1.000000
257,0.998827,0.047778,0.007896,-0.009078,0.047958,-0.953329,-0.298102,0.034711,-0.006715,0.298131,-0.954501,0.274129,0.000000,0.000000,0.000000,1.000000
539,0.998679,0.047566,-0.019437,-0.141525,0.039841,-0.955681,-0.291696,-0.095167,-0.032450,0.290537,-0.956313,0.323826,0.000000,0.000000,0.000000,1.000000
453,0.998088,0.034507,-0.051273,0.127532,0.018775,-0.959697,-0.280410,-0.090714,-0.058883,0.278911,-0.958510,0.317028,0.000000,0.000000,0.000000,1.000000
257,0.998678,0.049063,0.015337,-0.009089,0.051396,-0.947516,-0.315550,0.034590,-0.000950,0.315921,-0.948785,0.273936,0.000000,0.000000,0.000000,1.000000
539,0.998826,0.045527,-0.016526,-0.141601,0.038808,-0.956436,-0.289353,-0.095306,-0.028979,0.288372,-0.957080,0.324337,0.000000,0.000000,0.000000,1.000000
453,0.998041,0.034663,-0.052079,0.127739,0.018928,-0.960759,-0.276738,-0.090890,-0.059628,0.275210,-0.959533,0.317717,0.000000,0.000000,0.000000,1.000000
257,0.998770,0.049311,0.005153,-0.009139,0.048457,-0.948867,-0.311936,0.034523,-0.010492,0.311802,-0.950089,0.273764,0.000000,0.000000,0.000000,1.000000
539,0.998826,0.045527,-0.016526,-0.141601,0.038808,-0.956436,-0.289353,-0.095306,-0.028979,0.288372,-0.957080,0.324337,0.000000,0.000000,0.000000,1.000000
453,0.998088,0.034507,-0.051273,0.127532,0.018775,-0.959697,-0.280410,-0.090714,-0.058883,0.278911,-0.958510,0.317028,0.000000,0.000000,0.000000,1.000000
257,0.998809,0.048371,0.006337,-0.009133,0.047967,-0.950085,-0.308283,0.034590,-0.008891,0.308220,-0.951274,0.273672,0.000000,0.000000,0.000000,1.000000
539,0.998826,0.045527,-0.016526,-0.141601,0.038808,-0.956436,-0.289353,-0.095306,-0.028979,0.288372,-0.957080,0.324337,0.000000,0.000000,0.000000,1.000000
453,0.998041,0.034663,-0.052079,0.127739,0.018928,-0.960759,-0.276738,-0.090890,-0.059628,0.275210,-0.959533,0.317717,0.000000,0.000000,0.000000,1.000000
257,0.998678,0.049063,0.015337,-0.009089,0.051396,-0.947516,-0.315550,0.034590,-0.000950,0.315921,-0.948785,0.273936,0.000000,0.000000,0.000000,1.000000
539,0.998826,0.045527,-0.016526,-0.141601,0.038808,-0.956436,-0.289353,-0.095306,-0.028979,0.288372,-0.957080,0.324337,0.000000,0.000000,0.000000,1.000000
453,0.998041,0.034663,-0.052079,0.127739,0.018928,-0.960759,-0.276738,-0.090890,-0.059628,0.275210,-0.959533,0.317717,0.000000,0.000000,0.000000,1.000000
257,0.998678,0.049063,0.015337,-0.009089,0.051396,-0.947516,-0.315550,0.034590,-0.000950,0.315921,-0.948785,0.273936,0.000000,0.000000,0.000000,1.000000
539,0.998826,0.045527,-0.016526,-0.141601,0.038808,-0.956436,-0.289353,-0.095306,-0.028979,0.288372,-0.957080,0.324337,0.000000,0.000000,0.000000,1.000000
453,0.998088,0.034507,-0.051273,0.127532,0.018775,-0.959697,-0.280410,-0.090714,-0.058883,0.278911,-0.958510,0.317028,0.000000,0.000000,0.000000,1.000000
257,0.998678,0.049063,0.015337,-0.009089,0.051396,-0.947516,-0.315550,0.034590,-0.000950,0.315921,-0.948785,0.273936,0.000000,0.000000,0.000000,1.000000
539,0.998696,0.047205,-0.019429,-0.141515,0.039550,-0.956162,-0.290155,-0.095288,-0.032274,0.289008,-0.956783,0.324270,0.000000,0.000000,0.000000,1.000000
453,0.998041,0.034663,-0.052079,0.127739,0.018928,-0.960759,-0.276738,-0.090890,-0.059628,0.275210,-0.959533,0.317717,0.000000,0.000000,0.000000,1.000000
257,0.998703,0.048143,0.016567,-0.009082,0.050909,-0.948837,-0.311636,0.034659,0.000717,0.312076,-0.950057,0.273850,0.000000,0.000000,0.000000,1.000000
539,0.998826,0.045527,-0.016526,-0.141601,0.038808,-0.956436,-0.289353,-0.095306,-0.028979,0.288372,-0.957080,0.324337,0.000000,0.000000,0.000000,1.000000
453,0.998088,0.034507,-0.051273,0.127532,0.018775,-0.959697,-0.280410,-0.090714,-0.058883,0.278911,-0.958510,0.317028,0.000000,0.000000,0.000000,1.000000
257,0.998809,0.048371,0.006337,-0.009133,0.047967,-0.950085,-0.308283,0.034590,-0.008891,0.308220,-0.951274,0.273672,0.000000,0.000000,0.000000,1.000000
539,0.998788,0.046791,-0.015238,-0.141617,0.040483,-0.957336,-0.286128,-0.095378,-0.027976,0.285165,-0.958070,0.324374,0.000000,0.000000,0.000000,1.000000
453,0.998189,0.034611,-0.049197,0.127605,0.019732,-0.961031,-0.275735,-0.090711,-0.056824,0.274265,-0.959974,0.317351,0.000000,0.000000,0.000000,1.000000
257,0.998703,0.048143,0.016567,-0.009082,0.050909,-0.948837,-0.311636,0.034659,0.000717,0.312076,-0.950057,0.273850,0.000000,0.000000,0.000000,1.000000
539,0.998788,0.046791,-0.015238,-0.141617,0.040483,-0.957336,-0.286128,-0.095378,-0.027976,0.285165,-0.958070,0.324374,0.000000,0.000000,0.000000,1.000000
453,0.998041,0.034663,-0.052079,0.127739,0.018928,-0.960759,-0.276738,-0.090890,-0.059628,0.275210,-0.959533,0.317717,0.000000,0.000000,0.000000,1.000000
257,0.998703,0.048143,0.016567,-0.009082,0.050909,-0.948837,-0.311636,0.034659,0.000717,0.312076,-0.950057,0.273850,0.000000,0.000000,0.000000,1.000000
539,0.998826,0.045524,-0.016555,-0.141383,0.038699,-0.955470,-0.292539,-0.095134,-0.029135,0.291555,-0.956110,0.323694,0.000000,0.000000,0.000000,1.000000
453,0.998041,0.034663,-0.052079,0.127739,0.018928,-0.960759,-0.276738,-0.090890,-0.059628,0.275210,-0.959533,0.317717,0.000000,0.000000,0.000000,1.000000
257,0.998703,0.048143,0.016567,-0.009082,0.050909,-0.948837,-0.311636,0.034659,0.000717,0.312076,-0.950057,0.273850,0.000000,0.000000,0.000000,1.000000
539,0.998783,0.045367,-0.019346,-0.141418,0.037855,-0.956609,-0.288906,-0.095103,-0.031613,0.287822,-0.957162,0.323890,0.000000,0.000000,0.000000,1.000000
453,0.998041,0.034663,-0.052079,0.127739,0.018928,-0.960759,-0.276738,-0.090890,-0.059628,0.275210,-0.959533,0.317717,0.000000,0.000000,0.000000,1.000000
257,0.998703,0.048143,0.016567,-0.009082,0.050909,-0.948837,-0.311636,0.034659,0.000717,0.312076,-0.950057,0.273850,0.000000,0.000000,0.000000,1.000000
539,0.998826,0.045527,-0.016526,-0.141601,0.038808,-0.956436,-0.289353,-0.095306,-0.028979,0.288372,-0.957080,0.324337,0.000000,0.000000,0.000000,1.000000
453,0.998041,0.034663,-0.052079,0.127739,0.018928,-0.960759,-0.276738,-0.090890,-0.059628,0.275210,-0.959533,0.317717,0.000000,0.000000,0.000000,1.000000
257,0.998678,0.049063,0.015337,-0.009089,0.051396,-0.947516,-0.315550,0.034590,-0.000950,0.315921,-0.948785,0.273936,0.000000,0.000000,0.000000,1.000000
539,0.998556,0.048999,-0.022026,-0.141553,0.040710,-0.957699,-0.284877,-0.095046,-0.035053,0.283569,-0.958311,0.323998,0.000000,0.000000,0.000000,1.000000
453,0.998043,0.035040,-0.051800,0.127497,0.019238,-0.960148,-0.278831,-0.090831,-0.059506,0.277289,-0.958942,0.317478,0.000000,0.000000,0.000000,1.000000
257,0.998668,0.050416,0.011017,-0.009193,0.051364,-0.950459,-0.306577,0.034696,-0.004986,0.306735,-0.951782,0.274344,0.000000,0.000000,0.000000,1.000000
539,0.998606,0.049174,-0.019206,-0.141738,0.041665,-0.957533,-0.285296,-0.095250,-0.032420,0.284098,-0.958247,0.324449,0.000000,0.000000,0.000000,1.000000
453,0.998041,0.034663,-0.052079,0.127739,0.018928,-0.960759,-0.276738,-0.090890,-0.059628,0.275210,-0.959533,0.317717,0.000000,0.000000,0.000000,1.000000
257,0.998636,0.051924,0.005416,-0.009296,0.051270,-0.955914,-0.289136,0.034935,-0.009836,0.289020,-0.957273,0.274524,0.000000,0.000000,0.000000,1.000000
539,0.998556,0.048999,-0.022026,-0.141553,0.040710,-0.957699,-0.284877,-0.095046,-0.035053,0.283569,-0.958311,0.323998,0.000000,0.000000,0.000000,1.000000
453,0.998041,0.034663,-0.052079,0.127739,0.018928,-0.960759,-0.276738,-0.090890,-0.059628,0.275210,-0.959533,0.317717,0.000000,0.000000,0.000000,1.000000
257,0.998702,0.049215,0.013086,-0.009044,0.050832,-0.947923,-0.314418,0.034661,-0.003070,0.314675,-0.949195,0.273941,0.000000,0.000000,0.000000,1.000000
539,0.998556,0.048999,-0.022026,-0.141553,0.040710,-0.957699,-0.284877,-0.095046,-0.035053,0.283569,-0.958311,0.323998,0.000000,0.000000,0.000000,1.000000
453,0.998294,0.031150,-0.049383,0.127713,0.016471,-0.961687,-0.273654,-0.090827,-0.056016,0.272374,-0.960559,0.317792,0.000000,0.000000,0.000000,1.000000
257,0.998702,0.049215,0.013086,-0.009044,0.050832,-0.947923,-0.314418,0.034661,-0.003070,0.314675,-0.949195,0.273941,0.000000,0.000000,0.000000,1.000000
539,0.998826,0.045527,-0.016526,-0.141601,0.038808,-0.956436,-0.289353,-0.095306,-0.028979,0.288372,-0.957080,0.324337,0.000000,0.000000,0.000000,1.000000
453,0.997792,0.036914,-0.055221,0.127539,0.020115,-0.960242,-0.278445,-0.090821,-0.063304,0.276719,-0.958863,0.317443,0.000000,0.000000,0.000000,1.000000
257,0.998666,0.050373,0.011318,-0.009192,0.051410,-0.950132,-0.307580,0.034941,-0.004740,0.307751,-0.951455,0.274413,0.000000,0.000000,0.000000,1.000000
539,0.998405,0.050659,-0.024928,-0.141464,0.041445,-0.957416,-0.285720,-0.095027,-0.038341,0.284231,-0.957989,0.323925,0.000000,0.000000,0.000000,1.000000
453,0.997618,0.037039,-0.058191,0.127684,0.019320,-0.959879,-0.279750,-0.090719,-0.066218,0.277959,-0.958308,0.317848,0.000000,0.000000,0.000000,1.000000
257,0.998697,0.049471,0.012518,-0.009185,0.050938,-0.951738,-0.302654,0.034764,-0.003059,0.302897,-0.953018,0.274255,0.000000,0.000000,0.000000,1.000000
539,0.998556,0.048999,-0.022026,-0.141553,0.040710,-0.957699,-0.284877,-0.095046,-0.035053,0.283569,-0.958311,0.323998,0.000000,0.000000,0.000000,1.000000
453,0.997714,0.038767,-0.055352,0.127741,0.021858,-0.960186,-0.278505,-0.090790,-0.063945,0.276658,-0.958838,0.318131,0.000000,0.000000,0.000000,1.000000
257,0.998699,0.047584,0.018326,-0.009027,0.050897,-0.952059,-0.301650,0.034778,0.003094,0.302191,-0.953242,0.274306,0.000000,0.000000,0.000000,1.000000
539,0.998788,0.046791,-0.015238,-0.141617,0.040483,-0.957336,-0.286128,-0.095378,-0.027976,0.285165,-0.958070,0.324374,0.000000,0.000000,0.000000,1.000000
453,0.998041,0.034663,-0.052079,0.127739,0.018928,-0.960759,-0.276738,-0.090890,-0.059628,0.275210,-0.959533,0.317717,0.000000,0.000000,0.000000,1.000000
257,0.998720,0.050562,0.001050,-0.009243,0.048485,-0.951372,-0.304206,0.034871,-0.014382,0.303868,-0.952606,0.274225,0.000000,0.000000,0.000000,1.000000
539,0.998606,0.049159,-0.019198,-0.141521,0.041544,-0.956577,-0.288506,-0.095080,-0.032547,0.287306,-0.957286,0.323808,0.000000,0.000000,0.000000,1.000000
453,0.998434,0.031108,-0.046487,0.127578,0.017276,-0.961952,-0.272673,-0.090647,-0.053200,0.271443,-0.960983,0.317421,0.000000,0.000000,0.000000,1.000000
257,0.998697,0.049471,0.012518,-0.009185,0.050938,-0.951738,-0.302654,0.034764,-0.003059,0.302897,-0.953018,0.274255,0.000000,0.000000,0.000000,1.000000
539,0.998443,0.051212,-0.022128,-0.141876,0.042818,-0.957725,-0.284479,-0.095281,-0.035761,0.283089,-0.958427,0.324573,0.000000,0.000000,0.000000,1.000000
453,0.997867,0.034947,-0.055138,0.127368,0.018000,-0.959193,-0.282178,-0.090744,-0.062750,0.280584,-0.957776,0.317394,0.000000,0.000000,0.000000,1.000000
257,0.998692,0.048774,0.015347,-0.009035,0.051132,-0.953373,-0.297432,0.034844,0.000125,0.297828,-0.954620,0.274190,0.000000,0.000000,0.000000,1.000000
539,0.998826,0.045527,-0.016526,-0.141601,0.038808,-0.956436,-0.289353,-0.095306,-0.028979,0.288372,-0.957080,0.324337,0.000000,0.000000,0.000000,1.000000
453,0.998041,0.034663,-0.052079,0.127739,0.018928,-0.960759,-0.276738,-0.090890,-0.059628,0.275210,-0.959533,0.317717,0.000000,0.000000,0.000000,1.000000
257,0.998720,0.050562,0.001050,-0.009243,0.048485,-0.951372,-0.304206,0.034871,-0.014382,0.303868,-0.952606,0.274225,0.000000,0.000000,0.000000,1.000000
539,0.998462,0.050841,-0.022114,-0.141649,0.042405,-0.957252,-0.286130,-0.095232,-0.035715,0.284752,-0.957936,0.324377,0.000000,0.000000,0.000000,1.000000
453,0.998035,0.034714,-0.052160,0.127754,0.018939,-0.960687,-0.276987,-0.090612,-0.059725,0.275455,-0.959457,0.317762,0.000000,0.000000,0.000000,1.000000
257,0.998668,0.050416,0.011017,-0.009193,0.051364,-0.950459,-0.306577,0.034696,-0.004986,0.306735,-0.951782,0.274344,0.000000,0.000000,0.000000,1.000000
539,0.998444,0.051195,-0.022100,-0.141659,0.042690,-0.956772,-0.287689,-0.095111,-0.035872,0.286298,-0.957469,0.323933,0.000000,0.000000,0.000000,1.000000
453,0.997867,0.034947,-0.055138,0.127368,0.018000,-0.959193,-0.282178,-0.090744,-0.062750,0.280584,-0.957776,0.317394,0.000000,0.000000,0.000000,1.000000
257,0.998703,0.048143,0.016567,-0.009082,0.050909,-0.948837,-0.311636,0.034659,0.000717,0.312076,-0.950057,0.273850,0.000000,0.000000,0.000000,1.000000
539,0.998708,0.047047,-0.019201,-0.141389,0.039621,-0.957570,-0.285466,-0.095289,-0.031817,0.284336,-0.958197,0.323813,0.000000,0.000000,0.000000,1.000000
453,0.998088,0.034507,-0.051273,0.127532,0.018775,-0.959697,-0.280410,-0.090714,-0.058883,0.278911,-0.958510,0.317028,0.000000,0.000000,0.000000,1.000000
257,0.998810,0.048117,0.007969,-0.009132,0.048158,-0.947128,-0.317222,0.034702,-0.007716,0.317228,-0.948318,0.273939,0.000000,0.000000,0.000000,1.000000
539,0.998405,0.050659,-0.024928,-0.141464,0.041445,-0.957416,-0.285720,-0.095027,-0.038341,0.284231,-0.957989,0.323925,0.000000,0.000000,0.000000,1.000000
453,0.997768,0.038599,-0.054498,0.127533,0.021692,-0.959119,-0.282172,-0.090613,-0.063162,0.280360,-0.957815,0.317439,0.000000,0.000000,0.000000,1.000000
257,0.998697,0.049471,0.012518,-0.009185,0.050938,-0.951738,-0.302654,0.034764,-0.003059,0.302897,-0.953018,0.274255,0.000000,0.000000,0.000000,1.000000
539,0.998386,0.051026,-0.024941,-0.141690,0.041859,-0.957887,-0.284078,-0.095076,-0.038386,0.282575,-0.958477,0.324120,0.000000,0.000000,0.000000,1.000000
453,0.997867,0.034947,-0.055138,0.127368,0.018000,-0.959193,-0.282178,-0.090744,-0.062750,0.280584,-0.957776,0.317394,0.000000,0.000000,0.000000,1.000000
257,0.998692,0.048774,0.015347,-0.009035,0.051132,-0.953373,-0.297432,0.034844,0.000125,0.297828,-0.954620,0.274190,0.000000,0.000000,0.000000,1.000000
539,0.998660,0.048464,-0.018158,-0.141530,0.041228,-0.957059,-0.286945,-0.095360,-0.031284,0.285812,-0.957775,0.324306,0.000000,0.000000,0.000000,1.000000
453,0.998088,0.034507,-0.051273,0.127532,0.018775,-0.959697,-0.280410,-0.090714,-0.058883,0.278911,-0.958510,0.317028,0.000000,0.000000,0.000000,1.000000
257,0.998596,0.052942,0.001958,-0.009257,0.051190,-0.954699,-0.293139,0.034929,-0.013651,0.292827,-0.956068,0.274597,0.000000,0.000000,0.000000,1.000000
539,0.998405,0.050659,-0.024928,-0.141464,0.041445,-0.957416,-0.285720,-0.095027,-0.038341,0.284231,-0.957989,0.323925,0.000000,0.000000,0.000000,1.000000
453,0.997793,0.033608,-0.057269,0.127917,0.016625,-0.961425,-0.274565,-0.090874,-0.064287,0.273007,-0.959862,0.318214,0.000000,0.000000,0.000000,1.000000
257,0.998697,0.049471,0.012518,-0.009185,0.050938,-0.951738,-0.302654,0.034764,-0.003059,0.302897,-0.953018,0.274255,0.000000,0.000000,0.000000,1.000000
